dex,name,type1,type2,area,how_obtained,source_url
1,Bulbasaur,Grass,Poison,Withered Wastelands; Bleak Beach; Rocky Ridges; Sparkling Skylands; Palette Town; Cloud Island,Befriend by building habitat: Tall Grass (Common); Bench with greenery (Common),https://www.serebii.net/pokemonpokopia/pokedex/bulbasaur.shtml | https://bulbapedia.bulbagarden.net/wiki/List_of_Pok%C3%A9mon_by_Pok%C3%A9dex_number_in_Pok%C3%A9mon_Pokopia
2,Ivysaur,Grass,Poison,Withered Wastelands; Bleak Beach; Rocky Ridges; Sparkling Skylands; Palette Town; Cloud Island,Befriend by building habitat: Field of Flowers (Rare); Bench with greenery (Rare),https://www.serebii.net/pokemonpokopia/pokedex/ivysaur.shtml | https://bulbapedia.bulbagarden.net/wiki/List_of_Pok%C3%A9mon_by_Pok%C3%A9dex_number_in_Pok%C3%A9mon_Pokopia
3,Venusaur,Grass,Poison,Withered Wastelands; Bleak Beach; Rocky Ridges; Sparkling Skylands; Palette Town; Cloud Island,Befriend by building habitat: Field of Flowers (Rare); Garden Terrace (Rare),https://www.serebii.net/pokemonpokopia/pokedex/venusaur.shtml | https://bulbapedia.bulbagarden.net/wiki/List_of_Pok%C3%A9mon_by_Pok%C3%A9dex_number_in_Pok%C3%A9mon_Pokopia
4,Charmander,Fire,,Withered Wastelands; Bleak Beach; Rocky Ridges; Sparkling Skylands; Palette Town; Cloud Island,Befriend by building habitat: Tall Grass (Common),https://www.serebii.net/pokemonpokopia/pokedex/charmander.shtml | https://bulbapedia.bulbagarden.net/wiki/List_of_Pok%C3%A9mon_by_Pok%C3%A9dex_number_in_Pok%C3%A9mon_Pokopia
5,Charmeleon,Fire,,Withered Wastelands; Bleak Beach; Rocky Ridges; Sparkling Skylands; Palette Town; Cloud Island,Befriend by building habitat: Campsite (Common),https://www.serebii.net/pokemonpokopia/pokedex/charmeleon.shtml | https://bulbapedia.bulbagarden.net/wiki/List_of_Pok%C3%A9mon_by_Pok%C3%A9dex_number_in_Pok%C3%A9mon_Pokopia
6,Charizard,Fire,Flying,Withered Wastelands; Bleak Beach; Rocky Ridges; Sparkling Skylands; Palette Town; Cloud Island,Befriend by building habitat: Tall Grass (Very Rare); Berry-feast Campsite (Rare). Restrictions: Tall Grass [weather: Sun/Cloud]; Berry-feast Campsite [weather: Sun/Cloud],https://www.serebii.net/pokemonpokopia/pokedex/charizard.shtml | https://bulbapedia.bulbagarden.net/wiki/List_of_Pok%C3%A9mon_by_Pok%C3%A9dex_number_in_Pok%C3%A9mon_Pokopia
7,Squirtle,Water,,Withered Wastelands; Bleak Beach; Rocky Ridges; Sparkling Skylands; Palette Town; Cloud Island,Befriend by building habitat: Tall Grass (Common); Hydrated tall grass (Common),https://www.serebii.net/pokemonpokopia/pokedex/squirtle.shtml | https://bulbapedia.bulbagarden.net/wiki/List_of_Pok%C3%A9mon_by_Pok%C3%A9dex_number_in_Pok%C3%A9mon_Pokopia
8,Wartortle,Water,,Withered Wastelands; Bleak Beach; Rocky Ridges; Sparkling Skylands; Palette Town; Cloud Island,Befriend by building habitat: Hydrated tall grass (Rare),https://www.serebii.net/pokemonpokopia/pokedex/wartortle.shtml | https://bulbapedia.bulbagarden.net/wiki/List_of_Pok%C3%A9mon_by_Pok%C3%A9dex_number_in_Pok%C3%A9mon_Pokopia
9,Blastoise,Water,,Withered Wastelands; Bleak Beach; Rocky Ridges; Sparkling Skylands; Palette Town; Cloud Island,Befriend by building habitat: Hydrated tall grass (Very Rare); Floating in the shade (Rare),https://www.serebii.net/pokemonpokopia/pokedex/blastoise.shtml | https://bulbapedia.bulbagarden.net/wiki/List_of_Pok%C3%A9mon_by_Pok%C3%A9dex_number_in_Pok%C3%A9mon_Pokopia
16,Pidgey,Normal,Flying,Withered Wastelands; Bleak Beach; Rocky Ridges; Sparkling Skylands; Palette Town; Cloud Island,Befriend by building habitat: Elevated tall grass (Common); Pretty flower bed (Common). Restrictions: Elevated tall grass [time: Morning/Day/Evening],https://www.serebii.net/pokemonpokopia/pokedex/pidgey.shtml | https://bulbapedia.bulbagarden.net/wiki/List_of_Pok%C3%A9mon_by_Pok%C3%A9dex_number_in_Pok%C3%A9mon_Pokopia
17,Pidgeotto,Normal,Flying,Withered Wastelands; Bleak Beach; Rocky Ridges; Sparkling Skylands; Palette Town; Cloud Island,Befriend by building habitat: Elevated tall grass (Rare); Pretty flower bed (Rare). Restrictions: Elevated tall grass [time: Morning/Day/Evening]; Pretty flower bed [time: Morning/Day/Evening],https://www.serebii.net/pokemonpokopia/pokedex/pidgeotto.shtml | https://bulbapedia.bulbagarden.net/wiki/List_of_Pok%C3%A9mon_by_Pok%C3%A9dex_number_in_Pok%C3%A9mon_Pokopia
18,Pidgeot,Normal,Flying,Withered Wastelands; Bleak Beach; Rocky Ridges; Sparkling Skylands; Palette Town; Cloud Island,Befriend by building habitat: Luxury chirp-chirp meal (Common). Restrictions: Luxury chirp-chirp meal [time: Morning/Day/Evening],https://www.serebii.net/pokemonpokopia/pokedex/pidgeot.shtml | https://bulbapedia.bulbagarden.net/wiki/List_of_Pok%C3%A9mon_by_Pok%C3%A9dex_number_in_Pok%C3%A9mon_Pokopia
43,Oddish,Grass,Poison,Withered Wastelands; Bleak Beach; Rocky Ridges; Sparkling Skylands; Palette Town; Cloud Island,Befriend by building habitat: Tall Grass (Common). Restrictions: Tall Grass [time: Night],https://www.serebii.net/pokemonpokopia/pokedex/oddish.shtml | https://bulbapedia.bulbagarden.net/wiki/List_of_Pok%C3%A9mon_by_Pok%C3%A9dex_number_in_Pok%C3%A9mon_Pokopia
44,Gloom,Grass,Poison,Withered Wastelands; Bleak Beach; Rocky Ridges; Sparkling Skylands; Palette Town; Cloud Island,Befriend by building habitat: Tropical vibes (Common),https://www.serebii.net/pokemonpokopia/pokedex/gloom.shtml | https://bulbapedia.bulbagarden.net/wiki/List_of_Pok%C3%A9mon_by_Pok%C3%A9dex_number_in_Pok%C3%A9mon_Pokopia
45,Vileplume,Grass,Poison,Withered Wastelands; Bleak Beach; Rocky Ridges; Sparkling Skylands; Palette Town; Cloud Island,Befriend by building habitat: Chansey Resting area (Rare),https://www.serebii.net/pokemonpokopia/pokedex/vileplume.shtml | https://bulbapedia.bulbagarden.net/wiki/List_of_Pok%C3%A9mon_by_Pok%C3%A9dex_number_in_Pok%C3%A9mon_Pokopia
182,Bellossom,Grass,,Withered Wastelands; Bleak Beach; Rocky Ridges; Sparkling Skylands; Palette Town; Cloud Island,Befriend by building habitat: Chansey Resting area (Rare),https://www.serebii.net/pokemonpokopia/pokedex/bellossom.shtml | https://bulbapedia.bulbagarden.net/wiki/List_of_Pok%C3%A9mon_by_Pok%C3%A9dex_number_in_Pok%C3%A9mon_Pokopia
46,Paras,Bug,Grass,Withered Wastelands; Bleak Beach; Rocky Ridges; Sparkling Skylands; Palette Town; Cloud Island,Befriend by building habitat: Elevated flower bed (Common); Flower garden (Common),https://www.serebii.net/pokemonpokopia/pokedex/paras.shtml | https://bulbapedia.bulbagarden.net/wiki/List_of_Pok%C3%A9mon_by_Pok%C3%A9dex_number_in_Pok%C3%A9mon_Pokopia
47,Parasect,Bug,Grass,Withered Wastelands; Bleak Beach; Rocky Ridges; Sparkling Skylands; Palette Town; Cloud Island,Befriend by building habitat: Elevated flower bed (Rare); Flower garden (Rare),https://www.serebii.net/pokemonpokopia/pokedex/parasect.shtml | https://bulbapedia.bulbagarden.net/wiki/List_of_Pok%C3%A9mon_by_Pok%C3%A9dex_number_in_Pok%C3%A9mon_Pokopia
48,Venonat,Bug,Poison,Withered Wastelands; Bleak Beach; Rocky Ridges; Sparkling Skylands; Palette Town; Cloud Island,Befriend by building habitat: Illuminated tall grass (Common); Illuminated bench (Common). Restrictions: Illuminated tall grass [time: Night]; Illuminated bench [time: Night],https://www.serebii.net/pokemonpokopia/pokedex/venonat.shtml | https://bulbapedia.bulbagarden.net/wiki/List_of_Pok%C3%A9mon_by_Pok%C3%A9dex_number_in_Pok%C3%A9mon_Pokopia
49,Venomoth,Bug,Poison,Withered Wastelands; Bleak Beach; Rocky Ridges; Sparkling Skylands; Palette Town; Cloud Island,Befriend by building habitat: Illuminated tall grass (Rare); Illuminated bench (Rare). Restrictions: Illuminated tall grass [time: Night]; Illuminated bench [time: Night],https://www.serebii.net/pokemonpokopia/pokedex/venomoth.shtml | https://bulbapedia.bulbagarden.net/wiki/List_of_Pok%C3%A9mon_by_Pok%C3%A9dex_number_in_Pok%C3%A9mon_Pokopia
69,Bellsprout,Grass,Poison,Withered Wastelands; Bleak Beach; Rocky Ridges; Sparkling Skylands; Palette Town; Cloud Island,Befriend by building habitat: Tree-shaded tall grass (Common),https://www.serebii.net/pokemonpokopia/pokedex/bellsprout.shtml | https://bulbapedia.bulbagarden.net/wiki/List_of_Pok%C3%A9mon_by_Pok%C3%A9dex_number_in_Pok%C3%A9mon_Pokopia
70,Weepinbell,Grass,Poison,Withered Wastelands; Bleak Beach; Rocky Ridges; Sparkling Skylands; Palette Town; Cloud Island,Befriend by building habitat: Flowery table (Rare); Irresistible scent and glow (Common),https://www.serebii.net/pokemonpokopia/pokedex/weepinbell.shtml | https://bulbapedia.bulbagarden.net/wiki/List_of_Pok%C3%A9mon_by_Pok%C3%A9dex_number_in_Pok%C3%A9mon_Pokopia
71,Victreebel,Grass,Poison,Withered Wastelands; Bleak Beach; Rocky Ridges; Sparkling Skylands; Palette Town; Cloud Island,Befriend by building habitat: Flowery table (Very Rare); Irresistible scent and glow (Rare),https://www.serebii.net/pokemonpokopia/pokedex/victreebel.shtml | https://bulbapedia.bulbagarden.net/wiki/List_of_Pok%C3%A9mon_by_Pok%C3%A9dex_number_in_Pok%C3%A9mon_Pokopia
79,Slowpoke,Water,Psychic,Withered Wastelands; Bleak Beach; Rocky Ridges; Sparkling Skylands; Palette Town; Cloud Island,Befriend by building habitat: Seaside Tall Grass (Common),https://www.serebii.net/pokemonpokopia/pokedex/slowpoke.shtml | https://bulbapedia.bulbagarden.net/wiki/List_of_Pok%C3%A9mon_by_Pok%C3%A9dex_number_in_Pok%C3%A9mon_Pokopia
80,Slowbro,Water,Psychic,Withered Wastelands; Bleak Beach; Rocky Ridges; Sparkling Skylands; Palette Town; Cloud Island,Befriend by building habitat: Seaside Tall Grass (Very Rare); Bed with a plush (Rare); Fishing pond (Rare),https://www.serebii.net/pokemonpokopia/pokedex/slowbro.shtml | https://bulbapedia.bulbagarden.net/wiki/List_of_Pok%C3%A9mon_by_Pok%C3%A9dex_number_in_Pok%C3%A9mon_Pokopia
199,Slowking,Water,Psychic,Withered Wastelands; Bleak Beach; Rocky Ridges; Sparkling Skylands; Palette Town; Cloud Island,Befriend by building habitat: Seaside Tall Grass (Very Rare); Bed with a plush (Rare); Fishing pond (Rare),https://www.serebii.net/pokemonpokopia/pokedex/slowking.shtml | https://bulbapedia.bulbagarden.net/wiki/List_of_Pok%C3%A9mon_by_Pok%C3%A9dex_number_in_Pok%C3%A9mon_Pokopia
81,Magnemite,Electric,Steel,Withered Wastelands; Bleak Beach; Rocky Ridges; Sparkling Skylands; Palette Town; Cloud Island,Befriend by building habitat: Factory Storage (Common),https://www.serebii.net/pokemonpokopia/pokedex/magnemite.shtml | https://bulbapedia.bulbagarden.net/wiki/List_of_Pok%C3%A9mon_by_Pok%C3%A9dex_number_in_Pok%C3%A9mon_Pokopia
82,Magneton,Electric,Steel,Withered Wastelands; Bleak Beach; Rocky Ridges; Sparkling Skylands; Palette Town; Cloud Island,Befriend by building habitat: Trash can central (Rare); Mini Game Corner (Common),https://www.serebii.net/pokemonpokopia/pokedex/magneton.shtml | https://bulbapedia.bulbagarden.net/wiki/List_of_Pok%C3%A9mon_by_Pok%C3%A9dex_number_in_Pok%C3%A9mon_Pokopia
462,Magnezone,Electric,Steel,Withered Wastelands; Bleak Beach; Rocky Ridges; Sparkling Skylands; Palette Town; Cloud Island,Befriend by building habitat: Trash can central (Very Rare); Mini Game Corner (Rare),https://www.serebii.net/pokemonpokopia/pokedex/magnezone.shtml | https://bulbapedia.bulbagarden.net/wiki/List_of_Pok%C3%A9mon_by_Pok%C3%A9dex_number_in_Pok%C3%A9mon_Pokopia
95,Onix,Rock,Ground,Withered Wastelands; Bleak Beach; Rocky Ridges; Sparkling Skylands; Palette Town; Cloud Island,Befriend by building habitat: Smooth tall grass (Common),https://www.serebii.net/pokemonpokopia/pokedex/onix.shtml | https://bulbapedia.bulbagarden.net/wiki/List_of_Pok%C3%A9mon_by_Pok%C3%A9dex_number_in_Pok%C3%A9mon_Pokopia
208,Steelix,Steel,Ground,Withered Wastelands; Bleak Beach; Rocky Ridges; Sparkling Skylands; Palette Town; Cloud Island,Befriend by building habitat: Clink-clang iron construction (Common),https://www.serebii.net/pokemonpokopia/pokedex/steelix.shtml | https://bulbapedia.bulbagarden.net/wiki/List_of_Pok%C3%A9mon_by_Pok%C3%A9dex_number_in_Pok%C3%A9mon_Pokopia
104,Cubone,Ground,,Withered Wastelands; Bleak Beach; Rocky Ridges; Sparkling Skylands; Palette Town; Cloud Island,Befriend by building habitat: Grave with flowers (Common),https://www.serebii.net/pokemonpokopia/pokedex/cubone.shtml | https://bulbapedia.bulbagarden.net/wiki/List_of_Pok%C3%A9mon_by_Pok%C3%A9dex_number_in_Pok%C3%A9mon_Pokopia
105,Marowak,Ground,,Withered Wastelands; Bleak Beach; Rocky Ridges; Sparkling Skylands; Palette Town; Cloud Island,Befriend by building habitat: Grave with flowers (Rare),https://www.serebii.net/pokemonpokopia/pokedex/marowak.shtml | https://bulbapedia.bulbagarden.net/wiki/List_of_Pok%C3%A9mon_by_Pok%C3%A9dex_number_in_Pok%C3%A9mon_Pokopia
236,Tyrogue,Fighting,,Withered Wastelands; Bleak Beach; Rocky Ridges; Sparkling Skylands; Palette Town; Cloud Island,Befriend by building habitat: Training waterfall (Common),https://www.serebii.net/pokemonpokopia/pokedex/tyrogue.shtml | https://bulbapedia.bulbagarden.net/wiki/List_of_Pok%C3%A9mon_by_Pok%C3%A9dex_number_in_Pok%C3%A9mon_Pokopia
106,Hitmonlee,Fighting,,Withered Wastelands; Bleak Beach; Rocky Ridges; Sparkling Skylands; Palette Town; Cloud Island,Befriend by building habitat: Urgent Care (Common),https://www.serebii.net/pokemonpokopia/pokedex/hitmonlee.shtml | https://bulbapedia.bulbagarden.net/wiki/List_of_Pok%C3%A9mon_by_Pok%C3%A9dex_number_in_Pok%C3%A9mon_Pokopia
107,Hitmonchan,Fighting,,Withered Wastelands; Bleak Beach; Rocky Ridges; Sparkling Skylands; Palette Town; Cloud Island,Befriend by building habitat: Exercise resting spot (Common),https://www.serebii.net/pokemonpokopia/pokedex/hitmonchan.shtml | https://bulbapedia.bulbagarden.net/wiki/List_of_Pok%C3%A9mon_by_Pok%C3%A9dex_number_in_Pok%C3%A9mon_Pokopia
237,Hitmontop,Fighting,,Withered Wastelands; Bleak Beach; Rocky Ridges; Sparkling Skylands; Palette Town; Cloud Island,Befriend by building habitat: Gym first aid (Common),https://www.serebii.net/pokemonpokopia/pokedex/hitmontop.shtml | https://bulbapedia.bulbagarden.net/wiki/List_of_Pok%C3%A9mon_by_Pok%C3%A9dex_number_in_Pok%C3%A9mon_Pokopia
109,Koffing,Poison,,Palette Town; Cloud Island,Befriend by building habitat: Trash collection site (Common),https://www.serebii.net/pokemonpokopia/pokedex/koffing.shtml | https://bulbapedia.bulbagarden.net/wiki/List_of_Pok%C3%A9mon_by_Pok%C3%A9dex_number_in_Pok%C3%A9mon_Pokopia
110,Weezing,Poison,,Palette Town; Cloud Island,Befriend by building habitat: Good old-fashioned antiques (Common); Trash collection site (Rare),https://www.serebii.net/pokemonpokopia/pokedex/weezing.shtml | https://bulbapedia.bulbagarden.net/wiki/List_of_Pok%C3%A9mon_by_Pok%C3%A9dex_number_in_Pok%C3%A9mon_Pokopia
114,Tangela,Grass,,Palette Town; Cloud Island,Befriend by building habitat: Nothin' but Poke Balls (Common),https://www.serebii.net/pokemonpokopia/pokedex/tangela.shtml | https://bulbapedia.bulbagarden.net/wiki/List_of_Pok%C3%A9mon_by_Pok%C3%A9dex_number_in_Pok%C3%A9mon_Pokopia
465,Tangrowth,Grass,,Cloud Island,Befriend by building habitat: Bench with greenery (Common),https://www.serebii.net/pokemonpokopia/pokedex/tangrowth.shtml | https://bulbapedia.bulbagarden.net/wiki/List_of_Pok%C3%A9mon_by_Pok%C3%A9dex_number_in_Pok%C3%A9mon_Pokopia
123,Scyther,Bug,Flying,Withered Wastelands; Bleak Beach; Rocky Ridges; Sparkling Skylands; Palette Town; Cloud Island,Befriend by building habitat: Tree-shaded tall grass (Common),https://www.serebii.net/pokemonpokopia/pokedex/scyther.shtml | https://bulbapedia.bulbagarden.net/wiki/List_of_Pok%C3%A9mon_by_Pok%C3%A9dex_number_in_Pok%C3%A9mon_Pokopia
212,Scizor,Bug,Steel,Palette Town; Cloud Island,Befriend by building habitat: Tree-shaded tall grass (Common),https://www.serebii.net/pokemonpokopia/pokedex/scizor.shtml | https://bulbapedia.bulbagarden.net/wiki/List_of_Pok%C3%A9mon_by_Pok%C3%A9dex_number_in_Pok%C3%A9mon_Pokopia
127,Pinsir,Bug,,Withered Wastelands; Bleak Beach; Rocky Ridges; Sparkling Skylands; Palette Town; Cloud Island,Befriend by building habitat: Tree-shaded tall grass (Rare),https://www.serebii.net/pokemonpokopia/pokedex/pinsir.shtml | https://bulbapedia.bulbagarden.net/wiki/List_of_Pok%C3%A9mon_by_Pok%C3%A9dex_number_in_Pok%C3%A9mon_Pokopia
129,Magikarp,Water,,Withered Wastelands; Bleak Beach; Rocky Ridges; Sparkling Skylands; Palette Town; Cloud Island,Befriend by building habitat: Ocean fishing spot (Common),https://www.serebii.net/pokemonpokopia/pokedex/magikarp.shtml | https://bulbapedia.bulbagarden.net/wiki/List_of_Pok%C3%A9mon_by_Pok%C3%A9dex_number_in_Pok%C3%A9mon_Pokopia
130,Gyarados,Water,Flying,Sparkling Skylands; Cloud Island,Befriend by building habitat: Illuminated waterfall (Common),https://www.serebii.net/pokemonpokopia/pokedex/gyarados.shtml | https://bulbapedia.bulbagarden.net/wiki/List_of_Pok%C3%A9mon_by_Pok%C3%A9dex_number_in_Pok%C3%A9mon_Pokopia
132,Ditto,Normal,,,Player character (Ditto); registered in the Pokédex automatically (Nintendo Life lists habitat N/A).,https://www.serebii.net/pokemonpokopia/pokedex/ditto.shtml | https://www.nintendolife.com/guides/pokemon-pokopia-complete-pokedex-all-pokemon-habitats
163,Hoothoot,Normal,Flying,Withered Wastelands; Bleak Beach; Rocky Ridges; Sparkling Skylands; Palette Town; Cloud Island,Befriend by building habitat: Elevated tall grass (Common); Pretty flower bed (Common); Gently lit bed (Common). Restrictions: Elevated tall grass [time: Night]; Pretty flower bed [time: Night]; Gently lit bed [time: Night],https://www.serebii.net/pokemonpokopia/pokedex/hoothoot.shtml | https://bulbapedia.bulbagarden.net/wiki/List_of_Pok%C3%A9mon_by_Pok%C3%A9dex_number_in_Pok%C3%A9mon_Pokopia
164,Noctowl,Normal,Flying,Withered Wastelands; Bleak Beach; Rocky Ridges; Sparkling Skylands; Palette Town; Cloud Island,Befriend by building habitat: Elevated tall grass (Rare); Gently lit bed (Rare). Restrictions: Elevated tall grass [time: Night],https://www.serebii.net/pokemonpokopia/pokedex/noctowl.shtml | https://bulbapedia.bulbagarden.net/wiki/List_of_Pok%C3%A9mon_by_Pok%C3%A9dex_number_in_Pok%C3%A9mon_Pokopia
214,Heracross,Bug,Fighting,Withered Wastelands; Bleak Beach; Rocky Ridges; Sparkling Skylands; Palette Town; Cloud Island,Befriend by building habitat: Tree-shaded tall grass (Rare),https://www.serebii.net/pokemonpokopia/pokedex/heracross.shtml | https://bulbapedia.bulbagarden.net/wiki/List_of_Pok%C3%A9mon_by_Pok%C3%A9dex_number_in_Pok%C3%A9mon_Pokopia
313,Volbeat,Bug,,Withered Wastelands; Bleak Beach; Rocky Ridges; Sparkling Skylands; Palette Town; Cloud Island,Befriend by building habitat: Hydrated flower bed (Rare),https://www.serebii.net/pokemonpokopia/pokedex/volbeat.shtml | https://bulbapedia.bulbagarden.net/wiki/List_of_Pok%C3%A9mon_by_Pok%C3%A9dex_number_in_Pok%C3%A9mon_Pokopia
314,Illumise,Bug,,Withered Wastelands; Bleak Beach; Rocky Ridges; Sparkling Skylands; Palette Town; Cloud Island,Befriend by building habitat: Hydrated flower bed (Rare),https://www.serebii.net/pokemonpokopia/pokedex/illumise.shtml | https://bulbapedia.bulbagarden.net/wiki/List_of_Pok%C3%A9mon_by_Pok%C3%A9dex_number_in_Pok%C3%A9mon_Pokopia
316,Gulpin,Poison,,Withered Wastelands; Cloud Island,Befriend by building habitat: Tantalizing dining set,https://www.serebii.net/pokemonpokopia/pokedex/gulpin.shtml | https://bulbapedia.bulbagarden.net/wiki/List_of_Pok%C3%A9mon_by_Pok%C3%A9dex_number_in_Pok%C3%A9mon_Pokopia
317,Swalot,Poison,,Withered Wastelands; Bleak Beach; Rocky Ridges; Sparkling Skylands; Palette Town; Cloud Island,Befriend by building habitat: Dinner table surprise (Rare),https://www.serebii.net/pokemonpokopia/pokedex/swalot.shtml | https://bulbapedia.bulbagarden.net/wiki/List_of_Pok%C3%A9mon_by_Pok%C3%A9dex_number_in_Pok%C3%A9mon_Pokopia
331,Cacnea,Grass,,Withered Wastelands; Bleak Beach; Rocky Ridges; Sparkling Skylands; Palette Town; Cloud Island,Befriend by building habitat: Sunny Day site (Common). Restrictions: Sunny Day site [weather: Sun],https://www.serebii.net/pokemonpokopia/pokedex/cacnea.shtml | https://bulbapedia.bulbagarden.net/wiki/List_of_Pok%C3%A9mon_by_Pok%C3%A9dex_number_in_Pok%C3%A9mon_Pokopia
332,Cacturne,Grass,Dark,Withered Wastelands; Bleak Beach; Rocky Ridges; Sparkling Skylands; Palette Town; Cloud Island,Befriend by building habitat: Tree-shaded flower bed (Rare). Restrictions: Tree-shaded flower bed [time: Night],https://www.serebii.net/pokemonpokopia/pokedex/cacturne.shtml | https://bulbapedia.bulbagarden.net/wiki/List_of_Pok%C3%A9mon_by_Pok%C3%A9dex_number_in_Pok%C3%A9mon_Pokopia
415,Combee,Bug,Flying,Withered Wastelands; Bleak Beach; Rocky Ridges; Sparkling Skylands; Palette Town; Cloud Island,Befriend by building habitat: Pretty flower bed (Common),https://www.serebii.net/pokemonpokopia/pokedex/combee.shtml | https://bulbapedia.bulbagarden.net/wiki/List_of_Pok%C3%A9mon_by_Pok%C3%A9dex_number_in_Pok%C3%A9mon_Pokopia
416,Vespiquen,Bug,Flying,Withered Wastelands; Bleak Beach; Rocky Ridges; Sparkling Skylands; Palette Town; Cloud Island,Befriend by building habitat: Field of Flowers (Common),https://www.serebii.net/pokemonpokopia/pokedex/vespiquen.shtml | https://bulbapedia.bulbagarden.net/wiki/List_of_Pok%C3%A9mon_by_Pok%C3%A9dex_number_in_Pok%C3%A9mon_Pokopia
422,Shellos (West Sea),Water,,Withered Wastelands; Bleak Beach; Rocky Ridges; Sparkling Skylands; Palette Town; Cloud Island,Befriend by building habitat: Road Sign (Common),https://www.serebii.net/pokemonpokopia/pokedex/shellos.shtml | https://bulbapedia.bulbagarden.net/wiki/List_of_Pok%C3%A9mon_by_Pok%C3%A9dex_number_in_Pok%C3%A9mon_Pokopia
423,Gastrodon (West Sea),Water,Ground,Withered Wastelands; Bleak Beach; Rocky Ridges; Sparkling Skylands; Palette Town; Cloud Island,Befriend by building habitat: Ocean fishing spot (Rare),https://www.serebii.net/pokemonpokopia/pokedex/gastrodon.shtml | https://bulbapedia.bulbagarden.net/wiki/List_of_Pok%C3%A9mon_by_Pok%C3%A9dex_number_in_Pok%C3%A9mon_Pokopia
425,Drifloon,Ghost,Flying,Withered Wastelands; Bleak Beach; Rocky Ridges; Sparkling Skylands; Palette Town; Cloud Island,Befriend by building habitat: Riding warm updrafts (Common); Bed with a plush (Common); Plush central (Common),https://www.serebii.net/pokemonpokopia/pokedex/drifloon.shtml | https://bulbapedia.bulbagarden.net/wiki/List_of_Pok%C3%A9mon_by_Pok%C3%A9dex_number_in_Pok%C3%A9mon_Pokopia
426,Drifblim,Ghost,Flying,Withered Wastelands; Bleak Beach; Rocky Ridges; Sparkling Skylands; Palette Town; Cloud Island,Befriend by building habitat: Plush central (Common),https://www.serebii.net/pokemonpokopia/pokedex/drifblim.shtml | https://bulbapedia.bulbagarden.net/wiki/List_of_Pok%C3%A9mon_by_Pok%C3%A9dex_number_in_Pok%C3%A9mon_Pokopia
529,Drilbur,Ground,,Withered Wastelands; Bleak Beach; Rocky Ridges; Sparkling Skylands; Palette Town; Cloud Island,Befriend by building habitat: Fresh Veggie Field (Common),https://www.serebii.net/pokemonpokopia/pokedex/drilbur.shtml | https://bulbapedia.bulbagarden.net/wiki/List_of_Pok%C3%A9mon_by_Pok%C3%A9dex_number_in_Pok%C3%A9mon_Pokopia
530,Excadrill,Ground,Steel,Withered Wastelands; Bleak Beach; Rocky Ridges; Sparkling Skylands; Palette Town; Cloud Island,Befriend by building habitat: Fresh Veggie Field (Rare),https://www.serebii.net/pokemonpokopia/pokedex/excadrill.shtml | https://bulbapedia.bulbagarden.net/wiki/List_of_Pok%C3%A9mon_by_Pok%C3%A9dex_number_in_Pok%C3%A9mon_Pokopia
532,Timburr,Fighting,,Withered Wastelands; Bleak Beach; Rocky Ridges; Sparkling Skylands; Palette Town; Cloud Island,Befriend by building habitat: Boulder-shaded Tall Grass (Common),https://www.serebii.net/pokemonpokopia/pokedex/timburr.shtml | https://bulbapedia.bulbagarden.net/wiki/List_of_Pok%C3%A9mon_by_Pok%C3%A9dex_number_in_Pok%C3%A9mon_Pokopia
533,Gurdurr,Fighting,,Withered Wastelands; Bleak Beach; Rocky Ridges; Sparkling Skylands; Palette Town; Cloud Island,Befriend by building habitat: Boulder-shaded Tall Grass (Rare); Large luggage carrier (Common),https://www.serebii.net/pokemonpokopia/pokedex/gurdurr.shtml | https://bulbapedia.bulbagarden.net/wiki/List_of_Pok%C3%A9mon_by_Pok%C3%A9dex_number_in_Pok%C3%A9mon_Pokopia
534,Conkeldurr,Fighting,,Withered Wastelands; Bleak Beach; Rocky Ridges; Sparkling Skylands; Palette Town; Cloud Island,Befriend by building habitat: Construction-site generator (Common),https://www.serebii.net/pokemonpokopia/pokedex/conkeldurr.shtml | https://bulbapedia.bulbagarden.net/wiki/List_of_Pok%C3%A9mon_by_Pok%C3%A9dex_number_in_Pok%C3%A9mon_Pokopia
607,Litwick,Ghost,Fire,Withered Wastelands; Bleak Beach; Rocky Ridges; Sparkling Skylands; Palette Town; Cloud Island,Befriend by building habitat: Grave offering (Common); Creepy grave offering (Common),https://www.serebii.net/pokemonpokopia/pokedex/litwick.shtml | https://bulbapedia.bulbagarden.net/wiki/List_of_Pok%C3%A9mon_by_Pok%C3%A9dex_number_in_Pok%C3%A9mon_Pokopia
608,Lampent,Ghost,Fire,Withered Wastelands; Bleak Beach; Rocky Ridges; Sparkling Skylands; Palette Town; Cloud Island,Befriend by building habitat: Grave offering (Rare); Creepy grave offering (Common),https://www.serebii.net/pokemonpokopia/pokedex/lampent.shtml | https://bulbapedia.bulbagarden.net/wiki/List_of_Pok%C3%A9mon_by_Pok%C3%A9dex_number_in_Pok%C3%A9mon_Pokopia
609,Chandelure,Ghost,Fire,Withered Wastelands; Bleak Beach; Rocky Ridges; Sparkling Skylands; Palette Town; Cloud Island,Befriend by building habitat: Creepy grave offering (Rare),https://www.serebii.net/pokemonpokopia/pokedex/chandelure.shtml | https://bulbapedia.bulbagarden.net/wiki/List_of_Pok%C3%A9mon_by_Pok%C3%A9dex_number_in_Pok%C3%A9mon_Pokopia
610,Axew,Dragon,,Withered Wastelands; Bleak Beach; Rocky Ridges; Sparkling Skylands; Palette Town; Cloud Island,Befriend by building habitat: Lumberjack's workplace (Common); Cozy log handicrafts (Common),https://www.serebii.net/pokemonpokopia/pokedex/axew.shtml | https://bulbapedia.bulbagarden.net/wiki/List_of_Pok%C3%A9mon_by_Pok%C3%A9dex_number_in_Pok%C3%A9mon_Pokopia
611,Fraxure,Dragon,,Withered Wastelands; Bleak Beach; Rocky Ridges; Sparkling Skylands; Palette Town; Cloud Island,Befriend by building habitat: Lumberjack's workplace (Common); Cozy log handicrafts (Rare),https://www.serebii.net/pokemonpokopia/pokedex/fraxure.shtml | https://bulbapedia.bulbagarden.net/wiki/List_of_Pok%C3%A9mon_by_Pok%C3%A9dex_number_in_Pok%C3%A9mon_Pokopia
612,Haxorus,Dragon,,Withered Wastelands; Bleak Beach; Rocky Ridges; Sparkling Skylands; Palette Town; Cloud Island,Befriend by building habitat: Lumberjack's workplace (Rare); Cozy log handicrafts (Very Rare),https://www.serebii.net/pokemonpokopia/pokedex/haxorus.shtml | https://bulbapedia.bulbagarden.net/wiki/List_of_Pok%C3%A9mon_by_Pok%C3%A9dex_number_in_Pok%C3%A9mon_Pokopia
704,Goomy,Dragon,,Withered Wastelands; Bleak Beach; Rocky Ridges; Sparkling Skylands; Palette Town; Cloud Island,Befriend by building habitat: Tree-shaded flower bed (Common); Rain Dance site. Restrictions: Tree-shaded flower bed [weather: Rain]; Rain Dance site [weather: Rain],https://www.serebii.net/pokemonpokopia/pokedex/goomy.shtml | https://bulbapedia.bulbagarden.net/wiki/List_of_Pok%C3%A9mon_by_Pok%C3%A9dex_number_in_Pok%C3%A9mon_Pokopia
705,Sliggoo,Dragon,,Withered Wastelands; Bleak Beach; Rocky Ridges; Sparkling Skylands; Palette Town; Cloud Island,Befriend by building habitat: Hydrated tall grass (Common). Restrictions: Hydrated tall grass [weather: Rain],https://www.serebii.net/pokemonpokopia/pokedex/sliggoo.shtml | https://bulbapedia.bulbagarden.net/wiki/List_of_Pok%C3%A9mon_by_Pok%C3%A9dex_number_in_Pok%C3%A9mon_Pokopia
706,Goodra,Dragon,,Withered Wastelands; Bleak Beach; Rocky Ridges; Sparkling Skylands; Palette Town; Cloud Island,Befriend by building habitat: Very-berry space (Rare). Restrictions: Very-berry space [weather: Rain],https://www.serebii.net/pokemonpokopia/pokedex/goodra.shtml | https://bulbapedia.bulbagarden.net/wiki/List_of_Pok%C3%A9mon_by_Pok%C3%A9dex_number_in_Pok%C3%A9mon_Pokopia
845,Cramorant,Flying,Water,Palette Town; Cloud Island,Befriend by building habitat: Hydrated tall grass (Common),https://www.serebii.net/pokemonpokopia/pokedex/cramorant.shtml | https://bulbapedia.bulbagarden.net/wiki/List_of_Pok%C3%A9mon_by_Pok%C3%A9dex_number_in_Pok%C3%A9mon_Pokopia
172,Pichu,Electric,,Withered Wastelands; Cloud Island,Befriend by building habitat: Picnic Set (Common),https://www.serebii.net/pokemonpokopia/pokedex/pichu.shtml | https://bulbapedia.bulbagarden.net/wiki/List_of_Pok%C3%A9mon_by_Pok%C3%A9dex_number_in_Pok%C3%A9mon_Pokopia
25,Pikachu,Electric,,Palette Town; Cloud Island,Befriend by building habitat: Picnic Set (Rare),https://www.serebii.net/pokemonpokopia/pokedex/pikachu.shtml | https://bulbapedia.bulbagarden.net/wiki/List_of_Pok%C3%A9mon_by_Pok%C3%A9dex_number_in_Pok%C3%A9mon_Pokopia
26,Raichu,Electric,,Withered Wastelands; Bleak Beach; Rocky Ridges; Sparkling Skylands; Palette Town; Cloud Island,Befriend by building habitat: Nature's market (Common),https://www.serebii.net/pokemonpokopia/pokedex/raichu.shtml | https://bulbapedia.bulbagarden.net/wiki/List_of_Pok%C3%A9mon_by_Pok%C3%A9dex_number_in_Pok%C3%A9mon_Pokopia
41,Zubat,Poison,Flying,Withered Wastelands; Bleak Beach; Rocky Ridges; Sparkling Skylands; Palette Town; Cloud Island,Befriend by building habitat: Tree-shaded Yellow tall grass (Common); Park bench (Common). Restrictions: Tree-shaded Yellow tall grass [time: Night]; Park bench [time: Night],https://www.serebii.net/pokemonpokopia/pokedex/zubat.shtml | https://bulbapedia.bulbagarden.net/wiki/List_of_Pok%C3%A9mon_by_Pok%C3%A9dex_number_in_Pok%C3%A9mon_Pokopia
42,Golbat,Poison,Flying,Withered Wastelands; Bleak Beach; Rocky Ridges; Sparkling Skylands; Palette Town; Cloud Island,Befriend by building habitat: Tree-shaded Yellow tall grass (Rare). Restrictions: Tree-shaded Yellow tall grass [time: Night],https://www.serebii.net/pokemonpokopia/pokedex/golbat.shtml | https://bulbapedia.bulbagarden.net/wiki/List_of_Pok%C3%A9mon_by_Pok%C3%A9dex_number_in_Pok%C3%A9mon_Pokopia
169,Crobat,Poison,Flying,Withered Wastelands; Bleak Beach; Rocky Ridges; Sparkling Skylands; Palette Town; Cloud Island,Befriend by building habitat: Elevated yellow tall grass (Very Rare); Trash disposal site (Rare). Restrictions: Elevated yellow tall grass [time: Night]; Trash disposal site [time: Night],https://www.serebii.net/pokemonpokopia/pokedex/crobat.shtml | https://bulbapedia.bulbagarden.net/wiki/List_of_Pok%C3%A9mon_by_Pok%C3%A9dex_number_in_Pok%C3%A9mon_Pokopia
52,Meowth,Normal,,Withered Wastelands; Bleak Beach; Rocky Ridges; Sparkling Skylands; Palette Town; Cloud Island,Befriend by building habitat: Resting spot (Common); Working the register (Common),https://www.serebii.net/pokemonpokopia/pokedex/meowth.shtml | https://bulbapedia.bulbagarden.net/wiki/List_of_Pok%C3%A9mon_by_Pok%C3%A9dex_number_in_Pok%C3%A9mon_Pokopia
53,Persian,Normal,,Withered Wastelands; Bleak Beach; Rocky Ridges; Sparkling Skylands; Palette Town; Cloud Island,Befriend by building habitat: Evil organization HQ (Common),https://www.serebii.net/pokemonpokopia/pokedex/persian.shtml | https://bulbapedia.bulbagarden.net/wiki/List_of_Pok%C3%A9mon_by_Pok%C3%A9dex_number_in_Pok%C3%A9mon_Pokopia
54,Psyduck,Water,,Withered Wastelands; Bleak Beach; Rocky Ridges; Sparkling Skylands; Palette Town; Cloud Island,Befriend by building habitat: Hot-spring shower (Common),https://www.serebii.net/pokemonpokopia/pokedex/psyduck.shtml | https://bulbapedia.bulbagarden.net/wiki/List_of_Pok%C3%A9mon_by_Pok%C3%A9dex_number_in_Pok%C3%A9mon_Pokopia
55,Golduck,Water,,Withered Wastelands; Bleak Beach; Rocky Ridges; Sparkling Skylands; Palette Town; Cloud Island,Befriend by building habitat: Hot-spring shower (Rare),https://www.serebii.net/pokemonpokopia/pokedex/golduck.shtml | https://bulbapedia.bulbagarden.net/wiki/List_of_Pok%C3%A9mon_by_Pok%C3%A9dex_number_in_Pok%C3%A9mon_Pokopia
58,Growlithe,Fire,,Withered Wastelands; Bleak Beach; Rocky Ridges; Sparkling Skylands; Palette Town; Cloud Island,Befriend by building habitat: Perpetual mess (Common); Resort meal prep (Common),https://www.serebii.net/pokemonpokopia/pokedex/growlithe.shtml | https://bulbapedia.bulbagarden.net/wiki/List_of_Pok%C3%A9mon_by_Pok%C3%A9dex_number_in_Pok%C3%A9mon_Pokopia
59,Arcanine,Fire,,Withered Wastelands; Bleak Beach; Rocky Ridges; Sparkling Skylands; Palette Town; Cloud Island,Befriend by building habitat: Mini museum (Rare); Magma fishing spot (Common),https://www.serebii.net/pokemonpokopia/pokedex/arcanine.shtml | https://bulbapedia.bulbagarden.net/wiki/List_of_Pok%C3%A9mon_by_Pok%C3%A9dex_number_in_Pok%C3%A9mon_Pokopia
83,Farfetch'd,Normal,Flying,Withered Wastelands; Bleak Beach; Rocky Ridges; Sparkling Skylands; Palette Town; Cloud Island,Befriend by building habitat: All packed up (Common),https://www.serebii.net/pokemonpokopia/pokedex/farfetch'd.shtml | https://bulbapedia.bulbagarden.net/wiki/List_of_Pok%C3%A9mon_by_Pok%C3%A9dex_number_in_Pok%C3%A9mon_Pokopia
88,Grimer,Poison,,Withered Wastelands; Bleak Beach; Rocky Ridges; Sparkling Skylands; Palette Town; Cloud Island,Befriend by building habitat: Marsh fishing spot (Common),https://www.serebii.net/pokemonpokopia/pokedex/grimer.shtml | https://bulbapedia.bulbagarden.net/wiki/List_of_Pok%C3%A9mon_by_Pok%C3%A9dex_number_in_Pok%C3%A9mon_Pokopia
89,Muk,Poison,,Withered Wastelands; Bleak Beach; Rocky Ridges; Sparkling Skylands; Palette Town; Cloud Island,Befriend by building habitat: Marsh fishing spot (Rare),https://www.serebii.net/pokemonpokopia/pokedex/muk.shtml | https://bulbapedia.bulbagarden.net/wiki/List_of_Pok%C3%A9mon_by_Pok%C3%A9dex_number_in_Pok%C3%A9mon_Pokopia
92,Gastly,Ghost,Poison,Withered Wastelands; Bleak Beach; Rocky Ridges; Sparkling Skylands; Palette Town; Cloud Island,Befriend by building habitat: Spooky study (Common). Restrictions: Spooky study [time: Night],https://www.serebii.net/pokemonpokopia/pokedex/gastly.shtml | https://bulbapedia.bulbagarden.net/wiki/List_of_Pok%C3%A9mon_by_Pok%C3%A9dex_number_in_Pok%C3%A9mon_Pokopia
93,Haunter,Ghost,Poison,Withered Wastelands; Bleak Beach; Rocky Ridges; Sparkling Skylands; Palette Town; Cloud Island,Befriend by building habitat: Surprise in store (Common); Spooky study (Rare). Restrictions: Surprise in store [time: Night]; Spooky study [time: Night],https://www.serebii.net/pokemonpokopia/pokedex/haunter.shtml | https://bulbapedia.bulbagarden.net/wiki/List_of_Pok%C3%A9mon_by_Pok%C3%A9dex_number_in_Pok%C3%A9mon_Pokopia
94,Gengar,Ghost,Poison,Withered Wastelands; Bleak Beach; Rocky Ridges; Sparkling Skylands; Palette Town; Cloud Island,Befriend by building habitat: Surprise in store (Rare). Restrictions: Surprise in store [time: Night],https://www.serebii.net/pokemonpokopia/pokedex/gengar.shtml | https://bulbapedia.bulbagarden.net/wiki/List_of_Pok%C3%A9mon_by_Pok%C3%A9dex_number_in_Pok%C3%A9mon_Pokopia
100,Voltorb,Electric,,Withered Wastelands; Bleak Beach; Rocky Ridges; Sparkling Skylands; Palette Town; Cloud Island,Befriend by building habitat: Park bench (Common); Playing pirate (Common),https://www.serebii.net/pokemonpokopia/pokedex/voltorb.shtml | https://bulbapedia.bulbagarden.net/wiki/List_of_Pok%C3%A9mon_by_Pok%C3%A9dex_number_in_Pok%C3%A9mon_Pokopia
101,Electrode,Electric,,Withered Wastelands; Bleak Beach; Rocky Ridges; Sparkling Skylands; Palette Town; Cloud Island,Befriend by building habitat: Park bench (Very Rare); Playing pirate (Common),https://www.serebii.net/pokemonpokopia/pokedex/electrode.shtml | https://bulbapedia.bulbagarden.net/wiki/List_of_Pok%C3%A9mon_by_Pok%C3%A9dex_number_in_Pok%C3%A9mon_Pokopia
102,Exeggcute,Grass,Psychic,Withered Wastelands; Bleak Beach; Rocky Ridges; Sparkling Skylands; Palette Town; Cloud Island,Befriend by building habitat: Tropical vibes (Common); Shaded beach (Common),https://www.serebii.net/pokemonpokopia/pokedex/exeggcute.shtml | https://bulbapedia.bulbagarden.net/wiki/List_of_Pok%C3%A9mon_by_Pok%C3%A9dex_number_in_Pok%C3%A9mon_Pokopia
103,Exeggutor,Grass,Psychic,Withered Wastelands; Bleak Beach; Rocky Ridges; Sparkling Skylands; Palette Town; Cloud Island,Befriend by building habitat: Tropical vibes (Very Rare); Shaded beach (Rare),https://www.serebii.net/pokemonpokopia/pokedex/exeggutor.shtml | https://bulbapedia.bulbagarden.net/wiki/List_of_Pok%C3%A9mon_by_Pok%C3%A9dex_number_in_Pok%C3%A9mon_Pokopia
440,Happiny,Normal,,Withered Wastelands; Bleak Beach; Rocky Ridges; Sparkling Skylands; Palette Town; Cloud Island,Befriend by building habitat: Alarm clock sleep zone (Common); Working the register (Common),https://www.serebii.net/pokemonpokopia/pokedex/happiny.shtml | https://bulbapedia.bulbagarden.net/wiki/List_of_Pok%C3%A9mon_by_Pok%C3%A9dex_number_in_Pok%C3%A9mon_Pokopia
113,Chansey,Normal,,Withered Wastelands; Bleak Beach; Rocky Ridges; Sparkling Skylands; Palette Town; Cloud Island,Befriend by building habitat: Full recovery (Common),https://www.serebii.net/pokemonpokopia/pokedex/chansey.shtml | https://bulbapedia.bulbagarden.net/wiki/List_of_Pok%C3%A9mon_by_Pok%C3%A9dex_number_in_Pok%C3%A9mon_Pokopia
242,Blissey,Normal,,Withered Wastelands; Bleak Beach; Rocky Ridges; Sparkling Skylands; Palette Town; Cloud Island,Befriend by building habitat: Cuteness overload (Rare),https://www.serebii.net/pokemonpokopia/pokedex/blissey.shtml | https://bulbapedia.bulbagarden.net/wiki/List_of_Pok%C3%A9mon_by_Pok%C3%A9dex_number_in_Pok%C3%A9mon_Pokopia
239,Elekid,Electric,,Withered Wastelands; Bleak Beach; Rocky Ridges; Sparkling Skylands; Palette Town; Cloud Island,Befriend by building habitat: Vending machine set (Common),https://www.serebii.net/pokemonpokopia/pokedex/elekid.shtml | https://bulbapedia.bulbagarden.net/wiki/List_of_Pok%C3%A9mon_by_Pok%C3%A9dex_number_in_Pok%C3%A9mon_Pokopia
125,Electabuzz,Electric,,Withered Wastelands; Bleak Beach; Rocky Ridges; Sparkling Skylands; Palette Town; Cloud Island,Befriend by building habitat: Trash can central (Rare); Light-up stage (Common),https://www.serebii.net/pokemonpokopia/pokedex/electabuzz.shtml | https://bulbapedia.bulbagarden.net/wiki/List_of_Pok%C3%A9mon_by_Pok%C3%A9dex_number_in_Pok%C3%A9mon_Pokopia
466,Electivire,Electric,,Withered Wastelands; Bleak Beach; Rocky Ridges; Sparkling Skylands; Palette Town; Cloud Island,Befriend by building habitat: Light-up stage (Rare); Vending machine set (Rare),https://www.serebii.net/pokemonpokopia/pokedex/electivire.shtml | https://bulbapedia.bulbagarden.net/wiki/List_of_Pok%C3%A9mon_by_Pok%C3%A9dex_number_in_Pok%C3%A9mon_Pokopia
131,Lapras,Water,Ice,Withered Wastelands; Bleak Beach; Rocky Ridges; Sparkling Skylands; Palette Town; Cloud Island,Befriend by building habitat: Tropical seaside (Common),https://www.serebii.net/pokemonpokopia/pokedex/lapras.shtml | https://bulbapedia.bulbagarden.net/wiki/List_of_Pok%C3%A9mon_by_Pok%C3%A9dex_number_in_Pok%C3%A9mon_Pokopia
446,Munchlax,Normal,,Palette Town; Cloud Island,Befriend by building habitat: Bed with a plush (Rare); Tree-shaded snoozing Snorlax (Common),https://www.serebii.net/pokemonpokopia/pokedex/munchlax.shtml | https://bulbapedia.bulbagarden.net/wiki/List_of_Pok%C3%A9mon_by_Pok%C3%A9dex_number_in_Pok%C3%A9mon_Pokopia
143,Snorlax,Normal,,Palette Town; Cloud Island,Befriend by building habitat: Tree-shaded snoozing Snorlax (Common); Good old-fashioned antiques (Common),https://www.serebii.net/pokemonpokopia/pokedex/snorlax.shtml | https://bulbapedia.bulbagarden.net/wiki/List_of_Pok%C3%A9mon_by_Pok%C3%A9dex_number_in_Pok%C3%A9mon_Pokopia
167,Spinarak,Bug,Poison,Withered Wastelands; Bleak Beach; Rocky Ridges; Sparkling Skylands; Palette Town; Cloud Island,Befriend by building habitat: Yellow tall grass (Common),https://www.serebii.net/pokemonpokopia/pokedex/spinarak.shtml | https://bulbapedia.bulbagarden.net/wiki/List_of_Pok%C3%A9mon_by_Pok%C3%A9dex_number_in_Pok%C3%A9mon_Pokopia
168,Ariados,Bug,Poison,Withered Wastelands; Bleak Beach; Rocky Ridges; Sparkling Skylands; Palette Town; Cloud Island,Befriend by building habitat: Yellow tall grass (Rare),https://www.serebii.net/pokemonpokopia/pokedex/ariados.shtml | https://bulbapedia.bulbagarden.net/wiki/List_of_Pok%C3%A9mon_by_Pok%C3%A9dex_number_in_Pok%C3%A9mon_Pokopia
179,Mareep,Electric,,Withered Wastelands; Bleak Beach; Rocky Ridges; Sparkling Skylands; Palette Town; Cloud Island,Befriend by building habitat: Overgrowth vending machine (Rare); Knitting station (Common),https://www.serebii.net/pokemonpokopia/pokedex/mareep.shtml | https://bulbapedia.bulbagarden.net/wiki/List_of_Pok%C3%A9mon_by_Pok%C3%A9dex_number_in_Pok%C3%A9mon_Pokopia
180,Flaaffy,Electric,,Withered Wastelands; Bleak Beach; Rocky Ridges; Sparkling Skylands; Palette Town; Cloud Island,Befriend by building habitat: Night festival venue (Common); Knitting station (Rare),https://www.serebii.net/pokemonpokopia/pokedex/flaaffy.shtml | https://bulbapedia.bulbagarden.net/wiki/List_of_Pok%C3%A9mon_by_Pok%C3%A9dex_number_in_Pok%C3%A9mon_Pokopia
181,Ampharos,Electric,,Withered Wastelands; Bleak Beach; Rocky Ridges; Sparkling Skylands; Palette Town; Cloud Island,Befriend by building habitat: Plain life (Rare),https://www.serebii.net/pokemonpokopia/pokedex/ampharos.shtml | https://bulbapedia.bulbagarden.net/wiki/List_of_Pok%C3%A9mon_by_Pok%C3%A9dex_number_in_Pok%C3%A9mon_Pokopia
298,Azurill,Normal,Fairy,Withered Wastelands; Bleak Beach; Rocky Ridges; Sparkling Skylands; Palette Town; Cloud Island,Befriend by building habitat: Hydrated yellow tall grass (Common); Perpetual mess (Common),https://www.serebii.net/pokemonpokopia/pokedex/azurill.shtml | https://bulbapedia.bulbagarden.net/wiki/List_of_Pok%C3%A9mon_by_Pok%C3%A9dex_number_in_Pok%C3%A9mon_Pokopia
183,Marill,Water,Fairy,Withered Wastelands; Bleak Beach; Rocky Ridges; Sparkling Skylands; Palette Town; Cloud Island,Befriend by building habitat: Hydrated yellow tall grass (Rare); Dock (Common),https://www.serebii.net/pokemonpokopia/pokedex/marill.shtml | https://bulbapedia.bulbagarden.net/wiki/List_of_Pok%C3%A9mon_by_Pok%C3%A9dex_number_in_Pok%C3%A9mon_Pokopia
184,Azumarill,Water,Fairy,Withered Wastelands; Bleak Beach; Rocky Ridges; Sparkling Skylands; Palette Town; Cloud Island,Befriend by building habitat: Dock (Rare). Restrictions: Dock [weather: Rain],https://www.serebii.net/pokemonpokopia/pokedex/azumarill.shtml | https://bulbapedia.bulbagarden.net/wiki/List_of_Pok%C3%A9mon_by_Pok%C3%A9dex_number_in_Pok%C3%A9mon_Pokopia
194,Wooper (Paldean Form),Poison,Ground,Bleak Beach; Cloud Island,Befriend by building habitat: Marshy tall grass (Common),https://www.serebii.net/pokemonpokopia/pokedex/paldeanwooper.shtml | https://bulbapedia.bulbagarden.net/wiki/List_of_Pok%C3%A9mon_by_Pok%C3%A9dex_number_in_Pok%C3%A9mon_Pokopia
980,Clodsire,Poison,Ground,Withered Wastelands; Bleak Beach; Rocky Ridges; Sparkling Skylands; Palette Town; Cloud Island,Befriend by building habitat: Marshy tall grass (Rare); Marsh fishing spot (Rare),https://www.serebii.net/pokemonpokopia/pokedex/clodsire.shtml | https://bulbapedia.bulbagarden.net/wiki/List_of_Pok%C3%A9mon_by_Pok%C3%A9dex_number_in_Pok%C3%A9mon_Pokopia
235,Smeargle (Smearguru),Normal,,Withered Wastelands; Bleak Beach; Rocky Ridges; Sparkling Skylands; Palette Town; Cloud Island,Story NPC (Smearguru); befriend by building habitat: Tiny Atelier (Common),https://www.serebii.net/pokemonpokopia/pokedex/smeargle.shtml | https://bulbapedia.bulbagarden.net/wiki/List_of_Pok%C3%A9mon_by_Pok%C3%A9dex_number_in_Pok%C3%A9mon_Pokopia
255,Torchic,Fire,,Withered Wastelands; Bleak Beach; Rocky Ridges; Sparkling Skylands; Palette Town; Cloud Island,Befriend by building habitat: Chirp-chirp meal (Common); Resort meal prep (Common),https://www.serebii.net/pokemonpokopia/pokedex/torchic.shtml | https://bulbapedia.bulbagarden.net/wiki/List_of_Pok%C3%A9mon_by_Pok%C3%A9dex_number_in_Pok%C3%A9mon_Pokopia
256,Combusken,Fire,Fighting,Withered Wastelands; Bleak Beach; Rocky Ridges; Sparkling Skylands; Palette Town; Cloud Island,Befriend by building habitat: Resort meal prep (Rare); Furnace Spot (Common),https://www.serebii.net/pokemonpokopia/pokedex/combusken.shtml | https://bulbapedia.bulbagarden.net/wiki/List_of_Pok%C3%A9mon_by_Pok%C3%A9dex_number_in_Pok%C3%A9mon_Pokopia
257,Blaziken,Fire,Fighting,Withered Wastelands; Bleak Beach; Rocky Ridges; Sparkling Skylands; Palette Town; Cloud Island,Befriend by building habitat: Chirp-chirp meal (Very Rare); Furnace Spot (Rare),https://www.serebii.net/pokemonpokopia/pokedex/blaziken.shtml | https://bulbapedia.bulbagarden.net/wiki/List_of_Pok%C3%A9mon_by_Pok%C3%A9dex_number_in_Pok%C3%A9mon_Pokopia
278,Wingull,Water,Flying,Withered Wastelands; Bleak Beach; Rocky Ridges; Sparkling Skylands; Palette Town; Cloud Island,Befriend by building habitat: Elevated yellow tall grass (Common); Windy Flower Bed (Common). Restrictions: Elevated yellow tall grass [time: Morning/Day/Evening]; Windy Flower Bed [time: Morning/Day/Evening],https://www.serebii.net/pokemonpokopia/pokedex/wingull.shtml | https://bulbapedia.bulbagarden.net/wiki/List_of_Pok%C3%A9mon_by_Pok%C3%A9dex_number_in_Pok%C3%A9mon_Pokopia
279,Pelipper,Water,Flying,Withered Wastelands; Bleak Beach; Rocky Ridges; Sparkling Skylands; Palette Town; Cloud Island,Befriend by building habitat: Elevated yellow tall grass (Rare); Windy Flower Bed (Rare). Restrictions: Elevated yellow tall grass [time: Morning/Day/Evening]; Windy Flower Bed [time: Morning/Day/Evening],https://www.serebii.net/pokemonpokopia/pokedex/pelipper.shtml | https://bulbapedia.bulbagarden.net/wiki/List_of_Pok%C3%A9mon_by_Pok%C3%A9dex_number_in_Pok%C3%A9mon_Pokopia
296,Makuhita,Fighting,,Withered Wastelands; Bleak Beach; Rocky Ridges; Sparkling Skylands; Palette Town; Cloud Island,Befriend by building habitat: Tree-shaded Yellow tall grass (Common); All packed up (Common),https://www.serebii.net/pokemonpokopia/pokedex/makuhita.shtml | https://bulbapedia.bulbagarden.net/wiki/List_of_Pok%C3%A9mon_by_Pok%C3%A9dex_number_in_Pok%C3%A9mon_Pokopia
297,Hariyama,Fighting,,Withered Wastelands; Bleak Beach; Rocky Ridges; Sparkling Skylands; Palette Town; Cloud Island,Befriend by building habitat: Tree-shaded Yellow tall grass (Rare); All packed up (Rare),https://www.serebii.net/pokemonpokopia/pokedex/hariyama.shtml | https://bulbapedia.bulbagarden.net/wiki/List_of_Pok%C3%A9mon_by_Pok%C3%A9dex_number_in_Pok%C3%A9mon_Pokopia
359,Absol,Dark,,Withered Wastelands; Bleak Beach; Rocky Ridges; Sparkling Skylands; Palette Town; Cloud Island,Befriend by building habitat: Welcoming resort (Common),https://www.serebii.net/pokemonpokopia/pokedex/absol.shtml | https://bulbapedia.bulbagarden.net/wiki/List_of_Pok%C3%A9mon_by_Pok%C3%A9dex_number_in_Pok%C3%A9mon_Pokopia
393,Piplup,Water,,Withered Wastelands; Bleak Beach; Rocky Ridges; Sparkling Skylands; Palette Town; Cloud Island,Befriend by building habitat: Hydrated yellow tall grass (Common),https://www.serebii.net/pokemonpokopia/pokedex/piplup.shtml | https://bulbapedia.bulbagarden.net/wiki/List_of_Pok%C3%A9mon_by_Pok%C3%A9dex_number_in_Pok%C3%A9mon_Pokopia
394,Prinplup,Water,,Withered Wastelands; Bleak Beach; Rocky Ridges; Sparkling Skylands; Palette Town; Cloud Island,Befriend by building habitat: Hydrated yellow tall grass (Rare); Waterwheel Spot (Rare),https://www.serebii.net/pokemonpokopia/pokedex/prinplup.shtml | https://bulbapedia.bulbagarden.net/wiki/List_of_Pok%C3%A9mon_by_Pok%C3%A9dex_number_in_Pok%C3%A9mon_Pokopia
395,Empoleon,Water,Steel,Withered Wastelands; Bleak Beach; Rocky Ridges; Sparkling Skylands; Palette Town; Cloud Island,Befriend by building habitat: Tableside delivery cart (Rare); Waterwheel Spot (Very Rare). Restrictions: Tableside delivery cart [weather: Rain]; Waterwheel Spot [weather: Rain],https://www.serebii.net/pokemonpokopia/pokedex/empoleon.shtml | https://bulbapedia.bulbagarden.net/wiki/List_of_Pok%C3%A9mon_by_Pok%C3%A9dex_number_in_Pok%C3%A9mon_Pokopia
531,Audino,Normal,,Withered Wastelands; Bleak Beach; Rocky Ridges; Sparkling Skylands; Palette Town; Cloud Island,Befriend by building habitat: Working the register (Common),https://www.serebii.net/pokemonpokopia/pokedex/audino.shtml | https://bulbapedia.bulbagarden.net/wiki/List_of_Pok%C3%A9mon_by_Pok%C3%A9dex_number_in_Pok%C3%A9mon_Pokopia
568,Trubbish,Poison,,Withered Wastelands; Bleak Beach; Rocky Ridges; Sparkling Skylands; Palette Town; Cloud Island,Befriend by building habitat: Trash collection site (Common),https://www.serebii.net/pokemonpokopia/pokedex/trubbish.shtml | https://bulbapedia.bulbagarden.net/wiki/List_of_Pok%C3%A9mon_by_Pok%C3%A9dex_number_in_Pok%C3%A9mon_Pokopia
569,Garbodor,Poison,,Withered Wastelands; Bleak Beach; Rocky Ridges; Sparkling Skylands; Palette Town; Cloud Island,Befriend by building habitat: Trash collection site (Rare),https://www.serebii.net/pokemonpokopia/pokedex/garbodor.shtml | https://bulbapedia.bulbagarden.net/wiki/List_of_Pok%C3%A9mon_by_Pok%C3%A9dex_number_in_Pok%C3%A9mon_Pokopia
570,Zorua,Dark,,Withered Wastelands; Bleak Beach; Rocky Ridges; Sparkling Skylands; Palette Town; Cloud Island,Befriend by building habitat: Breezy flower bed (Common),https://www.serebii.net/pokemonpokopia/pokedex/zorua.shtml | https://bulbapedia.bulbagarden.net/wiki/List_of_Pok%C3%A9mon_by_Pok%C3%A9dex_number_in_Pok%C3%A9mon_Pokopia
571,Zoroark,Dark,,Withered Wastelands; Bleak Beach; Rocky Ridges; Sparkling Skylands; Palette Town; Cloud Island,Befriend by building habitat: Breezy flower bed (Rare); Surprise in store (Rare),https://www.serebii.net/pokemonpokopia/pokedex/zoroark.shtml | https://bulbapedia.bulbagarden.net/wiki/List_of_Pok%C3%A9mon_by_Pok%C3%A9dex_number_in_Pok%C3%A9mon_Pokopia
572,Minccino,Normal,,Withered Wastelands; Bleak Beach; Rocky Ridges; Sparkling Skylands; Palette Town; Cloud Island,Befriend by building habitat: Changing area (Common); Private makeup stand (Common),https://www.serebii.net/pokemonpokopia/pokedex/minccino.shtml | https://bulbapedia.bulbagarden.net/wiki/List_of_Pok%C3%A9mon_by_Pok%C3%A9dex_number_in_Pok%C3%A9mon_Pokopia
573,Cinccino,Normal,,Withered Wastelands; Bleak Beach; Rocky Ridges; Sparkling Skylands; Palette Town; Cloud Island,Befriend by building habitat: Private makeup stand (Rare),https://www.serebii.net/pokemonpokopia/pokedex/cinccino.shtml | https://bulbapedia.bulbagarden.net/wiki/List_of_Pok%C3%A9mon_by_Pok%C3%A9dex_number_in_Pok%C3%A9mon_Pokopia
736,Grubbin,Bug,,Withered Wastelands; Bleak Beach; Rocky Ridges; Sparkling Skylands; Palette Town; Cloud Island,Befriend by building habitat: Yellow tall grass; Vending machine break area (Common),https://www.serebii.net/pokemonpokopia/pokedex/grubbin.shtml | https://bulbapedia.bulbagarden.net/wiki/List_of_Pok%C3%A9mon_by_Pok%C3%A9dex_number_in_Pok%C3%A9mon_Pokopia
737,Charjabug,Bug,Electric,Withered Wastelands; Bleak Beach; Rocky Ridges; Sparkling Skylands; Palette Town; Cloud Island,Befriend by building habitat: Vending machine break area (Rare),https://www.serebii.net/pokemonpokopia/pokedex/charjabug.shtml | https://bulbapedia.bulbagarden.net/wiki/List_of_Pok%C3%A9mon_by_Pok%C3%A9dex_number_in_Pok%C3%A9mon_Pokopia
738,Vikavolt,Bug,Electric,Palette Town; Cloud Island,Befriend by building habitat: Tree-shaded flower bed (Rare),https://www.serebii.net/pokemonpokopia/pokedex/vikavolt.shtml | https://bulbapedia.bulbagarden.net/wiki/List_of_Pok%C3%A9mon_by_Pok%C3%A9dex_number_in_Pok%C3%A9mon_Pokopia
778,Mimikyu,Ghost,Fairy,Withered Wastelands; Bleak Beach; Rocky Ridges; Sparkling Skylands; Palette Town; Cloud Island,Befriend by building habitat: Pikachu space (Common),https://www.serebii.net/pokemonpokopia/pokedex/mimikyu.shtml | https://bulbapedia.bulbagarden.net/wiki/List_of_Pok%C3%A9mon_by_Pok%C3%A9dex_number_in_Pok%C3%A9mon_Pokopia
921,Pawmi,Electric,,Withered Wastelands; Bleak Beach; Rocky Ridges; Sparkling Skylands; Palette Town; Cloud Island,Befriend by building habitat: Breezy flower bed (Common); Tantalizing restaurant (Common),https://www.serebii.net/pokemonpokopia/pokedex/pawmi.shtml | https://bulbapedia.bulbagarden.net/wiki/List_of_Pok%C3%A9mon_by_Pok%C3%A9dex_number_in_Pok%C3%A9mon_Pokopia
922,Pawmo,Electric,Fighting,Withered Wastelands; Bleak Beach; Rocky Ridges; Sparkling Skylands; Palette Town; Cloud Island,Befriend by building habitat: Tantalizing restaurant (Common); Café space (Common),https://www.serebii.net/pokemonpokopia/pokedex/pawmo.shtml | https://bulbapedia.bulbagarden.net/wiki/List_of_Pok%C3%A9mon_by_Pok%C3%A9dex_number_in_Pok%C3%A9mon_Pokopia
923,Pawmot,Electric,Fighting,Withered Wastelands; Bleak Beach; Rocky Ridges; Sparkling Skylands; Palette Town; Cloud Island,Befriend by building habitat: Café space (Common),https://www.serebii.net/pokemonpokopia/pokedex/pawmot.shtml | https://bulbapedia.bulbagarden.net/wiki/List_of_Pok%C3%A9mon_by_Pok%C3%A9dex_number_in_Pok%C3%A9mon_Pokopia
978,Tatsugiri (Curly Form),Dragon,Water,Withered Wastelands; Bleak Beach; Rocky Ridges; Sparkling Skylands; Palette Town; Cloud Island,Befriend by building habitat: Beach Set (Rare),https://www.serebii.net/pokemonpokopia/pokedex/tatsugiricurlyform.shtml | https://bulbapedia.bulbagarden.net/wiki/List_of_Pok%C3%A9mon_by_Pok%C3%A9dex_number_in_Pok%C3%A9mon_Pokopia
23,Ekans,Poison,,Withered Wastelands; Bleak Beach; Rocky Ridges; Sparkling Skylands; Palette Town; Cloud Island,Befriend by building habitat: Hydrated graceful flower bed (Common),https://www.serebii.net/pokemonpokopia/pokedex/ekans.shtml | https://bulbapedia.bulbagarden.net/wiki/List_of_Pok%C3%A9mon_by_Pok%C3%A9dex_number_in_Pok%C3%A9mon_Pokopia
24,Arbok,Poison,,Withered Wastelands; Bleak Beach; Rocky Ridges; Sparkling Skylands; Palette Town; Cloud Island,Befriend by building habitat: Hydrated graceful flower bed (Rare),https://www.serebii.net/pokemonpokopia/pokedex/arbok.shtml | https://bulbapedia.bulbagarden.net/wiki/List_of_Pok%C3%A9mon_by_Pok%C3%A9dex_number_in_Pok%C3%A9mon_Pokopia
173,Cleffa,Fairy,,Withered Wastelands; Bleak Beach; Rocky Ridges; Sparkling Skylands; Palette Town; Cloud Island,Befriend by building habitat: Graceful flower bed (Common). Restrictions: Graceful flower bed [time: Night],https://www.serebii.net/pokemonpokopia/pokedex/cleffa.shtml | https://bulbapedia.bulbagarden.net/wiki/List_of_Pok%C3%A9mon_by_Pok%C3%A9dex_number_in_Pok%C3%A9mon_Pokopia
35,Clefairy,Fairy,,Withered Wastelands; Bleak Beach; Rocky Ridges; Sparkling Skylands; Palette Town; Cloud Island,Befriend by building habitat: Graceful flower bed (Common); Bronze landmark (Common). Restrictions: Graceful flower bed [time: Night]; Bronze landmark [time: Night],https://www.serebii.net/pokemonpokopia/pokedex/clefairy.shtml | https://bulbapedia.bulbagarden.net/wiki/List_of_Pok%C3%A9mon_by_Pok%C3%A9dex_number_in_Pok%C3%A9mon_Pokopia
36,Clefable,Fairy,,Withered Wastelands; Bleak Beach; Rocky Ridges; Sparkling Skylands; Palette Town; Cloud Island,Befriend by building habitat: Graceful flower bed (Very Rare); Bronze landmark (Rare). Restrictions: Graceful flower bed [time: Night]; Bronze landmark [time: Night],https://www.serebii.net/pokemonpokopia/pokedex/clefable.shtml | https://bulbapedia.bulbagarden.net/wiki/List_of_Pok%C3%A9mon_by_Pok%C3%A9dex_number_in_Pok%C3%A9mon_Pokopia
174,Igglybuff,Normal,Fairy,Withered Wastelands; Bleak Beach; Rocky Ridges; Sparkling Skylands; Palette Town; Cloud Island,Befriend by building habitat: Flower garden stump stage (Common),https://www.serebii.net/pokemonpokopia/pokedex/igglybuff.shtml | https://bulbapedia.bulbagarden.net/wiki/List_of_Pok%C3%A9mon_by_Pok%C3%A9dex_number_in_Pok%C3%A9mon_Pokopia
39,Jigglypuff,Normal,Fairy,Withered Wastelands; Bleak Beach; Rocky Ridges; Sparkling Skylands; Palette Town; Cloud Island,Befriend by building habitat: Flower garden stump stage (Common); Recital stage (Common),https://www.serebii.net/pokemonpokopia/pokedex/jigglypuff.shtml | https://bulbapedia.bulbagarden.net/wiki/List_of_Pok%C3%A9mon_by_Pok%C3%A9dex_number_in_Pok%C3%A9mon_Pokopia
40,Wigglytuff,Normal,Fairy,Withered Wastelands; Bleak Beach; Rocky Ridges; Sparkling Skylands; Palette Town; Cloud Island,Befriend by building habitat: Recital stage (Rare),https://www.serebii.net/pokemonpokopia/pokedex/wigglytuff.shtml | https://bulbapedia.bulbagarden.net/wiki/List_of_Pok%C3%A9mon_by_Pok%C3%A9dex_number_in_Pok%C3%A9mon_Pokopia
50,Diglett,Ground,,Withered Wastelands; Bleak Beach; Rocky Ridges; Sparkling Skylands; Palette Town; Cloud Island,Befriend by building habitat: Tree-shaded red tall grass (Common); Container snacking (Common),https://www.serebii.net/pokemonpokopia/pokedex/diglett.shtml | https://bulbapedia.bulbagarden.net/wiki/List_of_Pok%C3%A9mon_by_Pok%C3%A9dex_number_in_Pok%C3%A9mon_Pokopia
51,Dugtrio,Ground,,Withered Wastelands; Bleak Beach; Rocky Ridges; Sparkling Skylands; Palette Town; Cloud Island,Befriend by building habitat: Tree-shaded red tall grass (Rare); House party (Common),https://www.serebii.net/pokemonpokopia/pokedex/dugtrio.shtml | https://bulbapedia.bulbagarden.net/wiki/List_of_Pok%C3%A9mon_by_Pok%C3%A9dex_number_in_Pok%C3%A9mon_Pokopia
66,Machop,Fighting,,Palette Town; Cloud Island,Befriend by building habitat: Boulder-shaded Tall Grass (Common),https://www.serebii.net/pokemonpokopia/pokedex/machop.shtml | https://bulbapedia.bulbagarden.net/wiki/List_of_Pok%C3%A9mon_by_Pok%C3%A9dex_number_in_Pok%C3%A9mon_Pokopia
67,Machoke,Fighting,,Withered Wastelands; Bleak Beach; Rocky Ridges; Sparkling Skylands; Palette Town; Cloud Island,Befriend by building habitat: Grassy training field (Common); Box to the rhythm (Common),https://www.serebii.net/pokemonpokopia/pokedex/machoke.shtml | https://bulbapedia.bulbagarden.net/wiki/List_of_Pok%C3%A9mon_by_Pok%C3%A9dex_number_in_Pok%C3%A9mon_Pokopia
68,Machamp,Fighting,,Withered Wastelands; Bleak Beach; Rocky Ridges; Sparkling Skylands; Palette Town; Cloud Island,Befriend by building habitat: Grassy training field (Rare); Clink-clang iron construction (Rare),https://www.serebii.net/pokemonpokopia/pokedex/machamp.shtml | https://bulbapedia.bulbagarden.net/wiki/List_of_Pok%C3%A9mon_by_Pok%C3%A9dex_number_in_Pok%C3%A9mon_Pokopia
74,Geodude,Rock,Ground,Palette Town; Cloud Island,Befriend by building habitat: Tall Grass (Common),https://www.serebii.net/pokemonpokopia/pokedex/geodude.shtml | https://bulbapedia.bulbagarden.net/wiki/List_of_Pok%C3%A9mon_by_Pok%C3%A9dex_number_in_Pok%C3%A9mon_Pokopia
75,Graveler,Rock,Ground,Withered Wastelands; Bleak Beach; Rocky Ridges; Sparkling Skylands; Palette Town; Cloud Island,Befriend by building habitat: Mossy boulder (Common),https://www.serebii.net/pokemonpokopia/pokedex/graveler.shtml | https://bulbapedia.bulbagarden.net/wiki/List_of_Pok%C3%A9mon_by_Pok%C3%A9dex_number_in_Pok%C3%A9mon_Pokopia
76,Golem,Rock,Ground,Withered Wastelands; Bleak Beach; Rocky Ridges; Sparkling Skylands; Palette Town; Cloud Island,Befriend by building habitat: Mossy boulder (Rare),https://www.serebii.net/pokemonpokopia/pokedex/golem.shtml | https://bulbapedia.bulbagarden.net/wiki/List_of_Pok%C3%A9mon_by_Pok%C3%A9dex_number_in_Pok%C3%A9mon_Pokopia
240,Magby,Fire,,Palette Town; Cloud Island,Befriend by building habitat: Pretty flower bed (Common),https://www.serebii.net/pokemonpokopia/pokedex/magby.shtml | https://bulbapedia.bulbagarden.net/wiki/List_of_Pok%C3%A9mon_by_Pok%C3%A9dex_number_in_Pok%C3%A9mon_Pokopia
126,Magmar,Fire,,Withered Wastelands; Bleak Beach; Rocky Ridges; Sparkling Skylands; Palette Town; Cloud Island,Befriend by building habitat: Digging and burning (Common),https://www.serebii.net/pokemonpokopia/pokedex/magmar.shtml | https://bulbapedia.bulbagarden.net/wiki/List_of_Pok%C3%A9mon_by_Pok%C3%A9dex_number_in_Pok%C3%A9mon_Pokopia
467,Magmortar,Fire,,Withered Wastelands; Bleak Beach; Rocky Ridges; Sparkling Skylands; Palette Town; Cloud Island,Befriend by building habitat: Mini kitchen (Rare),https://www.serebii.net/pokemonpokopia/pokedex/magmortar.shtml | https://bulbapedia.bulbagarden.net/wiki/List_of_Pok%C3%A9mon_by_Pok%C3%A9dex_number_in_Pok%C3%A9mon_Pokopia
438,Bonsly,Rock,,Withered Wastelands; Bleak Beach; Rocky Ridges; Sparkling Skylands; Palette Town; Cloud Island,Befriend by building habitat: Tree-shaded red tall grass (Common),https://www.serebii.net/pokemonpokopia/pokedex/bonsly.shtml | https://bulbapedia.bulbagarden.net/wiki/List_of_Pok%C3%A9mon_by_Pok%C3%A9dex_number_in_Pok%C3%A9mon_Pokopia
185,Sudowoodo,Rock,,Withered Wastelands; Bleak Beach; Rocky Ridges; Sparkling Skylands; Palette Town; Cloud Island,Befriend by building habitat: Tree-shaded red tall grass (Rare); House party (Common),https://www.serebii.net/pokemonpokopia/pokedex/sudowoodo.shtml | https://bulbapedia.bulbagarden.net/wiki/List_of_Pok%C3%A9mon_by_Pok%C3%A9dex_number_in_Pok%C3%A9mon_Pokopia
198,Murkrow,Dark,Flying,Withered Wastelands; Bleak Beach; Rocky Ridges; Sparkling Skylands; Palette Town; Cloud Island,Befriend by building habitat: Elevated red tall grass (Common); Tree-shaded graceful flower bed (Common). Restrictions: Elevated red tall grass [time: Night]; Tree-shaded graceful flower bed [time: Night],https://www.serebii.net/pokemonpokopia/pokedex/murkrow.shtml | https://bulbapedia.bulbagarden.net/wiki/List_of_Pok%C3%A9mon_by_Pok%C3%A9dex_number_in_Pok%C3%A9mon_Pokopia
430,Honchkrow,Dark,Flying,Withered Wastelands; Bleak Beach; Rocky Ridges; Sparkling Skylands; Palette Town; Cloud Island,Befriend by building habitat: Elevated red tall grass (Rare); Chirping recital (Rare). Restrictions: Elevated red tall grass [time: Morning/Day/Evening]; Chirping recital [time: Night],https://www.serebii.net/pokemonpokopia/pokedex/honchkrow.shtml | https://bulbapedia.bulbagarden.net/wiki/List_of_Pok%C3%A9mon_by_Pok%C3%A9dex_number_in_Pok%C3%A9mon_Pokopia
246,Larvitar,Rock,Ground,Withered Wastelands; Bleak Beach; Rocky Ridges; Sparkling Skylands; Palette Town; Cloud Island,Befriend by building habitat: Mossy rest spot (Common),https://www.serebii.net/pokemonpokopia/pokedex/larvitar.shtml | https://bulbapedia.bulbagarden.net/wiki/List_of_Pok%C3%A9mon_by_Pok%C3%A9dex_number_in_Pok%C3%A9mon_Pokopia
247,Pupitar,Rock,Ground,Withered Wastelands; Bleak Beach; Rocky Ridges; Sparkling Skylands; Palette Town; Cloud Island,Befriend by building habitat: Tree-shaded pink tall grass (Common),https://www.serebii.net/pokemonpokopia/pokedex/pupitar.shtml | https://bulbapedia.bulbagarden.net/wiki/List_of_Pok%C3%A9mon_by_Pok%C3%A9dex_number_in_Pok%C3%A9mon_Pokopia
248,Tyranitar,Rock,Dark,Withered Wastelands; Bleak Beach; Rocky Ridges; Sparkling Skylands; Palette Town; Cloud Island,Befriend by building habitat: Toil in the soil (Rare); Mossy rest spot (Very Rare),https://www.serebii.net/pokemonpokopia/pokedex/tyranitar.shtml | https://bulbapedia.bulbagarden.net/wiki/List_of_Pok%C3%A9mon_by_Pok%C3%A9dex_number_in_Pok%C3%A9mon_Pokopia
270,Lotad,Water,Grass,Withered Wastelands; Bleak Beach; Rocky Ridges; Sparkling Skylands; Palette Town; Cloud Island,Befriend by building habitat: Hydrated red tall grass (Common); Uplifting duckweed (Common); Hot-spring Fishing Spot (Common),https://www.serebii.net/pokemonpokopia/pokedex/lotad.shtml | https://bulbapedia.bulbagarden.net/wiki/List_of_Pok%C3%A9mon_by_Pok%C3%A9dex_number_in_Pok%C3%A9mon_Pokopia
271,Lombre,Water,Grass,Withered Wastelands; Bleak Beach; Rocky Ridges; Sparkling Skylands; Palette Town; Cloud Island,Befriend by building habitat: Hydrated red tall grass (Rare); Hot-spring Fishing Spot (Common),https://www.serebii.net/pokemonpokopia/pokedex/lombre.shtml | https://bulbapedia.bulbagarden.net/wiki/List_of_Pok%C3%A9mon_by_Pok%C3%A9dex_number_in_Pok%C3%A9mon_Pokopia
272,Ludicolo,Water,Grass,Withered Wastelands; Bleak Beach; Rocky Ridges; Sparkling Skylands; Palette Town; Cloud Island,Befriend by building habitat: Uplifting duckweed (Rare),https://www.serebii.net/pokemonpokopia/pokedex/ludicolo.shtml | https://bulbapedia.bulbagarden.net/wiki/List_of_Pok%C3%A9mon_by_Pok%C3%A9dex_number_in_Pok%C3%A9mon_Pokopia
303,Mawile,Steel,Fairy,Palette Town; Cloud Island,Befriend by building habitat: Working the register (Common),https://www.serebii.net/pokemonpokopia/pokedex/mawile.shtml | https://bulbapedia.bulbagarden.net/wiki/List_of_Pok%C3%A9mon_by_Pok%C3%A9dex_number_in_Pok%C3%A9mon_Pokopia
324,Torkoal,Fire,,Withered Wastelands; Bleak Beach; Rocky Ridges; Sparkling Skylands; Palette Town; Cloud Island,Befriend by building habitat: Mossy hot spring (Common),https://www.serebii.net/pokemonpokopia/pokedex/torkoal.shtml | https://bulbapedia.bulbagarden.net/wiki/List_of_Pok%C3%A9mon_by_Pok%C3%A9dex_number_in_Pok%C3%A9mon_Pokopia
401,Kricketot,Bug,,Withered Wastelands; Bleak Beach; Rocky Ridges; Sparkling Skylands; Palette Town; Cloud Island,Befriend by building habitat: Red tall grass (Common); Music and magazines (Common),https://www.serebii.net/pokemonpokopia/pokedex/kricketot.shtml | https://bulbapedia.bulbagarden.net/wiki/List_of_Pok%C3%A9mon_by_Pok%C3%A9dex_number_in_Pok%C3%A9mon_Pokopia
402,Kricketune,Bug,,Withered Wastelands; Bleak Beach; Rocky Ridges; Sparkling Skylands; Palette Town; Cloud Island,Befriend by building habitat: Red tall grass (Rare); Music and magazines (Common),https://www.serebii.net/pokemonpokopia/pokedex/kricketune.shtml | https://bulbapedia.bulbagarden.net/wiki/List_of_Pok%C3%A9mon_by_Pok%C3%A9dex_number_in_Pok%C3%A9mon_Pokopia
441,Chatot,Normal,Flying,Withered Wastelands; Bleak Beach; Rocky Ridges; Sparkling Skylands; Palette Town; Cloud Island,Befriend by building habitat: Elevated red tall grass (Common); Chirping recital (Common). Restrictions: Elevated red tall grass [time: Morning/Day/Evening]; Chirping recital [time: Morning/Day/Evening],https://www.serebii.net/pokemonpokopia/pokedex/chatot.shtml | https://bulbapedia.bulbagarden.net/wiki/List_of_Pok%C3%A9mon_by_Pok%C3%A9dex_number_in_Pok%C3%A9mon_Pokopia
447,Riolu,Fighting,,Withered Wastelands; Bleak Beach; Rocky Ridges; Sparkling Skylands; Palette Town; Cloud Island,Befriend by building habitat: Red tall grass (Common); Box to the rhythm (Common),https://www.serebii.net/pokemonpokopia/pokedex/riolu.shtml | https://bulbapedia.bulbagarden.net/wiki/List_of_Pok%C3%A9mon_by_Pok%C3%A9dex_number_in_Pok%C3%A9mon_Pokopia
448,Lucario,Fighting,Steel,Withered Wastelands; Bleak Beach; Rocky Ridges; Sparkling Skylands; Palette Town; Cloud Island,Befriend by building habitat: Box to the rhythm (Common),https://www.serebii.net/pokemonpokopia/pokedex/lucario.shtml | https://bulbapedia.bulbagarden.net/wiki/List_of_Pok%C3%A9mon_by_Pok%C3%A9dex_number_in_Pok%C3%A9mon_Pokopia
479,Rotom (Stereo Rotom / DJ Rotom),Electric,Normal,Withered Wastelands; Bleak Beach; Rocky Ridges; Sparkling Skylands; Palette Town; Cloud Island,Story NPC (Stereo Rotom / DJ Rotom); befriend by building habitat: Music and magazines (Rare),https://www.serebii.net/pokemonpokopia/pokedex/stereorotom.shtml | https://bulbapedia.bulbagarden.net/wiki/List_of_Pok%C3%A9mon_by_Pok%C3%A9dex_number_in_Pok%C3%A9mon_Pokopia
636,Larvesta,Bug,Fire,Withered Wastelands; Bleak Beach; Rocky Ridges; Sparkling Skylands; Palette Town; Cloud Island,Befriend by building habitat: Tree-shaded graceful flower bed (Common),https://www.serebii.net/pokemonpokopia/pokedex/larvesta.shtml | https://bulbapedia.bulbagarden.net/wiki/List_of_Pok%C3%A9mon_by_Pok%C3%A9dex_number_in_Pok%C3%A9mon_Pokopia
637,Volcarona,Bug,Fire,Withered Wastelands; Bleak Beach; Rocky Ridges; Sparkling Skylands; Palette Town; Cloud Island,Befriend by building habitat: Tree-shaded graceful flower bed (Very Rare); Piping-hot lava (Rare),https://www.serebii.net/pokemonpokopia/pokedex/volcarona.shtml | https://bulbapedia.bulbagarden.net/wiki/List_of_Pok%C3%A9mon_by_Pok%C3%A9dex_number_in_Pok%C3%A9mon_Pokopia
722,Rowlet,Grass,Flying,Palette Town; Cloud Island,Befriend by building habitat: Fresh Veggie Field (Common),https://www.serebii.net/pokemonpokopia/pokedex/rowlet.shtml | https://bulbapedia.bulbagarden.net/wiki/List_of_Pok%C3%A9mon_by_Pok%C3%A9dex_number_in_Pok%C3%A9mon_Pokopia
723,Dartrix,Grass,Flying,Withered Wastelands; Bleak Beach; Rocky Ridges; Sparkling Skylands; Palette Town; Cloud Island,Befriend by building habitat: Pointy tree-shaded rocky tall grass (Common),https://www.serebii.net/pokemonpokopia/pokedex/dartrix.shtml | https://bulbapedia.bulbagarden.net/wiki/List_of_Pok%C3%A9mon_by_Pok%C3%A9dex_number_in_Pok%C3%A9mon_Pokopia
724,Decidueye,Grass,Ghost,Withered Wastelands; Bleak Beach; Rocky Ridges; Sparkling Skylands; Palette Town; Cloud Island,Befriend by building habitat: Pointy tree-shaded rocky tall grass (Very Rare); Modern living (Rare),https://www.serebii.net/pokemonpokopia/pokedex/decidueye.shtml | https://bulbapedia.bulbagarden.net/wiki/List_of_Pok%C3%A9mon_by_Pok%C3%A9dex_number_in_Pok%C3%A9mon_Pokopia
813,Scorbunny,Fire,,Withered Wastelands; Bleak Beach; Rocky Ridges; Sparkling Skylands; Palette Town; Cloud Island,Befriend by building habitat: Red tall grass (Common),https://www.serebii.net/pokemonpokopia/pokedex/scorbunny.shtml | https://bulbapedia.bulbagarden.net/wiki/List_of_Pok%C3%A9mon_by_Pok%C3%A9dex_number_in_Pok%C3%A9mon_Pokopia
814,Raboot,Fire,,Withered Wastelands; Bleak Beach; Rocky Ridges; Sparkling Skylands; Palette Town; Cloud Island,Befriend by building habitat: Open-air bath (Common); Refreshing locker room (Common),https://www.serebii.net/pokemonpokopia/pokedex/raboot.shtml | https://bulbapedia.bulbagarden.net/wiki/List_of_Pok%C3%A9mon_by_Pok%C3%A9dex_number_in_Pok%C3%A9mon_Pokopia
815,Cinderace,Fire,,Withered Wastelands; Bleak Beach; Rocky Ridges; Sparkling Skylands; Palette Town; Cloud Island,Befriend by building habitat: Red tall grass (Very Rare); Refreshing locker room (Rare),https://www.serebii.net/pokemonpokopia/pokedex/cinderace.shtml | https://bulbapedia.bulbagarden.net/wiki/List_of_Pok%C3%A9mon_by_Pok%C3%A9dex_number_in_Pok%C3%A9mon_Pokopia
819,Skwovet,Normal,,Palette Town; Cloud Island,Befriend by building habitat: Tree-shaded tall grass (Common),https://www.serebii.net/pokemonpokopia/pokedex/skwovet.shtml | https://bulbapedia.bulbagarden.net/wiki/List_of_Pok%C3%A9mon_by_Pok%C3%A9dex_number_in_Pok%C3%A9mon_Pokopia
820,Greedent (Chef Dente),Normal,,Withered Wastelands; Bleak Beach; Rocky Ridges; Sparkling Skylands; Palette Town; Cloud Island,Story NPC (Chef Dente); befriend by building habitat: Chef's kitchen (Common),https://www.serebii.net/pokemonpokopia/pokedex/greedent.shtml | https://bulbapedia.bulbagarden.net/wiki/List_of_Pok%C3%A9mon_by_Pok%C3%A9dex_number_in_Pok%C3%A9mon_Pokopia
837,Rolycoly,Rock,,Withered Wastelands; Bleak Beach; Rocky Ridges; Sparkling Skylands; Palette Town; Cloud Island,Befriend by building habitat: Railroad crossing (Common),https://www.serebii.net/pokemonpokopia/pokedex/rolycoly.shtml | https://bulbapedia.bulbagarden.net/wiki/List_of_Pok%C3%A9mon_by_Pok%C3%A9dex_number_in_Pok%C3%A9mon_Pokopia
838,Carkol,Rock,Fire,Withered Wastelands; Bleak Beach; Rocky Ridges; Sparkling Skylands; Palette Town; Cloud Island,Befriend by building habitat: Railroad crossing (Common),https://www.serebii.net/pokemonpokopia/pokedex/carkol.shtml | https://bulbapedia.bulbagarden.net/wiki/List_of_Pok%C3%A9mon_by_Pok%C3%A9dex_number_in_Pok%C3%A9mon_Pokopia
839,Coalossal,Rock,Fire,Withered Wastelands; Bleak Beach; Rocky Ridges; Sparkling Skylands; Palette Town; Cloud Island,Befriend by building habitat: Railroad crossing (Very Rare); Heavy iron (Rare),https://www.serebii.net/pokemonpokopia/pokedex/coalossal.shtml | https://bulbapedia.bulbagarden.net/wiki/List_of_Pok%C3%A9mon_by_Pok%C3%A9dex_number_in_Pok%C3%A9mon_Pokopia
848,Toxel,Electric,Poison,Rocky Ridges; Cloud Island,Befriend by building habitat: Lazy-photo album scrolling (Common),https://www.serebii.net/pokemonpokopia/pokedex/toxel.shtml | https://bulbapedia.bulbagarden.net/wiki/List_of_Pok%C3%A9mon_by_Pok%C3%A9dex_number_in_Pok%C3%A9mon_Pokopia
849,Toxtricity (Amped Form),Electric,Poison,Withered Wastelands; Bleak Beach; Rocky Ridges; Sparkling Skylands; Palette Town; Cloud Island,Befriend by building habitat: Amped rock stage (Common),https://www.serebii.net/pokemonpokopia/pokedex/toxtricityampedform.shtml | https://bulbapedia.bulbagarden.net/wiki/List_of_Pok%C3%A9mon_by_Pok%C3%A9dex_number_in_Pok%C3%A9mon_Pokopia
926,Fidough,Fairy,,Withered Wastelands; Bleak Beach; Rocky Ridges; Sparkling Skylands; Palette Town; Cloud Island,Befriend by building habitat: Graceful flower bed (Common); Best bread bakery (Common). Restrictions: Graceful flower bed [time: Morning/Day/Evening]; Best bread bakery [time: Morning/Day/Evening],https://www.serebii.net/pokemonpokopia/pokedex/fidough.shtml | https://bulbapedia.bulbagarden.net/wiki/List_of_Pok%C3%A9mon_by_Pok%C3%A9dex_number_in_Pok%C3%A9mon_Pokopia
927,Dachsbun,Fairy,,Withered Wastelands; Bleak Beach; Rocky Ridges; Sparkling Skylands; Palette Town; Cloud Island,Befriend by building habitat: Graceful flower bed (Rare); Best bread bakery (Rare). Restrictions: Graceful flower bed [time: Morning/Day/Evening]; Best bread bakery [time: Morning/Day/Evening],https://www.serebii.net/pokemonpokopia/pokedex/dachsbun.shtml | https://bulbapedia.bulbagarden.net/wiki/List_of_Pok%C3%A9mon_by_Pok%C3%A9dex_number_in_Pok%C3%A9mon_Pokopia
935,Charcadet,Fire,,Withered Wastelands; Bleak Beach; Rocky Ridges; Sparkling Skylands; Palette Town; Cloud Island,Befriend by building habitat: Piping-hot lava (Common),https://www.serebii.net/pokemonpokopia/pokedex/charcadet.shtml | https://bulbapedia.bulbagarden.net/wiki/List_of_Pok%C3%A9mon_by_Pok%C3%A9dex_number_in_Pok%C3%A9mon_Pokopia
936,Armarouge,Fire,Psychic,Withered Wastelands; Bleak Beach; Rocky Ridges; Sparkling Skylands; Palette Town; Cloud Island,Befriend by building habitat: Auspicious knight's shrine (Rare),https://www.serebii.net/pokemonpokopia/pokedex/armarouge.shtml | https://bulbapedia.bulbagarden.net/wiki/List_of_Pok%C3%A9mon_by_Pok%C3%A9dex_number_in_Pok%C3%A9mon_Pokopia
937,Ceruledge,Fire,Ghost,Withered Wastelands; Bleak Beach; Rocky Ridges; Sparkling Skylands; Palette Town; Cloud Island,Befriend by building habitat: Malicious knight's shrine (Common),https://www.serebii.net/pokemonpokopia/pokedex/ceruledge.shtml | https://bulbapedia.bulbagarden.net/wiki/List_of_Pok%C3%A9mon_by_Pok%C3%A9dex_number_in_Pok%C3%A9mon_Pokopia
969,Glimmet,Rock,Poison,Withered Wastelands; Bleak Beach; Rocky Ridges; Sparkling Skylands; Palette Town; Cloud Island,Befriend by building habitat: Creepy white rocks (Common); Container snacking (Common),https://www.serebii.net/pokemonpokopia/pokedex/glimmet.shtml | https://bulbapedia.bulbagarden.net/wiki/List_of_Pok%C3%A9mon_by_Pok%C3%A9dex_number_in_Pok%C3%A9mon_Pokopia
970,Glimmora,Rock,Poison,Withered Wastelands; Bleak Beach; Rocky Ridges; Sparkling Skylands; Palette Town; Cloud Island,Befriend by building habitat: Creepy white rocks (Rare); Container snacking (Common),https://www.serebii.net/pokemonpokopia/pokedex/glimmora.shtml | https://bulbapedia.bulbagarden.net/wiki/List_of_Pok%C3%A9mon_by_Pok%C3%A9dex_number_in_Pok%C3%A9mon_Pokopia
999,Gimmighoul,Ghost,,Withered Wastelands; Bleak Beach; Rocky Ridges; Sparkling Skylands; Palette Town; Cloud Island,Befriend by building habitat: Mini museum (Common),https://www.serebii.net/pokemonpokopia/pokedex/gimmighoul.shtml | https://bulbapedia.bulbagarden.net/wiki/List_of_Pok%C3%A9mon_by_Pok%C3%A9dex_number_in_Pok%C3%A9mon_Pokopia
1000,Gholdengo,Steel,Ghost,Withered Wastelands; Bleak Beach; Rocky Ridges; Sparkling Skylands; Palette Town; Cloud Island,Befriend by building habitat: Absolute luxury (Rare),https://www.serebii.net/pokemonpokopia/pokedex/gholdengo.shtml | https://bulbapedia.bulbagarden.net/wiki/List_of_Pok%C3%A9mon_by_Pok%C3%A9dex_number_in_Pok%C3%A9mon_Pokopia
37,Vulpix,Fire,,Withered Wastelands; Bleak Beach; Rocky Ridges; Sparkling Skylands; Palette Town; Cloud Island,Befriend by building habitat: Fluffy flower bed (Common),https://www.serebii.net/pokemonpokopia/pokedex/vulpix.shtml | https://bulbapedia.bulbagarden.net/wiki/List_of_Pok%C3%A9mon_by_Pok%C3%A9dex_number_in_Pok%C3%A9mon_Pokopia
38,Ninetales,Fire,,Withered Wastelands; Bleak Beach; Rocky Ridges; Sparkling Skylands; Palette Town; Cloud Island,Befriend by building habitat: Fluffy flower bed (Rare); Nine flames (Common),https://www.serebii.net/pokemonpokopia/pokedex/ninetales.shtml | https://bulbapedia.bulbagarden.net/wiki/List_of_Pok%C3%A9mon_by_Pok%C3%A9dex_number_in_Pok%C3%A9mon_Pokopia
60,Poliwag,Water,,Withered Wastelands; Bleak Beach; Rocky Ridges; Sparkling Skylands; Palette Town; Cloud Island,Befriend by building habitat: Squeaky clean (Common),https://www.serebii.net/pokemonpokopia/pokedex/poliwag.shtml | https://bulbapedia.bulbagarden.net/wiki/List_of_Pok%C3%A9mon_by_Pok%C3%A9dex_number_in_Pok%C3%A9mon_Pokopia
61,Poliwhirl,Water,,Withered Wastelands; Bleak Beach; Rocky Ridges; Sparkling Skylands; Palette Town; Cloud Island,Befriend by building habitat: Hydrated fluffy flower bed (Rare),https://www.serebii.net/pokemonpokopia/pokedex/poliwhirl.shtml | https://bulbapedia.bulbagarden.net/wiki/List_of_Pok%C3%A9mon_by_Pok%C3%A9dex_number_in_Pok%C3%A9mon_Pokopia
62,Poliwrath,Water,Fighting,Withered Wastelands; Bleak Beach; Rocky Ridges; Sparkling Skylands; Palette Town; Cloud Island,Befriend by building habitat: Sewer hole inspection; Dojo training (Common),https://www.serebii.net/pokemonpokopia/pokedex/poliwrath.shtml | https://bulbapedia.bulbagarden.net/wiki/List_of_Pok%C3%A9mon_by_Pok%C3%A9dex_number_in_Pok%C3%A9mon_Pokopia
186,Politoed,Water,,Withered Wastelands; Bleak Beach; Rocky Ridges; Sparkling Skylands; Palette Town; Cloud Island,Befriend by building habitat: Hydrated graceful flower bed (Rare); Flower garden stump stage (Rare); Harmonious hot spring (Common),https://www.serebii.net/pokemonpokopia/pokedex/politoed.shtml | https://bulbapedia.bulbagarden.net/wiki/List_of_Pok%C3%A9mon_by_Pok%C3%A9dex_number_in_Pok%C3%A9mon_Pokopia
63,Abra,Psychic,,Withered Wastelands; Bleak Beach; Rocky Ridges; Sparkling Skylands; Palette Town; Cloud Island,Befriend by building habitat: Surging psychic power (Common); Fortune-teller's table (Common),https://www.serebii.net/pokemonpokopia/pokedex/abra.shtml | https://bulbapedia.bulbagarden.net/wiki/List_of_Pok%C3%A9mon_by_Pok%C3%A9dex_number_in_Pok%C3%A9mon_Pokopia
64,Kadabra,Psychic,,Withered Wastelands; Bleak Beach; Rocky Ridges; Sparkling Skylands; Palette Town; Cloud Island,Befriend by building habitat: Fortune-teller's table (Rare),https://www.serebii.net/pokemonpokopia/pokedex/kadabra.shtml | https://bulbapedia.bulbagarden.net/wiki/List_of_Pok%C3%A9mon_by_Pok%C3%A9dex_number_in_Pok%C3%A9mon_Pokopia
65,Alakazam,Psychic,,Sparkling Skylands; Cloud Island,Befriend by building habitat: Surging psychic power (Rare); Experiment Space (Common),https://www.serebii.net/pokemonpokopia/pokedex/alakazam.shtml | https://bulbapedia.bulbagarden.net/wiki/List_of_Pok%C3%A9mon_by_Pok%C3%A9dex_number_in_Pok%C3%A9mon_Pokopia
439,Mime Jr.,Psychic,Fairy,Withered Wastelands; Bleak Beach; Rocky Ridges; Sparkling Skylands; Palette Town; Cloud Island,Befriend by building habitat: Spotless Washing station (Common); Public reading material (Common),https://www.serebii.net/pokemonpokopia/pokedex/mimejr..shtml | https://bulbapedia.bulbagarden.net/wiki/List_of_Pok%C3%A9mon_by_Pok%C3%A9dex_number_in_Pok%C3%A9mon_Pokopia
122,Mr. Mime,Psychic,Fairy,Withered Wastelands; Bleak Beach; Rocky Ridges; Sparkling Skylands; Palette Town; Cloud Island,Befriend by building habitat: Spotless Washing station (Common),https://www.serebii.net/pokemonpokopia/pokedex/mr.mime.shtml | https://bulbapedia.bulbagarden.net/wiki/List_of_Pok%C3%A9mon_by_Pok%C3%A9dex_number_in_Pok%C3%A9mon_Pokopia
137,Porygon,Normal,,Withered Wastelands; Bleak Beach; Rocky Ridges; Sparkling Skylands; Palette Town; Cloud Island,Befriend by building habitat: Researcher's desk (Common),https://www.serebii.net/pokemonpokopia/pokedex/porygon.shtml | https://bulbapedia.bulbagarden.net/wiki/List_of_Pok%C3%A9mon_by_Pok%C3%A9dex_number_in_Pok%C3%A9mon_Pokopia
233,Porygon2,Normal,,Withered Wastelands; Bleak Beach; Rocky Ridges; Sparkling Skylands; Palette Town; Cloud Island,Befriend by building habitat: Work desk (Rare),https://www.serebii.net/pokemonpokopia/pokedex/porygon2.shtml | https://bulbapedia.bulbagarden.net/wiki/List_of_Pok%C3%A9mon_by_Pok%C3%A9dex_number_in_Pok%C3%A9mon_Pokopia
474,Porygon-Z,Normal,,Withered Wastelands; Bleak Beach; Rocky Ridges; Sparkling Skylands; Palette Town; Cloud Island,Befriend by building habitat: Game Corner battle zone (Rare),https://www.serebii.net/pokemonpokopia/pokedex/porygon-z.shtml | https://bulbapedia.bulbagarden.net/wiki/List_of_Pok%C3%A9mon_by_Pok%C3%A9dex_number_in_Pok%C3%A9mon_Pokopia
147,Dratini,Dragon,,Withered Wastelands; Bleak Beach; Rocky Ridges; Sparkling Skylands; Palette Town; Cloud Island,Befriend by building habitat: Hydrated fluffy flower bed (Common); Simple bathroom (Common),https://www.serebii.net/pokemonpokopia/pokedex/dratini.shtml | https://bulbapedia.bulbagarden.net/wiki/List_of_Pok%C3%A9mon_by_Pok%C3%A9dex_number_in_Pok%C3%A9mon_Pokopia
148,Dragonair,Dragon,,Withered Wastelands; Bleak Beach; Rocky Ridges; Sparkling Skylands; Palette Town; Cloud Island,Befriend by building habitat: Hydrated fluffy flower bed (Very Rare); Simple bathroom (Rare),https://www.serebii.net/pokemonpokopia/pokedex/dragonair.shtml | https://bulbapedia.bulbagarden.net/wiki/List_of_Pok%C3%A9mon_by_Pok%C3%A9dex_number_in_Pok%C3%A9mon_Pokopia
149,Dragonite,Dragon,Flying,Withered Wastelands; Bleak Beach; Rocky Ridges; Sparkling Skylands; Palette Town; Cloud Island,Befriend by building habitat: Waterside dinghy (Common),https://www.serebii.net/pokemonpokopia/pokedex/dragonite.shtml | https://bulbapedia.bulbagarden.net/wiki/List_of_Pok%C3%A9mon_by_Pok%C3%A9dex_number_in_Pok%C3%A9mon_Pokopia
155,Cyndaquil,Fire,,Withered Wastelands; Bleak Beach; Rocky Ridges; Sparkling Skylands; Palette Town; Cloud Island,Befriend by building habitat: Concrete pipe secret base (Common),https://www.serebii.net/pokemonpokopia/pokedex/cyndaquil.shtml | https://bulbapedia.bulbagarden.net/wiki/List_of_Pok%C3%A9mon_by_Pok%C3%A9dex_number_in_Pok%C3%A9mon_Pokopia
156,Quilava,Fire,,Withered Wastelands; Bleak Beach; Rocky Ridges; Sparkling Skylands; Palette Town; Cloud Island,Befriend by building habitat: Concrete pipe secret base (Common); Fireplace nap spot (Common),https://www.serebii.net/pokemonpokopia/pokedex/quilava.shtml | https://bulbapedia.bulbagarden.net/wiki/List_of_Pok%C3%A9mon_by_Pok%C3%A9dex_number_in_Pok%C3%A9mon_Pokopia
157,Typhlosion,Fire,,Withered Wastelands; Bleak Beach; Rocky Ridges; Sparkling Skylands; Palette Town; Cloud Island,Befriend by building habitat: Fireplace nap spot (Rare); Top pop (Rare),https://www.serebii.net/pokemonpokopia/pokedex/typhlosion.shtml | https://bulbapedia.bulbagarden.net/wiki/List_of_Pok%C3%A9mon_by_Pok%C3%A9dex_number_in_Pok%C3%A9mon_Pokopia
200,Misdreavus,Ghost,,Withered Wastelands; Bleak Beach; Rocky Ridges; Sparkling Skylands; Palette Town; Cloud Island,Befriend by building habitat: Fluffy flower bed (Common); Office storeroom (Common). Restrictions: Fluffy flower bed [time: Night]; Office storeroom [time: Night],https://www.serebii.net/pokemonpokopia/pokedex/misdreavus.shtml | https://bulbapedia.bulbagarden.net/wiki/List_of_Pok%C3%A9mon_by_Pok%C3%A9dex_number_in_Pok%C3%A9mon_Pokopia
429,Mismagius,Ghost,,Withered Wastelands; Bleak Beach; Rocky Ridges; Sparkling Skylands; Palette Town; Cloud Island,Befriend by building habitat: Fluffy flower bed (Very Rare); Home theater (Rare); Office storeroom (Rare). Restrictions: Fluffy flower bed [time: Night]; Home theater [time: Night]; Office storeroom [time: Night],https://www.serebii.net/pokemonpokopia/pokedex/mismagius.shtml | https://bulbapedia.bulbagarden.net/wiki/List_of_Pok%C3%A9mon_by_Pok%C3%A9dex_number_in_Pok%C3%A9mon_Pokopia
203,Girafarig,Normal,Psychic,Withered Wastelands; Bleak Beach; Rocky Ridges; Sparkling Skylands; Palette Town; Cloud Island,Befriend by building habitat: Tree-shaded fluffy flower bed (Common),https://www.serebii.net/pokemonpokopia/pokedex/girafarig.shtml | https://bulbapedia.bulbagarden.net/wiki/List_of_Pok%C3%A9mon_by_Pok%C3%A9dex_number_in_Pok%C3%A9mon_Pokopia
981,Farigiraf,Normal,Psychic,Withered Wastelands; Bleak Beach; Rocky Ridges; Sparkling Skylands; Palette Town; Cloud Island,Befriend by building habitat: Tree-shaded fluffy flower bed (Rare),https://www.serebii.net/pokemonpokopia/pokedex/farigiraf.shtml | https://bulbapedia.bulbagarden.net/wiki/List_of_Pok%C3%A9mon_by_Pok%C3%A9dex_number_in_Pok%C3%A9mon_Pokopia
280,Ralts,Psychic,Fairy,Withered Wastelands; Bleak Beach; Rocky Ridges; Sparkling Skylands; Palette Town; Cloud Island,Befriend by building habitat: Study Area (Common),https://www.serebii.net/pokemonpokopia/pokedex/ralts.shtml | https://bulbapedia.bulbagarden.net/wiki/List_of_Pok%C3%A9mon_by_Pok%C3%A9dex_number_in_Pok%C3%A9mon_Pokopia
281,Kirlia,Psychic,Fairy,Withered Wastelands; Bleak Beach; Rocky Ridges; Sparkling Skylands; Palette Town; Cloud Island,Befriend by building habitat: Study Area (Rare); Moisturizing makeup stand (Common),https://www.serebii.net/pokemonpokopia/pokedex/kirlia.shtml | https://bulbapedia.bulbagarden.net/wiki/List_of_Pok%C3%A9mon_by_Pok%C3%A9dex_number_in_Pok%C3%A9mon_Pokopia
282,Gardevoir,Psychic,Fairy,Withered Wastelands; Bleak Beach; Rocky Ridges; Sparkling Skylands; Palette Town; Cloud Island,Befriend by building habitat: Moisturizing makeup stand (Rare); Mini library (Rare),https://www.serebii.net/pokemonpokopia/pokedex/gardevoir.shtml | https://bulbapedia.bulbagarden.net/wiki/List_of_Pok%C3%A9mon_by_Pok%C3%A9dex_number_in_Pok%C3%A9mon_Pokopia
475,Gallade,Psychic,Fighting,Withered Wastelands; Bleak Beach; Rocky Ridges; Sparkling Skylands; Palette Town; Cloud Island,Befriend by building habitat: Dojo training (Rare),https://www.serebii.net/pokemonpokopia/pokedex/gallade.shtml | https://bulbapedia.bulbagarden.net/wiki/List_of_Pok%C3%A9mon_by_Pok%C3%A9dex_number_in_Pok%C3%A9mon_Pokopia
311,Plusle,Electric,,Withered Wastelands; Bleak Beach; Rocky Ridges; Sparkling Skylands; Palette Town; Cloud Island,Befriend by building habitat: Picturesque photo cutout board (Rare),https://www.serebii.net/pokemonpokopia/pokedex/plusle.shtml | https://bulbapedia.bulbagarden.net/wiki/List_of_Pok%C3%A9mon_by_Pok%C3%A9dex_number_in_Pok%C3%A9mon_Pokopia
312,Minun,Electric,,Withered Wastelands; Bleak Beach; Rocky Ridges; Sparkling Skylands; Palette Town; Cloud Island,Befriend by building habitat: Picturesque photo cutout board (Rare),https://www.serebii.net/pokemonpokopia/pokedex/minun.shtml | https://bulbapedia.bulbagarden.net/wiki/List_of_Pok%C3%A9mon_by_Pok%C3%A9dex_number_in_Pok%C3%A9mon_Pokopia
328,Trapinch,Ground,,Withered Wastelands; Bleak Beach; Rocky Ridges; Sparkling Skylands; Palette Town; Cloud Island,Befriend by building habitat: Pink tall grass (Common),https://www.serebii.net/pokemonpokopia/pokedex/trapinch.shtml | https://bulbapedia.bulbagarden.net/wiki/List_of_Pok%C3%A9mon_by_Pok%C3%A9dex_number_in_Pok%C3%A9mon_Pokopia
329,Vibrava,Ground,Dragon,Withered Wastelands; Bleak Beach; Rocky Ridges; Sparkling Skylands; Palette Town; Cloud Island,Befriend by building habitat: Pink tall grass (Rare),https://www.serebii.net/pokemonpokopia/pokedex/vibrava.shtml | https://bulbapedia.bulbagarden.net/wiki/List_of_Pok%C3%A9mon_by_Pok%C3%A9dex_number_in_Pok%C3%A9mon_Pokopia
330,Flygon,Ground,Dragon,Withered Wastelands; Bleak Beach; Rocky Ridges; Sparkling Skylands; Palette Town; Cloud Island,Befriend by building habitat: Pink tall grass (Rare),https://www.serebii.net/pokemonpokopia/pokedex/flygon.shtml | https://bulbapedia.bulbagarden.net/wiki/List_of_Pok%C3%A9mon_by_Pok%C3%A9dex_number_in_Pok%C3%A9mon_Pokopia
333,Swablu,Normal,Flying,Withered Wastelands; Bleak Beach; Rocky Ridges; Sparkling Skylands; Palette Town; Cloud Island,Befriend by building habitat: Pink tall grass (Common),https://www.serebii.net/pokemonpokopia/pokedex/swablu.shtml | https://bulbapedia.bulbagarden.net/wiki/List_of_Pok%C3%A9mon_by_Pok%C3%A9dex_number_in_Pok%C3%A9mon_Pokopia
334,Altaria,Dragon,Flying,Withered Wastelands; Bleak Beach; Rocky Ridges; Sparkling Skylands; Palette Town; Cloud Island,Befriend by building habitat: Birdsong garden (Common),https://www.serebii.net/pokemonpokopia/pokedex/altaria.shtml | https://bulbapedia.bulbagarden.net/wiki/List_of_Pok%C3%A9mon_by_Pok%C3%A9dex_number_in_Pok%C3%A9mon_Pokopia
355,Duskull,Ghost,,Withered Wastelands; Bleak Beach; Rocky Ridges; Sparkling Skylands; Palette Town; Cloud Island,Befriend by building habitat: Pink tall grass (Common). Restrictions: Pink tall grass [time: Night],https://www.serebii.net/pokemonpokopia/pokedex/duskull.shtml | https://bulbapedia.bulbagarden.net/wiki/List_of_Pok%C3%A9mon_by_Pok%C3%A9dex_number_in_Pok%C3%A9mon_Pokopia
356,Dusclops,Ghost,,Withered Wastelands; Bleak Beach; Rocky Ridges; Sparkling Skylands; Palette Town; Cloud Island,Befriend by building habitat: Trash site TV (Rare). Restrictions: Trash site TV [time: Night],https://www.serebii.net/pokemonpokopia/pokedex/dusclops.shtml | https://bulbapedia.bulbagarden.net/wiki/List_of_Pok%C3%A9mon_by_Pok%C3%A9dex_number_in_Pok%C3%A9mon_Pokopia
477,Dusknoir,Ghost,,Withered Wastelands; Bleak Beach; Rocky Ridges; Sparkling Skylands; Palette Town; Cloud Island,Befriend by building habitat: Trash site TV (Rare). Restrictions: Trash site TV [time: Night],https://www.serebii.net/pokemonpokopia/pokedex/dusknoir.shtml | https://bulbapedia.bulbagarden.net/wiki/List_of_Pok%C3%A9mon_by_Pok%C3%A9dex_number_in_Pok%C3%A9mon_Pokopia
374,Beldum,Steel,Psychic,Withered Wastelands; Bleak Beach; Rocky Ridges; Sparkling Skylands; Palette Town; Cloud Island,Befriend by building habitat: Cycling rest stop (Common),https://www.serebii.net/pokemonpokopia/pokedex/beldum.shtml | https://bulbapedia.bulbagarden.net/wiki/List_of_Pok%C3%A9mon_by_Pok%C3%A9dex_number_in_Pok%C3%A9mon_Pokopia
375,Metang,Steel,Psychic,Withered Wastelands; Bleak Beach; Rocky Ridges; Sparkling Skylands; Palette Town; Cloud Island,Befriend by building habitat: Professor's apprentice program (Common),https://www.serebii.net/pokemonpokopia/pokedex/metang.shtml | https://bulbapedia.bulbagarden.net/wiki/List_of_Pok%C3%A9mon_by_Pok%C3%A9dex_number_in_Pok%C3%A9mon_Pokopia
376,Metagross,Steel,Psychic,Withered Wastelands; Bleak Beach; Rocky Ridges; Sparkling Skylands; Palette Town; Cloud Island,Befriend by building habitat: Gamer's paradise (Rare),https://www.serebii.net/pokemonpokopia/pokedex/metagross.shtml | https://bulbapedia.bulbagarden.net/wiki/List_of_Pok%C3%A9mon_by_Pok%C3%A9dex_number_in_Pok%C3%A9mon_Pokopia
495,Snivy,Grass,,Withered Wastelands; Bleak Beach; Rocky Ridges; Sparkling Skylands; Palette Town; Cloud Island,Befriend by building habitat: Playland (Common),https://www.serebii.net/pokemonpokopia/pokedex/snivy.shtml | https://bulbapedia.bulbagarden.net/wiki/List_of_Pok%C3%A9mon_by_Pok%C3%A9dex_number_in_Pok%C3%A9mon_Pokopia
496,Servine,Grass,,Withered Wastelands; Bleak Beach; Rocky Ridges; Sparkling Skylands; Palette Town; Cloud Island,Befriend by building habitat: Tree-shaded fluffy flower bed (Rare),https://www.serebii.net/pokemonpokopia/pokedex/servine.shtml | https://bulbapedia.bulbagarden.net/wiki/List_of_Pok%C3%A9mon_by_Pok%C3%A9dex_number_in_Pok%C3%A9mon_Pokopia
497,Serperior,Grass,,Withered Wastelands; Bleak Beach; Rocky Ridges; Sparkling Skylands; Palette Town; Cloud Island,Befriend by building habitat: Tree-shaded fluffy flower bed (Very Rare); Public reading material (Rare),https://www.serebii.net/pokemonpokopia/pokedex/serperior.shtml | https://bulbapedia.bulbagarden.net/wiki/List_of_Pok%C3%A9mon_by_Pok%C3%A9dex_number_in_Pok%C3%A9mon_Pokopia
656,Froakie,Water,,Withered Wastelands; Bleak Beach; Rocky Ridges; Sparkling Skylands; Palette Town; Cloud Island,Befriend by building habitat: Hydrated pink tall grass (Common),https://www.serebii.net/pokemonpokopia/pokedex/froakie.shtml | https://bulbapedia.bulbagarden.net/wiki/List_of_Pok%C3%A9mon_by_Pok%C3%A9dex_number_in_Pok%C3%A9mon_Pokopia
657,Frogadier,Water,,Withered Wastelands; Bleak Beach; Rocky Ridges; Sparkling Skylands; Palette Town; Cloud Island,Befriend by building habitat: Hydrated pink tall grass (Common); Prank button (Rare),https://www.serebii.net/pokemonpokopia/pokedex/frogadier.shtml | https://bulbapedia.bulbagarden.net/wiki/List_of_Pok%C3%A9mon_by_Pok%C3%A9dex_number_in_Pok%C3%A9mon_Pokopia
658,Greninja,Water,Dark,Withered Wastelands; Bleak Beach; Rocky Ridges; Sparkling Skylands; Palette Town; Cloud Island,Befriend by building habitat: Hydrated pink tall grass (Rare); Prank button (Rare),https://www.serebii.net/pokemonpokopia/pokedex/greninja.shtml | https://bulbapedia.bulbagarden.net/wiki/List_of_Pok%C3%A9mon_by_Pok%C3%A9dex_number_in_Pok%C3%A9mon_Pokopia
702,Dedenne,Electric,Fairy,Sparkling Skylands; Cloud Island,Befriend by building habitat: Tire Park (Common),https://www.serebii.net/pokemonpokopia/pokedex/dedenne.shtml | https://bulbapedia.bulbagarden.net/wiki/List_of_Pok%C3%A9mon_by_Pok%C3%A9dex_number_in_Pok%C3%A9mon_Pokopia
714,Noibat,Flying,Dragon,Withered Wastelands; Bleak Beach; Rocky Ridges; Sparkling Skylands; Palette Town; Cloud Island,Befriend by building habitat: Rhythmic Living room (Common),https://www.serebii.net/pokemonpokopia/pokedex/noibat.shtml | https://bulbapedia.bulbagarden.net/wiki/List_of_Pok%C3%A9mon_by_Pok%C3%A9dex_number_in_Pok%C3%A9mon_Pokopia
715,Noivern,Flying,Dragon,Withered Wastelands; Bleak Beach; Rocky Ridges; Sparkling Skylands; Palette Town; Cloud Island,Befriend by building habitat: Rhythmic Living room (Rare),https://www.serebii.net/pokemonpokopia/pokedex/noivern.shtml | https://bulbapedia.bulbagarden.net/wiki/List_of_Pok%C3%A9mon_by_Pok%C3%A9dex_number_in_Pok%C3%A9mon_Pokopia
821,Rookidee,Flying,,Withered Wastelands; Bleak Beach; Rocky Ridges; Sparkling Skylands; Palette Town; Cloud Island,Befriend by building habitat: Fluffy flower bed (Common),https://www.serebii.net/pokemonpokopia/pokedex/rookidee.shtml | https://bulbapedia.bulbagarden.net/wiki/List_of_Pok%C3%A9mon_by_Pok%C3%A9dex_number_in_Pok%C3%A9mon_Pokopia
822,Corvisquire,Flying,,Withered Wastelands; Bleak Beach; Rocky Ridges; Sparkling Skylands; Palette Town; Cloud Island,Befriend by building habitat: Elevated pink tall grass (Common),https://www.serebii.net/pokemonpokopia/pokedex/corvisquire.shtml | https://bulbapedia.bulbagarden.net/wiki/List_of_Pok%C3%A9mon_by_Pok%C3%A9dex_number_in_Pok%C3%A9mon_Pokopia
823,Corviknight,Flying,Steel,Withered Wastelands; Bleak Beach; Rocky Ridges; Sparkling Skylands; Palette Town; Cloud Island,Befriend by building habitat: Elevated pink tall grass (Very Rare); Sewer hole inspection,https://www.serebii.net/pokemonpokopia/pokedex/corviknight.shtml | https://bulbapedia.bulbagarden.net/wiki/List_of_Pok%C3%A9mon_by_Pok%C3%A9dex_number_in_Pok%C3%A9mon_Pokopia
885,Dreepy,Dragon,Ghost,Withered Wastelands; Bleak Beach; Rocky Ridges; Sparkling Skylands; Palette Town; Cloud Island,Befriend by building habitat: Tree-shaded pink tall grass (Common),https://www.serebii.net/pokemonpokopia/pokedex/dreepy.shtml | https://bulbapedia.bulbagarden.net/wiki/List_of_Pok%C3%A9mon_by_Pok%C3%A9dex_number_in_Pok%C3%A9mon_Pokopia
886,Drakloak,Dragon,Ghost,Withered Wastelands; Bleak Beach; Rocky Ridges; Sparkling Skylands; Palette Town; Cloud Island,Befriend by building habitat: Tree-shaded pink tall grass (Rare); Office storeroom (Common),https://www.serebii.net/pokemonpokopia/pokedex/drakloak.shtml | https://bulbapedia.bulbagarden.net/wiki/List_of_Pok%C3%A9mon_by_Pok%C3%A9dex_number_in_Pok%C3%A9mon_Pokopia
887,Dragapult,Dragon,Ghost,Withered Wastelands; Bleak Beach; Rocky Ridges; Sparkling Skylands; Palette Town; Cloud Island,Befriend by building habitat: Office storeroom (Rare),https://www.serebii.net/pokemonpokopia/pokedex/dragapult.shtml | https://bulbapedia.bulbagarden.net/wiki/List_of_Pok%C3%A9mon_by_Pok%C3%A9dex_number_in_Pok%C3%A9mon_Pokopia
906,Sprigatito,Grass,,Withered Wastelands; Bleak Beach; Rocky Ridges; Sparkling Skylands; Palette Town; Cloud Island,Befriend by building habitat: Tree-shaded pink tall grass (Common); Interrogation desk (Common),https://www.serebii.net/pokemonpokopia/pokedex/sprigatito.shtml | https://bulbapedia.bulbagarden.net/wiki/List_of_Pok%C3%A9mon_by_Pok%C3%A9dex_number_in_Pok%C3%A9mon_Pokopia
907,Floragato,Grass,,Withered Wastelands; Bleak Beach; Rocky Ridges; Sparkling Skylands; Palette Town; Cloud Island,Befriend by building habitat: Interrogation desk (Common),https://www.serebii.net/pokemonpokopia/pokedex/floragato.shtml | https://bulbapedia.bulbagarden.net/wiki/List_of_Pok%C3%A9mon_by_Pok%C3%A9dex_number_in_Pok%C3%A9mon_Pokopia
908,Meowscarada,Grass,Dark,Withered Wastelands; Bleak Beach; Rocky Ridges; Sparkling Skylands; Palette Town; Cloud Island,Befriend by building habitat: Heart-pounding surprise box (Rare),https://www.serebii.net/pokemonpokopia/pokedex/meowscarada.shtml | https://bulbapedia.bulbagarden.net/wiki/List_of_Pok%C3%A9mon_by_Pok%C3%A9dex_number_in_Pok%C3%A9mon_Pokopia
940,Wattrel,Electric,Flying,Withered Wastelands; Bleak Beach; Rocky Ridges; Sparkling Skylands; Palette Town; Cloud Island,Befriend by building habitat: Elevated pink tall grass (Common),https://www.serebii.net/pokemonpokopia/pokedex/wattrel.shtml | https://bulbapedia.bulbagarden.net/wiki/List_of_Pok%C3%A9mon_by_Pok%C3%A9dex_number_in_Pok%C3%A9mon_Pokopia
941,Kilowattrel,Electric,Flying,Withered Wastelands; Bleak Beach; Rocky Ridges; Sparkling Skylands; Palette Town; Cloud Island,Befriend by building habitat: Elevated pink tall grass (Rare),https://www.serebii.net/pokemonpokopia/pokedex/kilowattrel.shtml | https://bulbapedia.bulbagarden.net/wiki/List_of_Pok%C3%A9mon_by_Pok%C3%A9dex_number_in_Pok%C3%A9mon_Pokopia
957,Tinkatink,Fairy,Steel,Palette Town; Cloud Island,Befriend by building habitat: Large luggage carrier (Common); Oversized dumping ground (Common),https://www.serebii.net/pokemonpokopia/pokedex/tinkatink.shtml | https://bulbapedia.bulbagarden.net/wiki/List_of_Pok%C3%A9mon_by_Pok%C3%A9dex_number_in_Pok%C3%A9mon_Pokopia
958,Tinkatuff,Fairy,Steel,Withered Wastelands; Bleak Beach; Rocky Ridges; Sparkling Skylands; Palette Town; Cloud Island,Befriend by building habitat: Large luggage carrier (Rare); Sewer hole inspection,https://www.serebii.net/pokemonpokopia/pokedex/tinkatuff.shtml | https://bulbapedia.bulbagarden.net/wiki/List_of_Pok%C3%A9mon_by_Pok%C3%A9dex_number_in_Pok%C3%A9mon_Pokopia
959,Tinkaton (Tinkmaster),Fairy,Steel,Withered Wastelands; Bleak Beach; Rocky Ridges; Sparkling Skylands; Palette Town; Cloud Island,Story NPC (Tinkmaster); befriend by building habitat: Oversized dumping ground (Common),https://www.serebii.net/pokemonpokopia/pokedex/tinkaton.shtml | https://bulbapedia.bulbagarden.net/wiki/List_of_Pok%C3%A9mon_by_Pok%C3%A9dex_number_in_Pok%C3%A9mon_Pokopia
142,Aerodactyl,Rock,Flying,Withered Wastelands; Bleak Beach; Rocky Ridges; Sparkling Skylands; Palette Town; Cloud Island,Befriend by building habitat: Wing Fossil Display (Common),https://www.serebii.net/pokemonpokopia/pokedex/aerodactyl.shtml | https://bulbapedia.bulbagarden.net/wiki/List_of_Pok%C3%A9mon_by_Pok%C3%A9dex_number_in_Pok%C3%A9mon_Pokopia
408,Cranidos,Rock,,Withered Wastelands; Bleak Beach; Rocky Ridges; Sparkling Skylands; Palette Town; Cloud Island,Befriend by building habitat: Skull Fossil display (Common),https://www.serebii.net/pokemonpokopia/pokedex/cranidos.shtml | https://bulbapedia.bulbagarden.net/wiki/List_of_Pok%C3%A9mon_by_Pok%C3%A9dex_number_in_Pok%C3%A9mon_Pokopia
409,Rampardos,Rock,,Withered Wastelands; Bleak Beach; Rocky Ridges; Sparkling Skylands; Palette Town; Cloud Island,Befriend by building habitat: Headbutt Fossil display (Common),https://www.serebii.net/pokemonpokopia/pokedex/rampardos.shtml | https://bulbapedia.bulbagarden.net/wiki/List_of_Pok%C3%A9mon_by_Pok%C3%A9dex_number_in_Pok%C3%A9mon_Pokopia
410,Shieldon,Rock,Steel,Withered Wastelands; Bleak Beach; Rocky Ridges; Sparkling Skylands; Palette Town; Cloud Island,Befriend by building habitat: Armor Fossil display (Common),https://www.serebii.net/pokemonpokopia/pokedex/shieldon.shtml | https://bulbapedia.bulbagarden.net/wiki/List_of_Pok%C3%A9mon_by_Pok%C3%A9dex_number_in_Pok%C3%A9mon_Pokopia
411,Bastiodon,Rock,Steel,Withered Wastelands; Bleak Beach; Rocky Ridges; Sparkling Skylands; Palette Town; Cloud Island,Befriend by building habitat: Shield Fossil display (Common),https://www.serebii.net/pokemonpokopia/pokedex/bastiodon.shtml | https://bulbapedia.bulbagarden.net/wiki/List_of_Pok%C3%A9mon_by_Pok%C3%A9dex_number_in_Pok%C3%A9mon_Pokopia
696,Tyrunt,Rock,Dragon,Withered Wastelands; Bleak Beach; Rocky Ridges; Sparkling Skylands; Palette Town; Cloud Island,Befriend by building habitat: Jaw Fossil display (Common),https://www.serebii.net/pokemonpokopia/pokedex/tyrunt.shtml | https://bulbapedia.bulbagarden.net/wiki/List_of_Pok%C3%A9mon_by_Pok%C3%A9dex_number_in_Pok%C3%A9mon_Pokopia
697,Tyrantrum,Rock,Dragon,Withered Wastelands; Bleak Beach; Rocky Ridges; Sparkling Skylands; Palette Town; Cloud Island,Befriend by building habitat: Despot fossil display (Common),https://www.serebii.net/pokemonpokopia/pokedex/tyrantrum.shtml | https://bulbapedia.bulbagarden.net/wiki/List_of_Pok%C3%A9mon_by_Pok%C3%A9dex_number_in_Pok%C3%A9mon_Pokopia
698,Amaura,Rock,Ice,Withered Wastelands; Bleak Beach; Rocky Ridges; Sparkling Skylands; Palette Town; Cloud Island,Befriend by building habitat: Sail Fossil display (Common),https://www.serebii.net/pokemonpokopia/pokedex/amaura.shtml | https://bulbapedia.bulbagarden.net/wiki/List_of_Pok%C3%A9mon_by_Pok%C3%A9dex_number_in_Pok%C3%A9mon_Pokopia
699,Aurorus,Rock,Ice,Withered Wastelands; Bleak Beach; Rocky Ridges; Sparkling Skylands; Palette Town; Cloud Island,Befriend by building habitat: Tundra fossil display (Common),https://www.serebii.net/pokemonpokopia/pokedex/aurorus.shtml | https://bulbapedia.bulbagarden.net/wiki/List_of_Pok%C3%A9mon_by_Pok%C3%A9dex_number_in_Pok%C3%A9mon_Pokopia
133,Eevee,Normal,,Withered Wastelands; Bleak Beach; Rocky Ridges; Sparkling Skylands; Palette Town; Cloud Island,Befriend by building habitat: Pretty flower bed (Common),https://www.serebii.net/pokemonpokopia/pokedex/eevee.shtml | https://bulbapedia.bulbagarden.net/wiki/List_of_Pok%C3%A9mon_by_Pok%C3%A9dex_number_in_Pok%C3%A9mon_Pokopia
134,Vaporeon,Water,,Palette Town; Cloud Island,Befriend by building habitat: Boundless blue beverage (Common),https://www.serebii.net/pokemonpokopia/pokedex/vaporeon.shtml | https://bulbapedia.bulbagarden.net/wiki/List_of_Pok%C3%A9mon_by_Pok%C3%A9dex_number_in_Pok%C3%A9mon_Pokopia
135,Jolteon,Electric,,Palette Town; Cloud Island,Befriend by building habitat: Electrifying potatoes (Common),https://www.serebii.net/pokemonpokopia/pokedex/jolteon.shtml | https://bulbapedia.bulbagarden.net/wiki/List_of_Pok%C3%A9mon_by_Pok%C3%A9dex_number_in_Pok%C3%A9mon_Pokopia
136,Flareon,Fire,,Palette Town; Cloud Island,Befriend by building habitat: Burning-hot spice (Common),https://www.serebii.net/pokemonpokopia/pokedex/flareon.shtml | https://bulbapedia.bulbagarden.net/wiki/List_of_Pok%C3%A9mon_by_Pok%C3%A9dex_number_in_Pok%C3%A9mon_Pokopia
196,Espeon,Psychic,,Palette Town; Cloud Island,Befriend by building habitat: Elegant daytime treats (Common),https://www.serebii.net/pokemonpokopia/pokedex/espeon.shtml | https://bulbapedia.bulbagarden.net/wiki/List_of_Pok%C3%A9mon_by_Pok%C3%A9dex_number_in_Pok%C3%A9mon_Pokopia
197,Umbreon,Dark,,Palette Town; Cloud Island,Befriend by building habitat: Dark-chocolate cookies (Common),https://www.serebii.net/pokemonpokopia/pokedex/umbreon.shtml | https://bulbapedia.bulbagarden.net/wiki/List_of_Pok%C3%A9mon_by_Pok%C3%A9dex_number_in_Pok%C3%A9mon_Pokopia
470,Leafeon,Grass,,Palette Town; Cloud Island,Befriend by building habitat: Leafy greens sandwich (Common),https://www.serebii.net/pokemonpokopia/pokedex/leafeon.shtml | https://bulbapedia.bulbagarden.net/wiki/List_of_Pok%C3%A9mon_by_Pok%C3%A9dex_number_in_Pok%C3%A9mon_Pokopia
471,Glaceon,Ice,,Palette Town; Cloud Island,Befriend by building habitat: Chilly shaved ice (Common),https://www.serebii.net/pokemonpokopia/pokedex/glaceon.shtml | https://bulbapedia.bulbagarden.net/wiki/List_of_Pok%C3%A9mon_by_Pok%C3%A9dex_number_in_Pok%C3%A9mon_Pokopia
700,Sylveon,Fairy,,Palette Town; Cloud Island,Befriend by building habitat: Lovely ribbon cake (Common),https://www.serebii.net/pokemonpokopia/pokedex/sylveon.shtml | https://bulbapedia.bulbagarden.net/wiki/List_of_Pok%C3%A9mon_by_Pok%C3%A9dex_number_in_Pok%C3%A9mon_Pokopia
382,Kyogre,Water,,Withered Wastelands; Palette Town,Legendary: story encounter while progressing the Withered Wastelands storyline; can be met again in Withered Wastelands or Palette Town (Game8).,https://www.serebii.net/pokemonpokopia/pokedex/kyogre.shtml | https://game8.co/games/Pokemon-Pokopia/archives/585161 | https://www.nintendolife.com/guides/pokemon-pokopia-complete-pokedex-all-pokemon-habitats
243,Raikou,Electric,,Bleak Beach; Dream Islands,Legendary: story encounter while progressing the Bleak Beach storyline; afterwards met again on a Dream Island unlocked with a Pikachu Doll (Game8; Nintendo Life: found via Pikachu Doll).,https://www.serebii.net/pokemonpokopia/pokedex/raikou.shtml | https://game8.co/games/Pokemon-Pokopia/archives/585161 | https://www.nintendolife.com/guides/pokemon-pokopia-complete-pokedex-all-pokemon-habitats
244,Entei,Fire,,Dream Islands,Legendary: encountered randomly on a Dream Island unlocked with an Arcanine Doll (Game8; Nintendo Life).,https://www.serebii.net/pokemonpokopia/pokedex/entei.shtml | https://game8.co/games/Pokemon-Pokopia/archives/585161 | https://www.nintendolife.com/guides/pokemon-pokopia-complete-pokedex-all-pokemon-habitats
245,Suicune,Water,,Dream Islands,Legendary: encountered randomly on a Dream Island unlocked with an Eevee Doll (Game8; Nintendo Life).,https://www.serebii.net/pokemonpokopia/pokedex/suicune.shtml | https://game8.co/games/Pokemon-Pokopia/archives/585161 | https://www.nintendolife.com/guides/pokemon-pokopia-complete-pokedex-all-pokemon-habitats
721,Volcanion,Fire,Water,Rocky Ridges,Legendary: story encounter while progressing the Rocky Ridges storyline; afterwards invite it into a home by throwing a party using Fireworks (Game8; Nintendo Life: throw a party at Rocky Ridges).,https://www.serebii.net/pokemonpokopia/pokedex/volcanion.shtml | https://game8.co/games/Pokemon-Pokopia/archives/585161 | https://www.nintendolife.com/guides/pokemon-pokopia-complete-pokedex-all-pokemon-habitats
144,Articuno,Ice,Flying,Palette Town,Legendary: acquire the Freezing Chambers kit and build the structure in Palette Town (Game8; Nintendo Life: must build Frozen Chambers).,https://www.serebii.net/pokemonpokopia/pokedex/articuno.shtml | https://game8.co/games/Pokemon-Pokopia/archives/585161 | https://www.nintendolife.com/guides/pokemon-pokopia-complete-pokedex-all-pokemon-habitats
145,Zapdos,Electric,Flying,Palette Town,Legendary: acquire the Abandoned Power Plant kit and build the structure in Palette Town (Game8; Nintendo Life).,https://www.serebii.net/pokemonpokopia/pokedex/zapdos.shtml | https://game8.co/games/Pokemon-Pokopia/archives/585161 | https://www.nintendolife.com/guides/pokemon-pokopia-complete-pokedex-all-pokemon-habitats
146,Moltres,Fire,Flying,Palette Town,Legendary: acquire the Altar of Flame kit and build the structure in Palette Town (Game8; Nintendo Life).,https://www.serebii.net/pokemonpokopia/pokedex/moltres.shtml | https://game8.co/games/Pokemon-Pokopia/archives/585161 | https://www.nintendolife.com/guides/pokemon-pokopia-complete-pokedex-all-pokemon-habitats
249,Lugia,Psychic,Flying,,"Legendary: befriend all three Legendary Birds (Articuno, Zapdos, Moltres), then summon Lugia with the Sea Bell (Game8) / Tidal Bell (Nintendo Life).",https://www.serebii.net/pokemonpokopia/pokedex/lugia.shtml | https://game8.co/games/Pokemon-Pokopia/archives/585161 | https://www.nintendolife.com/guides/pokemon-pokopia-complete-pokedex-all-pokemon-habitats
250,Ho-Oh,Fire,Flying,,"Legendary: befriend all three Legendary Beasts (Raikou, Entei, Suicune), then summon Ho-Oh with the Transparent Bell (Game8) / Clear Bell (Nintendo Life).",https://www.serebii.net/pokemonpokopia/pokedex/ho-oh.shtml | https://game8.co/games/Pokemon-Pokopia/archives/585161 | https://www.nintendolife.com/guides/pokemon-pokopia-complete-pokedex-all-pokemon-habitats
150,Mewtwo,Psychic,,Sparkling Skylands; Dream Islands,Legendary: story encounter while progressing the Sparkling Skylands storyline; afterwards met on a Dream Island unlocked with a Dragonite Doll (Game8; Nintendo Life).,https://www.serebii.net/pokemonpokopia/pokedex/mewtwo.shtml | https://game8.co/games/Pokemon-Pokopia/archives/585161 | https://www.nintendolife.com/guides/pokemon-pokopia-complete-pokedex-all-pokemon-habitats
151,Mew,Psychic,,Withered Wastelands,Mythical: collect all 27 Mysterious Slates and place them on the wall in Withered Wastelands (Game8; Nintendo Life: Mysterious Slate puzzle).,https://www.serebii.net/pokemonpokopia/pokedex/mew.shtml | https://game8.co/games/Pokemon-Pokopia/archives/585161 | https://www.nintendolife.com/guides/pokemon-pokopia-complete-pokedex-all-pokemon-habitats
90,Shellder,Water,,Withered Wastelands; Bleak Beach; Rocky Ridges; Sparkling Skylands; Palette Town; Cloud Island; Bubbly Basin,Expansion Pass (Bubbly Basin DLC) required; befriend by building habitat: Basin tall grass and coral (Common); Sandy digging spot (Common),https://www.serebii.net/pokemonpokopia/pokedex/shellder.shtml | https://bulbapedia.bulbagarden.net/wiki/List_of_Pok%C3%A9mon_by_Pok%C3%A9dex_(Basin)_number_in_Pok%C3%A9mon_Pokopia
91,Cloyster,Water,Ice,Withered Wastelands; Bleak Beach; Rocky Ridges; Sparkling Skylands; Palette Town; Cloud Island; Bubbly Basin,Expansion Pass (Bubbly Basin DLC) required; befriend by building habitat: Swaying flower bed and seaweed (Common),https://www.serebii.net/pokemonpokopia/pokedex/cloyster.shtml | https://bulbapedia.bulbagarden.net/wiki/List_of_Pok%C3%A9mon_by_Pok%C3%A9dex_(Basin)_number_in_Pok%C3%A9mon_Pokopia
116,Horsea,Water,,Withered Wastelands; Bleak Beach; Rocky Ridges; Sparkling Skylands; Palette Town; Cloud Island; Bubbly Basin,Expansion Pass (Bubbly Basin DLC) required; befriend by building habitat: Coral congregation (Common),https://www.serebii.net/pokemonpokopia/pokedex/horsea.shtml | https://bulbapedia.bulbagarden.net/wiki/List_of_Pok%C3%A9mon_by_Pok%C3%A9dex_(Basin)_number_in_Pok%C3%A9mon_Pokopia
117,Seadra,Water,,Withered Wastelands; Bleak Beach; Rocky Ridges; Sparkling Skylands; Palette Town; Cloud Island; Bubbly Basin,Expansion Pass (Bubbly Basin DLC) required; befriend by building habitat: Coral congregation (Common),https://www.serebii.net/pokemonpokopia/pokedex/seadra.shtml | https://bulbapedia.bulbagarden.net/wiki/List_of_Pok%C3%A9mon_by_Pok%C3%A9dex_(Basin)_number_in_Pok%C3%A9mon_Pokopia
230,Kingdra,Water,Dragon,Withered Wastelands; Bleak Beach; Rocky Ridges; Sparkling Skylands; Palette Town; Cloud Island; Bubbly Basin,Expansion Pass (Bubbly Basin DLC) required; befriend by building habitat: Coral congregation (Very Rare); Marine makeup stand (Rare),https://www.serebii.net/pokemonpokopia/pokedex/kingdra.shtml | https://bulbapedia.bulbagarden.net/wiki/List_of_Pok%C3%A9mon_by_Pok%C3%A9dex_(Basin)_number_in_Pok%C3%A9mon_Pokopia
120,Staryu,Water,,Withered Wastelands; Bleak Beach; Rocky Ridges; Sparkling Skylands; Palette Town; Cloud Island; Bubbly Basin,Expansion Pass (Bubbly Basin DLC) required; befriend by building habitat: Swaying flower bed (Common). Restrictions: Swaying flower bed [time: Night],https://www.serebii.net/pokemonpokopia/pokedex/staryu.shtml | https://bulbapedia.bulbagarden.net/wiki/List_of_Pok%C3%A9mon_by_Pok%C3%A9dex_(Basin)_number_in_Pok%C3%A9mon_Pokopia
121,Starmie,Water,Psychic,Withered Wastelands; Bleak Beach; Rocky Ridges; Sparkling Skylands; Palette Town; Cloud Island; Bubbly Basin,Expansion Pass (Bubbly Basin DLC) required; befriend by building habitat: Mermaid's Gym (Rare),https://www.serebii.net/pokemonpokopia/pokedex/starmie.shtml | https://bulbapedia.bulbagarden.net/wiki/List_of_Pok%C3%A9mon_by_Pok%C3%A9dex_(Basin)_number_in_Pok%C3%A9mon_Pokopia
158,Totodile,Water,,Withered Wastelands; Bleak Beach; Rocky Ridges; Sparkling Skylands; Palette Town; Cloud Island; Bubbly Basin,Expansion Pass (Bubbly Basin DLC) required; befriend by building habitat: Basin tall grass (Common); Canoe dock (Common); Bubbly bathtub (Common),https://www.serebii.net/pokemonpokopia/pokedex/totodile.shtml | https://bulbapedia.bulbagarden.net/wiki/List_of_Pok%C3%A9mon_by_Pok%C3%A9dex_(Basin)_number_in_Pok%C3%A9mon_Pokopia
159,Croconaw,Water,,Withered Wastelands; Bleak Beach; Rocky Ridges; Sparkling Skylands; Palette Town; Cloud Island; Bubbly Basin,Expansion Pass (Bubbly Basin DLC) required; befriend by building habitat: Chimney rocks dig site (Common); Canoe dock (Common),https://www.serebii.net/pokemonpokopia/pokedex/croconaw.shtml | https://bulbapedia.bulbagarden.net/wiki/List_of_Pok%C3%A9mon_by_Pok%C3%A9dex_(Basin)_number_in_Pok%C3%A9mon_Pokopia
160,Feraligatr,Water,,Withered Wastelands; Bleak Beach; Rocky Ridges; Sparkling Skylands; Palette Town; Cloud Island; Bubbly Basin,Expansion Pass (Bubbly Basin DLC) required; befriend by building habitat: Basin tall grass (Very Rare); Biteable punching bag (Rare),https://www.serebii.net/pokemonpokopia/pokedex/feraligatr.shtml | https://bulbapedia.bulbagarden.net/wiki/List_of_Pok%C3%A9mon_by_Pok%C3%A9dex_(Basin)_number_in_Pok%C3%A9mon_Pokopia
170,Chinchou,Water,Electric,Withered Wastelands; Bleak Beach; Rocky Ridges; Sparkling Skylands; Palette Town; Cloud Island; Bubbly Basin,Expansion Pass (Bubbly Basin DLC) required; befriend by building habitat: Fluffy relaxation (Common),https://www.serebii.net/pokemonpokopia/pokedex/chinchou.shtml | https://bulbapedia.bulbagarden.net/wiki/List_of_Pok%C3%A9mon_by_Pok%C3%A9dex_(Basin)_number_in_Pok%C3%A9mon_Pokopia
171,Lanturn,Water,Electric,Withered Wastelands; Bleak Beach; Rocky Ridges; Sparkling Skylands; Palette Town; Cloud Island; Bubbly Basin,Expansion Pass (Bubbly Basin DLC) required; befriend by building habitat: Nostalgia zone (Rare),https://www.serebii.net/pokemonpokopia/pokedex/lanturn.shtml | https://bulbapedia.bulbagarden.net/wiki/List_of_Pok%C3%A9mon_by_Pok%C3%A9dex_(Basin)_number_in_Pok%C3%A9mon_Pokopia
222,Corsola,Water,Rock,Withered Wastelands; Bleak Beach; Rocky Ridges; Sparkling Skylands; Palette Town; Cloud Island; Bubbly Basin,Expansion Pass (Bubbly Basin DLC) required; befriend by building habitat: Basin tall grass and coral (Common); Coral congregation (Rare),https://www.serebii.net/pokemonpokopia/pokedex/corsola.shtml | https://bulbapedia.bulbagarden.net/wiki/List_of_Pok%C3%A9mon_by_Pok%C3%A9dex_(Basin)_number_in_Pok%C3%A9mon_Pokopia
258,Mudkip,Water,,Withered Wastelands; Bleak Beach; Rocky Ridges; Sparkling Skylands; Palette Town; Cloud Island; Bubbly Basin,Expansion Pass (Bubbly Basin DLC) required; befriend by building habitat: Basin tall grass (Common); Fluffy relaxation (Common),https://www.serebii.net/pokemonpokopia/pokedex/mudkip.shtml | https://bulbapedia.bulbagarden.net/wiki/List_of_Pok%C3%A9mon_by_Pok%C3%A9dex_(Basin)_number_in_Pok%C3%A9mon_Pokopia
259,Marshtomp,Water,Ground,Withered Wastelands; Bleak Beach; Rocky Ridges; Sparkling Skylands; Palette Town; Cloud Island; Bubbly Basin,Expansion Pass (Bubbly Basin DLC) required; befriend by building habitat: Creepy chimney rocks (Rare); Muddy playtime (Common),https://www.serebii.net/pokemonpokopia/pokedex/marshtomp.shtml | https://bulbapedia.bulbagarden.net/wiki/List_of_Pok%C3%A9mon_by_Pok%C3%A9dex_(Basin)_number_in_Pok%C3%A9mon_Pokopia
260,Swampert,Water,Ground,Withered Wastelands; Bleak Beach; Rocky Ridges; Sparkling Skylands; Palette Town; Cloud Island; Bubbly Basin,Expansion Pass (Bubbly Basin DLC) required; befriend by building habitat: Basin tall grass and coral (Very Rare); Muddy spa (Rare),https://www.serebii.net/pokemonpokopia/pokedex/swampert.shtml | https://bulbapedia.bulbagarden.net/wiki/List_of_Pok%C3%A9mon_by_Pok%C3%A9dex_(Basin)_number_in_Pok%C3%A9mon_Pokopia
318,Carvanha,Water,Dark,Withered Wastelands; Bleak Beach; Rocky Ridges; Sparkling Skylands; Palette Town; Cloud Island; Bubbly Basin,Expansion Pass (Bubbly Basin DLC) required; befriend by building habitat: Seaweed and netting (Common),https://www.serebii.net/pokemonpokopia/pokedex/carvanha.shtml | https://bulbapedia.bulbagarden.net/wiki/List_of_Pok%C3%A9mon_by_Pok%C3%A9dex_(Basin)_number_in_Pok%C3%A9mon_Pokopia
319,Sharpedo,Water,Dark,Withered Wastelands; Bleak Beach; Rocky Ridges; Sparkling Skylands; Palette Town; Cloud Island; Bubbly Basin,Expansion Pass (Bubbly Basin DLC) required; befriend by building habitat: Chimney rocks dig site (Common),https://www.serebii.net/pokemonpokopia/pokedex/sharpedo.shtml | https://bulbapedia.bulbagarden.net/wiki/List_of_Pok%C3%A9mon_by_Pok%C3%A9dex_(Basin)_number_in_Pok%C3%A9mon_Pokopia
339,Barboach,Water,Ground,Withered Wastelands; Bleak Beach; Rocky Ridges; Sparkling Skylands; Palette Town; Cloud Island; Bubbly Basin,Expansion Pass (Bubbly Basin DLC) required; befriend by building habitat: Sandy speech (Common); Ocean rest spot (Common); Muddy playtime (Common),https://www.serebii.net/pokemonpokopia/pokedex/barboach.shtml | https://bulbapedia.bulbagarden.net/wiki/List_of_Pok%C3%A9mon_by_Pok%C3%A9dex_(Basin)_number_in_Pok%C3%A9mon_Pokopia
340,Whiscash,Water,Ground,Withered Wastelands; Bleak Beach; Rocky Ridges; Sparkling Skylands; Palette Town; Cloud Island; Bubbly Basin,Expansion Pass (Bubbly Basin DLC) required; befriend by building habitat: Gorgeous Sleeping Area (Rare),https://www.serebii.net/pokemonpokopia/pokedex/whiscash.shtml | https://bulbapedia.bulbagarden.net/wiki/List_of_Pok%C3%A9mon_by_Pok%C3%A9dex_(Basin)_number_in_Pok%C3%A9mon_Pokopia
341,Corphish,Water,,Withered Wastelands; Bleak Beach; Rocky Ridges; Sparkling Skylands; Palette Town; Cloud Island; Bubbly Basin,Expansion Pass (Bubbly Basin DLC) required; befriend by building habitat: Sandy basin tall grass (Common); Sandy digging spot (Common),https://www.serebii.net/pokemonpokopia/pokedex/corphish.shtml | https://bulbapedia.bulbagarden.net/wiki/List_of_Pok%C3%A9mon_by_Pok%C3%A9dex_(Basin)_number_in_Pok%C3%A9mon_Pokopia
342,Crawdaunt,Water,Dark,Withered Wastelands; Bleak Beach; Rocky Ridges; Sparkling Skylands; Palette Town; Cloud Island; Bubbly Basin,Expansion Pass (Bubbly Basin DLC) required; befriend by building habitat: Sandy digging spot (Rare),https://www.serebii.net/pokemonpokopia/pokedex/crawdaunt.shtml | https://bulbapedia.bulbagarden.net/wiki/List_of_Pok%C3%A9mon_by_Pok%C3%A9dex_(Basin)_number_in_Pok%C3%A9mon_Pokopia
370,Luvdisc,Water,,Withered Wastelands; Bleak Beach; Rocky Ridges; Sparkling Skylands; Palette Town; Cloud Island; Bubbly Basin,Expansion Pass (Bubbly Basin DLC) required; befriend by building habitat: Swaying flower bed and coral (Common); Treasure chest and sparkling jewels (Common); Fluffy relaxation (Common),https://www.serebii.net/pokemonpokopia/pokedex/luvdisc.shtml | https://bulbapedia.bulbagarden.net/wiki/List_of_Pok%C3%A9mon_by_Pok%C3%A9dex_(Basin)_number_in_Pok%C3%A9mon_Pokopia
418,Buizel,Water,,Withered Wastelands; Bleak Beach; Rocky Ridges; Sparkling Skylands; Palette Town; Cloud Island; Bubbly Basin,Expansion Pass (Bubbly Basin DLC) required; befriend by building habitat: Basin tall grass (Rare); Smoothie-making spot (Common),https://www.serebii.net/pokemonpokopia/pokedex/buizel.shtml | https://bulbapedia.bulbagarden.net/wiki/List_of_Pok%C3%A9mon_by_Pok%C3%A9dex_(Basin)_number_in_Pok%C3%A9mon_Pokopia
419,Floatzel,Water,,Cloud Island; Bubbly Basin,Expansion Pass (Bubbly Basin DLC) required; befriend by building habitat: Marine shop (Common),https://www.serebii.net/pokemonpokopia/pokedex/floatzel.shtml | https://bulbapedia.bulbagarden.net/wiki/List_of_Pok%C3%A9mon_by_Pok%C3%A9dex_(Basin)_number_in_Pok%C3%A9mon_Pokopia
456,Finneon,Water,,Withered Wastelands; Bleak Beach; Rocky Ridges; Sparkling Skylands; Palette Town; Cloud Island; Bubbly Basin,Expansion Pass (Bubbly Basin DLC) required; befriend by building habitat: Swaying flower bed (Rare); Marine mossy rest spot (Common),https://www.serebii.net/pokemonpokopia/pokedex/finneon.shtml | https://bulbapedia.bulbagarden.net/wiki/List_of_Pok%C3%A9mon_by_Pok%C3%A9dex_(Basin)_number_in_Pok%C3%A9mon_Pokopia
457,Lumineon,Water,,Withered Wastelands; Bleak Beach; Rocky Ridges; Sparkling Skylands; Palette Town; Cloud Island; Bubbly Basin,Expansion Pass (Bubbly Basin DLC) required; befriend by building habitat: Swaying flower bed and seaweed (Rare); Marine mossy rest spot (Rare),https://www.serebii.net/pokemonpokopia/pokedex/lumineon.shtml | https://bulbapedia.bulbagarden.net/wiki/List_of_Pok%C3%A9mon_by_Pok%C3%A9dex_(Basin)_number_in_Pok%C3%A9mon_Pokopia
592,Frillish (Male),Water,Ghost,Withered Wastelands; Bleak Beach; Rocky Ridges; Sparkling Skylands; Palette Town; Cloud Island; Bubbly Basin,Expansion Pass (Bubbly Basin DLC) required; befriend by building habitat: Playing sailor (Common); Ocean treasures (Common),https://www.serebii.net/pokemonpokopia/pokedex/frillishmaleform.shtml | https://bulbapedia.bulbagarden.net/wiki/List_of_Pok%C3%A9mon_by_Pok%C3%A9dex_(Basin)_number_in_Pok%C3%A9mon_Pokopia
593,Jellicent (Male),Water,Ghost,Withered Wastelands; Bleak Beach; Rocky Ridges; Sparkling Skylands; Palette Town; Cloud Island; Bubbly Basin,Expansion Pass (Bubbly Basin DLC) required; befriend by building habitat: Marine teatime (Rare),https://www.serebii.net/pokemonpokopia/pokedex/jellicentmaleform.shtml | https://bulbapedia.bulbagarden.net/wiki/List_of_Pok%C3%A9mon_by_Pok%C3%A9dex_(Basin)_number_in_Pok%C3%A9mon_Pokopia
594,Alomomola,Water,,Withered Wastelands; Bleak Beach; Rocky Ridges; Sparkling Skylands; Palette Town; Cloud Island; Bubbly Basin,Expansion Pass (Bubbly Basin DLC) required; befriend by building habitat: Ocean treasures (Rare),https://www.serebii.net/pokemonpokopia/pokedex/alomomola.shtml | https://bulbapedia.bulbagarden.net/wiki/List_of_Pok%C3%A9mon_by_Pok%C3%A9dex_(Basin)_number_in_Pok%C3%A9mon_Pokopia
618,Stunfisk,Ground,Electric,Withered Wastelands; Bleak Beach; Rocky Ridges; Sparkling Skylands; Palette Town; Cloud Island; Bubbly Basin,Expansion Pass (Bubbly Basin DLC) required; befriend by building habitat: Swaying flower bed (Common); Seaweed and netting (Rare),https://www.serebii.net/pokemonpokopia/pokedex/stunfisk.shtml | https://bulbapedia.bulbagarden.net/wiki/List_of_Pok%C3%A9mon_by_Pok%C3%A9dex_(Basin)_number_in_Pok%C3%A9mon_Pokopia
686,Inkay,Dark,Psychic,Withered Wastelands; Bleak Beach; Rocky Ridges; Sparkling Skylands; Palette Town; Cloud Island; Bubbly Basin,Expansion Pass (Bubbly Basin DLC) required; befriend by building habitat: Muddy playtime (Rare),https://www.serebii.net/pokemonpokopia/pokedex/inkay.shtml | https://bulbapedia.bulbagarden.net/wiki/List_of_Pok%C3%A9mon_by_Pok%C3%A9dex_(Basin)_number_in_Pok%C3%A9mon_Pokopia
687,Malamar,Dark,Psychic,Withered Wastelands; Bleak Beach; Rocky Ridges; Sparkling Skylands; Palette Town; Cloud Island; Bubbly Basin,Expansion Pass (Bubbly Basin DLC) required; befriend by building habitat: Topsy-turvy (Rare),https://www.serebii.net/pokemonpokopia/pokedex/malamar.shtml | https://bulbapedia.bulbagarden.net/wiki/List_of_Pok%C3%A9mon_by_Pok%C3%A9dex_(Basin)_number_in_Pok%C3%A9mon_Pokopia
728,Popplio,Water,,Withered Wastelands; Bleak Beach; Rocky Ridges; Sparkling Skylands; Palette Town; Cloud Island; Bubbly Basin,Expansion Pass (Bubbly Basin DLC) required; befriend by building habitat: Swaying flower bed (Common); Bubbly stage (Common),https://www.serebii.net/pokemonpokopia/pokedex/popplio.shtml | https://bulbapedia.bulbagarden.net/wiki/List_of_Pok%C3%A9mon_by_Pok%C3%A9dex_(Basin)_number_in_Pok%C3%A9mon_Pokopia
729,Brionne,Water,,Withered Wastelands; Bleak Beach; Rocky Ridges; Sparkling Skylands; Palette Town; Cloud Island; Bubbly Basin,Expansion Pass (Bubbly Basin DLC) required; befriend by building habitat: Bubbly stage (Rare),https://www.serebii.net/pokemonpokopia/pokedex/brionne.shtml | https://bulbapedia.bulbagarden.net/wiki/List_of_Pok%C3%A9mon_by_Pok%C3%A9dex_(Basin)_number_in_Pok%C3%A9mon_Pokopia
730,Primarina,Water,Fairy,Withered Wastelands; Bleak Beach; Rocky Ridges; Sparkling Skylands; Palette Town; Cloud Island; Bubbly Basin,Expansion Pass (Bubbly Basin DLC) required; befriend by building habitat: Elegant concert (Rare),https://www.serebii.net/pokemonpokopia/pokedex/primarina.shtml | https://bulbapedia.bulbagarden.net/wiki/List_of_Pok%C3%A9mon_by_Pok%C3%A9dex_(Basin)_number_in_Pok%C3%A9mon_Pokopia
747,Mareanie,Poison,Water,Withered Wastelands; Bleak Beach; Rocky Ridges; Sparkling Skylands; Palette Town; Cloud Island; Bubbly Basin,Expansion Pass (Bubbly Basin DLC) required; befriend by building habitat: Swaying flower bed and coral (Common),https://www.serebii.net/pokemonpokopia/pokedex/mareanie.shtml | https://bulbapedia.bulbagarden.net/wiki/List_of_Pok%C3%A9mon_by_Pok%C3%A9dex_(Basin)_number_in_Pok%C3%A9mon_Pokopia
748,Toxapex,Poison,Water,Withered Wastelands; Bleak Beach; Rocky Ridges; Sparkling Skylands; Palette Town; Cloud Island; Bubbly Basin,Expansion Pass (Bubbly Basin DLC) required; befriend by building habitat: Treasure chest and sparkling jewels (Rare),https://www.serebii.net/pokemonpokopia/pokedex/toxapex.shtml | https://bulbapedia.bulbagarden.net/wiki/List_of_Pok%C3%A9mon_by_Pok%C3%A9dex_(Basin)_number_in_Pok%C3%A9mon_Pokopia
767,Wimpod,Bug,Water,Withered Wastelands; Bleak Beach; Rocky Ridges; Sparkling Skylands; Palette Town; Cloud Island; Bubbly Basin,Expansion Pass (Bubbly Basin DLC) required; befriend by building habitat: Discarded treasure (Common),https://www.serebii.net/pokemonpokopia/pokedex/wimpod.shtml | https://bulbapedia.bulbagarden.net/wiki/List_of_Pok%C3%A9mon_by_Pok%C3%A9dex_(Basin)_number_in_Pok%C3%A9mon_Pokopia
768,Golisopod,Bug,Water,Withered Wastelands; Bleak Beach; Rocky Ridges; Sparkling Skylands; Palette Town; Cloud Island; Bubbly Basin,Expansion Pass (Bubbly Basin DLC) required; befriend by building habitat: Swaying flower bed and coral (Very Rare); Discarded treasure (Rare),https://www.serebii.net/pokemonpokopia/pokedex/golisopod.shtml | https://bulbapedia.bulbagarden.net/wiki/List_of_Pok%C3%A9mon_by_Pok%C3%A9dex_(Basin)_number_in_Pok%C3%A9mon_Pokopia
779,Bruxish,Water,Psychic,Withered Wastelands; Bleak Beach; Rocky Ridges; Sparkling Skylands; Palette Town; Cloud Island; Bubbly Basin,Expansion Pass (Bubbly Basin DLC) required; befriend by building habitat: Molten mossy rest spot (Common),https://www.serebii.net/pokemonpokopia/pokedex/bruxish.shtml | https://bulbapedia.bulbagarden.net/wiki/List_of_Pok%C3%A9mon_by_Pok%C3%A9dex_(Basin)_number_in_Pok%C3%A9mon_Pokopia
781,Dhelmise,Ghost,Grass,Withered Wastelands; Bleak Beach; Rocky Ridges; Sparkling Skylands; Palette Town; Cloud Island; Bubbly Basin,Expansion Pass (Bubbly Basin DLC) required; befriend by building habitat: Playing sailor (Rare),https://www.serebii.net/pokemonpokopia/pokedex/dhelmise.shtml | https://bulbapedia.bulbagarden.net/wiki/List_of_Pok%C3%A9mon_by_Pok%C3%A9dex_(Basin)_number_in_Pok%C3%A9mon_Pokopia
833,Chewtle,Water,,Withered Wastelands; Bleak Beach; Rocky Ridges; Sparkling Skylands; Palette Town; Cloud Island; Bubbly Basin,Expansion Pass (Bubbly Basin DLC) required; befriend by building habitat: Smoothie-making spot (Common). Restrictions: Smoothie-making spot [time: Morning/Day/Evening],https://www.serebii.net/pokemonpokopia/pokedex/chewtle.shtml | https://bulbapedia.bulbagarden.net/wiki/List_of_Pok%C3%A9mon_by_Pok%C3%A9dex_(Basin)_number_in_Pok%C3%A9mon_Pokopia
834,Drednaw,Water,Rock,Withered Wastelands; Bleak Beach; Rocky Ridges; Sparkling Skylands; Palette Town; Cloud Island; Bubbly Basin,Expansion Pass (Bubbly Basin DLC) required; befriend by building habitat: Canoe dock (Common). Restrictions: Canoe dock [time: Morning/Day/Evening],https://www.serebii.net/pokemonpokopia/pokedex/drednaw.shtml | https://bulbapedia.bulbagarden.net/wiki/List_of_Pok%C3%A9mon_by_Pok%C3%A9dex_(Basin)_number_in_Pok%C3%A9mon_Pokopia
871,Pincurchin,Electric,,Withered Wastelands; Bleak Beach; Rocky Ridges; Sparkling Skylands; Palette Town; Cloud Island; Bubbly Basin,Expansion Pass (Bubbly Basin DLC) required; befriend by building habitat: Creepy chimney rocks (Common),https://www.serebii.net/pokemonpokopia/pokedex/pincurchin.shtml | https://bulbapedia.bulbagarden.net/wiki/List_of_Pok%C3%A9mon_by_Pok%C3%A9dex_(Basin)_number_in_Pok%C3%A9mon_Pokopia
960,Wiglett,Water,,Withered Wastelands; Bleak Beach; Rocky Ridges; Sparkling Skylands; Palette Town; Cloud Island; Bubbly Basin,Expansion Pass (Bubbly Basin DLC) required; befriend by building habitat: Sandy speech (Common),https://www.serebii.net/pokemonpokopia/pokedex/wiglett.shtml | https://bulbapedia.bulbagarden.net/wiki/List_of_Pok%C3%A9mon_by_Pok%C3%A9dex_(Basin)_number_in_Pok%C3%A9mon_Pokopia
961,Wugtrio,Water,,Withered Wastelands; Bleak Beach; Rocky Ridges; Sparkling Skylands; Palette Town; Cloud Island; Bubbly Basin,Expansion Pass (Bubbly Basin DLC) required; befriend by building habitat: Glowing stage for three (Rare),https://www.serebii.net/pokemonpokopia/pokedex/wugtrio.shtml | https://bulbapedia.bulbagarden.net/wiki/List_of_Pok%C3%A9mon_by_Pok%C3%A9dex_(Basin)_number_in_Pok%C3%A9mon_Pokopia
976,Veluza,Water,Psychic,Withered Wastelands; Bleak Beach; Rocky Ridges; Sparkling Skylands; Palette Town; Cloud Island; Bubbly Basin,Expansion Pass (Bubbly Basin DLC) required; befriend by building habitat: Marine mossy rest spot (Common). Restrictions: Marine mossy rest spot [time: Morning/Day/Evening],https://www.serebii.net/pokemonpokopia/pokedex/veluza.shtml | https://bulbapedia.bulbagarden.net/wiki/List_of_Pok%C3%A9mon_by_Pok%C3%A9dex_(Basin)_number_in_Pok%C3%A9mon_Pokopia
489,Phione,Water,,Dream Islands,Expansion Pass (Bubbly Basin DLC) required. Mythical: encountered randomly on a Dream Island unlocked with a Starmie Doll (Game8; Nintendo Life: found via Starmie Doll).,https://www.serebii.net/pokemonpokopia/pokedex/phione.shtml | https://game8.co/games/Pokemon-Pokopia/archives/585161 | https://www.nintendolife.com/guides/pokemon-pokopia-bubbly-basin-pokedex-habitats-new-pokemon
490,Manaphy,Water,,Bleak Beach; Bubbly Basin,Expansion Pass (Bubbly Basin DLC) required. Mythical: met after completing the Bleak Beach storyline (teaches Dive); met again after building the Ocean Temple in Bubbly Basin (Game8; Nintendo Life: progress story).,https://www.serebii.net/pokemonpokopia/pokedex/manaphy.shtml | https://game8.co/games/Pokemon-Pokopia/archives/585161 | https://www.nintendolife.com/guides/pokemon-pokopia-bubbly-basin-pokedex-habitats-new-pokemon
187,Hoppip,Grass,Flying,Withered Wastelands; Bleak Beach; Rocky Ridges; Sparkling Skylands; Palette Town; Cloud Island,"Event-only (More Spores for Hoppip, March 10-25, 2026); befriend by building habitat: Yellow carpet (Common)",https://www.serebii.net/pokemonpokopia/pokedex/hoppip.shtml | https://bulbapedia.bulbagarden.net/wiki/List_of_Pok%C3%A9mon_by_Pok%C3%A9dex_(Event)_number_in_Pok%C3%A9mon_Pokopia
188,Skiploom,Grass,Flying,Withered Wastelands; Bleak Beach; Rocky Ridges; Sparkling Skylands; Palette Town; Cloud Island,"Event-only (More Spores for Hoppip, March 10-25, 2026); befriend by building habitat: Yellow carpet (Rare); Field-trip friends (Common)",https://www.serebii.net/pokemonpokopia/pokedex/skiploom.shtml | https://bulbapedia.bulbagarden.net/wiki/List_of_Pok%C3%A9mon_by_Pok%C3%A9dex_(Event)_number_in_Pok%C3%A9mon_Pokopia
189,Jumpluff,Grass,Flying,Withered Wastelands; Bleak Beach; Rocky Ridges; Sparkling Skylands; Palette Town; Cloud Island,"Event-only (More Spores for Hoppip, March 10-25, 2026); befriend by building habitat: Yellow carpet (Very Rare); Dandelion lunchtime (Rare)",https://www.serebii.net/pokemonpokopia/pokedex/jumpluff.shtml | https://bulbapedia.bulbagarden.net/wiki/List_of_Pok%C3%A9mon_by_Pok%C3%A9dex_(Event)_number_in_Pok%C3%A9mon_Pokopia
302,Sableye,Dark,Ghost,Withered Wastelands; Bleak Beach; Rocky Ridges; Sparkling Skylands; Palette Town; Cloud Island,"Event-only (Sableye's Gem Hunt, April 29-May 14, 2026); befriend by building habitat: Treasure-hunting set (Common)",https://www.serebii.net/pokemonpokopia/pokedex/sableye.shtml | https://bulbapedia.bulbagarden.net/wiki/List_of_Pok%C3%A9mon_by_Pok%C3%A9dex_(Event)_number_in_Pok%C3%A9mon_Pokopia
385,Jirachi,Steel,Psychic,Withered Wastelands; Bleak Beach; Rocky Ridges; Sparkling Skylands; Palette Town; Cloud Island,"Event-only (Wish Upon a Jirachi, June 23-July 8, 2026); befriend by building habitat: Surrounded by stars (Common)",https://www.serebii.net/pokemonpokopia/pokedex/jirachi.shtml | https://bulbapedia.bulbagarden.net/wiki/List_of_Pok%C3%A9mon_by_Pok%C3%A9dex_(Event)_number_in_Pok%C3%A9mon_Pokopia
349,Feebas,Water,,Withered Wastelands; Bleak Beach; Rocky Ridges; Sparkling Skylands; Palette Town; Cloud Island; Bubbly Basin,"Event-only (Fetching Scales for Feebas, August 13-28, 2026); befriend by building habitat: Exciting beach (Common)",https://www.serebii.net/pokemonpokopia/pokedex/feebas.shtml | https://bulbapedia.bulbagarden.net/wiki/List_of_Pok%C3%A9mon_by_Pok%C3%A9dex_(Event)_number_in_Pok%C3%A9mon_Pokopia
350,Milotic,Water,,Withered Wastelands; Bleak Beach; Rocky Ridges; Sparkling Skylands; Palette Town; Cloud Island; Bubbly Basin,"Event-only (Fetching Scales for Feebas, August 13-28, 2026); befriend by building habitat: Marine leisure activities (Common)",https://www.serebii.net/pokemonpokopia/pokedex/milotic.shtml | https://bulbapedia.bulbagarden.net/wiki/List_of_Pok%C3%A9mon_by_Pok%C3%A9dex_(Event)_number_in_Pok%C3%A9mon_Pokopia
465,Professor Tangrowth,Grass,,Withered Wastelands; Bleak Beach; Rocky Ridges; Sparkling Skylands; Palette Town; Cloud Island,Alternate entry (story NPC variant) sharing Pokédex Main #041 with Tangrowth; befriend by building habitat: Professor's treasure trove (Common),https://www.serebii.net/pokemonpokopia/pokedex/professortangrowth.shtml | https://bulbapedia.bulbagarden.net/wiki/List_of_Pok%C3%A9mon_by_Pok%C3%A9dex_number_in_Pok%C3%A9mon_Pokopia
422,Shellos East Sea,Water,,Withered Wastelands; Bleak Beach; Rocky Ridges; Sparkling Skylands; Palette Town; Cloud Island,Alternate entry (alternate form) sharing Pokédex Main #059 with Shellos; befriend by building habitat: Road Sign (Common),https://www.serebii.net/pokemonpokopia/pokedex/shelloseastsea.shtml | https://bulbapedia.bulbagarden.net/wiki/List_of_Pok%C3%A9mon_by_Pok%C3%A9dex_number_in_Pok%C3%A9mon_Pokopia
423,Gastrodon East Sea,Water,Ground,Withered Wastelands; Bleak Beach; Rocky Ridges; Sparkling Skylands; Palette Town; Cloud Island,Alternate entry (alternate form) sharing Pokédex Main #060 with Gastrodon; befriend by building habitat: Ocean fishing spot (Rare),https://www.serebii.net/pokemonpokopia/pokedex/gastrodoneastsea.shtml | https://bulbapedia.bulbagarden.net/wiki/List_of_Pok%C3%A9mon_by_Pok%C3%A9dex_number_in_Pok%C3%A9mon_Pokopia
25,Peakychu,Electric,,Withered Wastelands; Bleak Beach; Rocky Ridges; Sparkling Skylands; Palette Town; Cloud Island,Alternate entry (story NPC variant) sharing Pokédex Main #079 with Pikachu; befriend by building habitat: Full recovery (Rare),https://www.serebii.net/pokemonpokopia/pokedex/peakychu.shtml | https://bulbapedia.bulbagarden.net/wiki/List_of_Pok%C3%A9mon_by_Pok%C3%A9dex_number_in_Pok%C3%A9mon_Pokopia
143,Mosslax,Normal,,Withered Wastelands; Bleak Beach; Rocky Ridges; Sparkling Skylands; Palette Town; Cloud Island,Alternate entry (story NPC variant) sharing Pokédex Main #108 with Snorlax; befriend by building habitat: Gourmet's altar (Common),https://www.serebii.net/pokemonpokopia/pokedex/mosslax.shtml | https://bulbapedia.bulbagarden.net/wiki/List_of_Pok%C3%A9mon_by_Pok%C3%A9dex_number_in_Pok%C3%A9mon_Pokopia
978,Tatsugiri Droopy Form,Dragon,Water,Withered Wastelands; Bleak Beach; Rocky Ridges; Sparkling Skylands; Palette Town; Cloud Island,Alternate entry (alternate form) sharing Pokédex Main #145 with Tatsugiri; befriend by building habitat: Beach Set (Rare),https://www.serebii.net/pokemonpokopia/pokedex/tatsugiridroopyform.shtml | https://bulbapedia.bulbagarden.net/wiki/List_of_Pok%C3%A9mon_by_Pok%C3%A9dex_number_in_Pok%C3%A9mon_Pokopia
978,Tatsugiri Stretchy Form,Dragon,Water,Withered Wastelands; Bleak Beach; Rocky Ridges; Sparkling Skylands; Palette Town; Cloud Island,Alternate entry (alternate form) sharing Pokédex Main #145 with Tatsugiri; befriend by building habitat: Beach Set (Rare),https://www.serebii.net/pokemonpokopia/pokedex/tatsugiristretchyform.shtml | https://bulbapedia.bulbagarden.net/wiki/List_of_Pok%C3%A9mon_by_Pok%C3%A9dex_number_in_Pok%C3%A9mon_Pokopia
849,Toxtricity Low Key Form,Electric,Poison,Withered Wastelands; Bleak Beach; Rocky Ridges; Sparkling Skylands; Palette Town; Cloud Island,Alternate entry (alternate form) sharing Pokédex Main #197 with Toxtricity; befriend by building habitat: Low-key rock stage (Rare),https://www.serebii.net/pokemonpokopia/pokedex/toxtricitylowkeyform.shtml | https://bulbapedia.bulbagarden.net/wiki/List_of_Pok%C3%A9mon_by_Pok%C3%A9dex_number_in_Pok%C3%A9mon_Pokopia
592,Frillish Female Form,Water,Ghost,Withered Wastelands; Bleak Beach; Rocky Ridges; Sparkling Skylands; Palette Town; Cloud Island; Bubbly Basin,Expansion Pass (Bubbly Basin DLC) required. Alternate entry (alternate form) sharing Pokédex Basin #028 with Frillish; befriend by building habitat: Playing sailor (Common); Ocean treasures (Common),https://www.serebii.net/pokemonpokopia/pokedex/frillishfemaleform.shtml | https://bulbapedia.bulbagarden.net/wiki/List_of_Pok%C3%A9mon_by_Pok%C3%A9dex_(Basin)_number_in_Pok%C3%A9mon_Pokopia
593,Jellicent Female Form,Water,Ghost,Withered Wastelands; Bleak Beach; Rocky Ridges; Sparkling Skylands; Palette Town; Cloud Island; Bubbly Basin,Expansion Pass (Bubbly Basin DLC) required. Alternate entry (alternate form) sharing Pokédex Basin #029 with Jellicent; befriend by building habitat: Marine teatime (Rare),https://www.serebii.net/pokemonpokopia/pokedex/jellicentfemaleform.shtml | https://bulbapedia.bulbagarden.net/wiki/List_of_Pok%C3%A9mon_by_Pok%C3%A9dex_(Basin)_number_in_Pok%C3%A9mon_Pokopia
