pokopia_dex,category,pokopia_no,national_dex,name,species,form,serebii_name,type1,type2,area,habitats,habitat_areas,habitat_rarity,habitat_time,habitat_weather,nl_habitat_requirements,nl_time,nl_weather,specialties,ideal_habitat,favorites,underwater,classification,how_obtained,source_url
Main #001,Main,1,1,Bulbasaur,Bulbasaur,,Bulbasaur,Grass,Poison,Withered Wastelands; Bleak Beach; Rocky Ridges; Sparkling Skylands; Palette Town; Cloud Island,Tall Grass | Bench with greenery,"Withered Wastelands, Bleak Beach, Rocky Ridges, Sparkling Skylands, Palette Town, Cloud Island | Withered Wastelands, Bleak Beach, Rocky Ridges, Sparkling Skylands, Palette Town, Cloud Island",Common | Common,Morning/Day/Evening/Night | Morning/Day/Evening/Night,Sun/Cloud/Rain | Sun/Cloud/Rain,"Tall Grass - Tall Grass x4 | Bench with Greenery - Hedge (any) x2, Seat (any) x1",All day,All weather,Grow,Bright,"Lots of nature, Soft stuff, Cute stuff, Lots of water, Group Activities, Sweet flavors",No,Seed Pokémon,Befriend by building habitat: Tall Grass (Common); Bench with greenery (Common),https://www.serebii.net/pokemonpokopia/pokedex/bulbasaur.shtml | https://bulbapedia.bulbagarden.net/wiki/List_of_Pok%C3%A9mon_by_Pok%C3%A9dex_number_in_Pok%C3%A9mon_Pokopia
Main #002,Main,2,2,Ivysaur,Ivysaur,,Ivysaur,Grass,Poison,Withered Wastelands; Bleak Beach; Rocky Ridges; Sparkling Skylands; Palette Town; Cloud Island,Field of Flowers | Bench with greenery,"Withered Wastelands, Bleak Beach, Rocky Ridges, Sparkling Skylands, Palette Town, Cloud Island | Withered Wastelands, Bleak Beach, Rocky Ridges, Sparkling Skylands, Palette Town, Cloud Island",Rare | Rare,Morning/Day/Evening/Night | Morning/Day/Evening/Night,Sun/Cloud/Rain | Sun/Cloud/Rain,"Bench with Greenery - Hedge (any) x2, Seat (any) x1 | Field of Flowers - Wildflowers x8",All day,All weather,Grow,Bright,"Lots of nature, Soft stuff, Cute stuff, Pretty flowers, Colorful stuff, Sour flavors",No,Seed Pokémon,Befriend by building habitat: Field of Flowers (Rare); Bench with greenery (Rare),https://www.serebii.net/pokemonpokopia/pokedex/ivysaur.shtml | https://bulbapedia.bulbagarden.net/wiki/List_of_Pok%C3%A9mon_by_Pok%C3%A9dex_number_in_Pok%C3%A9mon_Pokopia
Main #003,Main,3,3,Venusaur,Venusaur,,Venusaur,Grass,Poison,Withered Wastelands; Bleak Beach; Rocky Ridges; Sparkling Skylands; Palette Town; Cloud Island,Field of Flowers | Garden Terrace,"Withered Wastelands, Bleak Beach, Rocky Ridges, Sparkling Skylands, Palette Town, Cloud Island | Withered Wastelands, Bleak Beach, Rocky Ridges, Sparkling Skylands, Palette Town, Cloud Island",Rare | Rare,Morning/Day/Evening/Night | Morning/Day/Evening/Night,Sun/Cloud/Rain | Sun/Cloud/Rain,"Garden Terrace - 4x Wildflowers, 1x Garden Chair, 1x Garden Table, 1x Garden Light | Field of Flowers - Wildflowers x8",All day,All weather,"Grow, Litter",Bright,"Lots of nature, Soft stuff, Cute stuff, Pretty flowers, Luxury, Sour flavors",No,Seed Pokémon,Befriend by building habitat: Field of Flowers (Rare); Garden Terrace (Rare),https://www.serebii.net/pokemonpokopia/pokedex/venusaur.shtml | https://bulbapedia.bulbagarden.net/wiki/List_of_Pok%C3%A9mon_by_Pok%C3%A9dex_number_in_Pok%C3%A9mon_Pokopia
Main #004,Main,4,4,Charmander,Charmander,,Charmander,Fire,,Withered Wastelands; Bleak Beach; Rocky Ridges; Sparkling Skylands; Palette Town; Cloud Island,Tall Grass,"Withered Wastelands, Bleak Beach, Rocky Ridges, Sparkling Skylands, Palette Town, Cloud Island",Common,Morning/Day/Evening/Night,Sun/Cloud/Rain,Tall Grass - Tall Grass x4,All day,"Sunny, Cloudy",Burn,Warm,"Lots of fire, Wooden stuff, Hard stuff, Exercise, Group Activities, Spicy flavors",No,Lizard Pokémon,Befriend by building habitat: Tall Grass (Common),https://www.serebii.net/pokemonpokopia/pokedex/charmander.shtml | https://bulbapedia.bulbagarden.net/wiki/List_of_Pok%C3%A9mon_by_Pok%C3%A9dex_number_in_Pok%C3%A9mon_Pokopia
Main #005,Main,5,5,Charmeleon,Charmeleon,,Charmeleon,Fire,,Withered Wastelands; Bleak Beach; Rocky Ridges; Sparkling Skylands; Palette Town; Cloud Island,Campsite,"Withered Wastelands, Bleak Beach, Rocky Ridges, Sparkling Skylands, Palette Town, Cloud Island",Common,Morning/Day/Evening/Night,Sun/Cloud/Rain,"Campsite - Campfire, Straw Table, Straw Stool",All day,"Sunny, Cloudy",Burn,Warm,"Lots of fire, Wooden stuff, Hard stuff, Exercise, Rides, Spicy flavors",No,Flame Pokémon,Befriend by building habitat: Campsite (Common),https://www.serebii.net/pokemonpokopia/pokedex/charmeleon.shtml | https://bulbapedia.bulbagarden.net/wiki/List_of_Pok%C3%A9mon_by_Pok%C3%A9dex_number_in_Pok%C3%A9mon_Pokopia
Main #006,Main,6,6,Charizard,Charizard,,Charizard,Fire,Flying,Withered Wastelands; Bleak Beach; Rocky Ridges; Sparkling Skylands; Palette Town; Cloud Island,Tall Grass | Berry-feast Campsite,"Withered Wastelands, Bleak Beach, Rocky Ridges, Sparkling Skylands, Palette Town, Cloud Island | Withered Wastelands, Bleak Beach, Rocky Ridges, Sparkling Skylands, Palette Town, Cloud Island",Very Rare | Rare,Morning/Day/Evening/Night | Morning/Day/Evening/Night,Sun/Cloud | Sun/Cloud,"Berry-fest Campsite - Castform Weather Charm (Sun) x2, Bunfire x1, Berry Basket x1, High-up Location | Tall Grass - Tall Grass x4",All day,"Sunny, Cloudy","Burn, Fly",Warm,"Lots of fire, Nice breezes, Wooden stuff, Exercise, Luxury, Spicy flavors",No,Flame Pokémon,Befriend by building habitat: Tall Grass (Very Rare); Berry-feast Campsite (Rare). Restrictions: Tall Grass [weather: Sun/Cloud]; Berry-feast Campsite [weather: Sun/Cloud],https://www.serebii.net/pokemonpokopia/pokedex/charizard.shtml | https://bulbapedia.bulbagarden.net/wiki/List_of_Pok%C3%A9mon_by_Pok%C3%A9dex_number_in_Pok%C3%A9mon_Pokopia
Main #007,Main,7,7,Squirtle,Squirtle,,Squirtle,Water,,Withered Wastelands; Bleak Beach; Rocky Ridges; Sparkling Skylands; Palette Town; Cloud Island,Tall Grass | Hydrated tall grass,"Withered Wastelands, Bleak Beach, Rocky Ridges, Sparkling Skylands, Palette Town, Cloud Island | Withered Wastelands, Bleak Beach, Rocky Ridges, Sparkling Skylands, Palette Town, Cloud Island",Common | Common,Morning/Day/Evening/Night | Morning/Day/Evening/Night,Sun/Cloud/Rain | Sun/Cloud/Rain,"Tall Grass - Tall Grass x4 | Hydrated Tall Grass - Tall Grass x4, Water x2",All day,All weather,Water,Humid,"Lots of water, Cleanliness, Healing, Cute stuff, Group Activities, Sweet flavors",Underwater capable,Tiny Turtle Pokémon,Befriend by building habitat: Tall Grass (Common); Hydrated tall grass (Common),https://www.serebii.net/pokemonpokopia/pokedex/squirtle.shtml | https://bulbapedia.bulbagarden.net/wiki/List_of_Pok%C3%A9mon_by_Pok%C3%A9dex_number_in_Pok%C3%A9mon_Pokopia
Main #008,Main,8,8,Wartortle,Wartortle,,Wartortle,Water,,Withered Wastelands; Bleak Beach; Rocky Ridges; Sparkling Skylands; Palette Town; Cloud Island,Hydrated tall grass,"Withered Wastelands, Bleak Beach, Rocky Ridges, Sparkling Skylands, Palette Town, Cloud Island",Rare,Morning/Day/Evening/Night,Sun/Cloud/Rain,"Hydrated Tall Grass - Tall Grass x4, Water x2",All day,All weather,Water,Humid,"Lots of water, Cleanliness, Healing, Exercise, Hard stuff, Spicy flavors",Underwater capable,Turtle Pokémon,Befriend by building habitat: Hydrated tall grass (Rare),https://www.serebii.net/pokemonpokopia/pokedex/wartortle.shtml | https://bulbapedia.bulbagarden.net/wiki/List_of_Pok%C3%A9mon_by_Pok%C3%A9dex_number_in_Pok%C3%A9mon_Pokopia
Main #009,Main,9,9,Blastoise,Blastoise,,Blastoise,Water,,Withered Wastelands; Bleak Beach; Rocky Ridges; Sparkling Skylands; Palette Town; Cloud Island,Hydrated tall grass | Floating in the shade,"Withered Wastelands, Bleak Beach, Rocky Ridges, Sparkling Skylands, Palette Town, Cloud Island | Withered Wastelands, Bleak Beach, Rocky Ridges, Sparkling Skylands, Palette Town, Cloud Island",Very Rare | Rare,Morning/Day/Evening/Night | Morning/Day/Evening/Night,Sun/Cloud/Rain | Sun/Cloud/Rain,"Floating in the Shade - Inflatable Boat x1, Beach Parasol x1, Water x2 | Hydrated Tall Grass - Tall Grass x4, Water x2",All day,All weather,"Water, Trade",Humid,"Lots of water, Cleanliness, Healing, Exercise, Luxury, Sour flavors",Underwater capable,Shellfish Pokémon,Befriend by building habitat: Hydrated tall grass (Very Rare); Floating in the shade (Rare),https://www.serebii.net/pokemonpokopia/pokedex/blastoise.shtml | https://bulbapedia.bulbagarden.net/wiki/List_of_Pok%C3%A9mon_by_Pok%C3%A9dex_number_in_Pok%C3%A9mon_Pokopia
Main #010,Main,10,16,Pidgey,Pidgey,,Pidgey,Normal,Flying,Withered Wastelands; Bleak Beach; Rocky Ridges; Sparkling Skylands; Palette Town; Cloud Island,Elevated tall grass | Pretty flower bed,"Withered Wastelands, Bleak Beach, Rocky Ridges, Sparkling Skylands, Palette Town, Cloud Island | Withered Wastelands, Bleak Beach, Rocky Ridges, Sparkling Skylands, Palette Town, Cloud Island",Common | Common,Morning/Day/Evening | Morning/Day/Evening/Night,Sun/Cloud/Rain | Sun/Cloud/Rain,"Pretty Flower Bed - Wildflowers x4 | Elevated Tall Grass - Tall Grass x4, High-up Location","Morning, Daytime, Evening",All weather,"Fly, Search",Bright,"Soft stuff, Nice breezes, Watching stuff, Lots of nature, Play spaces, Sour flavors",No,Tiny Bird Pokémon,Befriend by building habitat: Elevated tall grass (Common); Pretty flower bed (Common). Restrictions: Elevated tall grass [time: Morning/Day/Evening],https://www.serebii.net/pokemonpokopia/pokedex/pidgey.shtml | https://bulbapedia.bulbagarden.net/wiki/List_of_Pok%C3%A9mon_by_Pok%C3%A9dex_number_in_Pok%C3%A9mon_Pokopia
Main #011,Main,11,17,Pidgeotto,Pidgeotto,,Pidgeotto,Normal,Flying,Withered Wastelands; Bleak Beach; Rocky Ridges; Sparkling Skylands; Palette Town; Cloud Island,Elevated tall grass | Pretty flower bed,"Withered Wastelands, Bleak Beach, Rocky Ridges, Sparkling Skylands, Palette Town, Cloud Island | Withered Wastelands, Bleak Beach, Rocky Ridges, Sparkling Skylands, Palette Town, Cloud Island",Rare | Rare,Morning/Day/Evening | Morning/Day/Evening,Sun/Cloud/Rain | Sun/Cloud/Rain,"Elevated Tall Grass - Tall Grass x4, High-up Location | Pretty Flower Bed - Wildflowers x4","Morning, Daytime, Evening",All weather,"Fly, Search",Bright,"Soft stuff, Nice breezes, Watching stuff, Lots of nature, Looks like food, Spicy flavors",No,Bird Pokémon,Befriend by building habitat: Elevated tall grass (Rare); Pretty flower bed (Rare). Restrictions: Elevated tall grass [time: Morning/Day/Evening]; Pretty flower bed [time: Morning/Day/Evening],https://www.serebii.net/pokemonpokopia/pokedex/pidgeotto.shtml | https://bulbapedia.bulbagarden.net/wiki/List_of_Pok%C3%A9mon_by_Pok%C3%A9dex_number_in_Pok%C3%A9mon_Pokopia
Main #012,Main,12,18,Pidgeot,Pidgeot,,Pidgeot,Normal,Flying,Withered Wastelands; Bleak Beach; Rocky Ridges; Sparkling Skylands; Palette Town; Cloud Island,Luxury chirp-chirp meal,"Withered Wastelands, Bleak Beach, Rocky Ridges, Sparkling Skylands, Palette Town, Cloud Island",Common,Morning/Day/Evening,Sun/Cloud/Rain,"Luxury Chirp-chirp Meal - Wooden Birdhouse x1, Berry Basket x1","Morning, Daytime, Evening",All weather,"Fly, Chop",Bright,"Soft stuff, Nice breezes, Wooden stuff, Lots of nature, Luxury, Sour flavors",No,Bird Pokémon,Befriend by building habitat: Luxury chirp-chirp meal (Common). Restrictions: Luxury chirp-chirp meal [time: Morning/Day/Evening],https://www.serebii.net/pokemonpokopia/pokedex/pidgeot.shtml | https://bulbapedia.bulbagarden.net/wiki/List_of_Pok%C3%A9mon_by_Pok%C3%A9dex_number_in_Pok%C3%A9mon_Pokopia
Main #013,Main,13,43,Oddish,Oddish,,Oddish,Grass,Poison,Withered Wastelands; Bleak Beach; Rocky Ridges; Sparkling Skylands; Palette Town; Cloud Island,Tall Grass,"Withered Wastelands, Bleak Beach, Rocky Ridges, Sparkling Skylands, Palette Town, Cloud Island",Common,Night,Sun/Cloud/Rain,Tall Grass - Tall Grass x4,Nighttime,All weather,Grow,Humid,"Lots of nature, Lots of dirt, Soft stuff, Pretty flowers, Lots of water, Bitter flavors",No,Weed Pokémon,Befriend by building habitat: Tall Grass (Common). Restrictions: Tall Grass [time: Night],https://www.serebii.net/pokemonpokopia/pokedex/oddish.shtml | https://bulbapedia.bulbagarden.net/wiki/List_of_Pok%C3%A9mon_by_Pok%C3%A9dex_number_in_Pok%C3%A9mon_Pokopia
Main #014,Main,14,44,Gloom,Gloom,,Gloom,Grass,Poison,Withered Wastelands; Bleak Beach; Rocky Ridges; Sparkling Skylands; Palette Town; Cloud Island,Tropical vibes,"Withered Wastelands, Bleak Beach, Rocky Ridges, Sparkling Skylands, Palette Town, Cloud Island",Common,Morning/Day/Evening/Night,Sun/Cloud/Rain,"Tropical Vibes - Large Palm Tre x1, Seashore Flowers x4",All day,All weather,Grow,Humid,"Lots of nature, Lots of dirt, Soft stuff, Pretty flowers, Garbage, Dry flavors",No,Weed Pokémon,Befriend by building habitat: Tropical vibes (Common),https://www.serebii.net/pokemonpokopia/pokedex/gloom.shtml | https://bulbapedia.bulbagarden.net/wiki/List_of_Pok%C3%A9mon_by_Pok%C3%A9dex_number_in_Pok%C3%A9mon_Pokopia
Main #015,Main,15,45,Vileplume,Vileplume,,Vileplume,Grass,Poison,Withered Wastelands; Bleak Beach; Rocky Ridges; Sparkling Skylands; Palette Town; Cloud Island,Chansey Resting area,"Withered Wastelands, Bleak Beach, Rocky Ridges, Sparkling Skylands, Palette Town, Cloud Island",Rare,Morning/Day/Evening/Night,Sun/Cloud/Rain,"Chansey Resting Area - Hedge (any) x6, Seat (wide) x1, Chansey Plant x1",All day,All weather,"Grow, Litter",Humid,"Lots of nature, Lots of dirt, Soft stuff, Pretty flowers, Colorful stuff, Bitter flavors",No,Flower Pokémon,Befriend by building habitat: Chansey Resting area (Rare),https://www.serebii.net/pokemonpokopia/pokedex/vileplume.shtml | https://bulbapedia.bulbagarden.net/wiki/List_of_Pok%C3%A9mon_by_Pok%C3%A9dex_number_in_Pok%C3%A9mon_Pokopia
Main #016,Main,16,182,Bellossom,Bellossom,,Bellossom,Grass,,Withered Wastelands; Bleak Beach; Rocky Ridges; Sparkling Skylands; Palette Town; Cloud Island,Chansey Resting area,"Withered Wastelands, Bleak Beach, Rocky Ridges, Sparkling Skylands, Palette Town, Cloud Island",Rare,Morning/Day/Evening/Night,Sun/Cloud/Rain,"Chansey Resting Area - Hedge (any) x6, Seat (wide) x1, Chansey Plant x1",All day,All weather,"Grow, Hype",Bright,"Lots of nature, Pretty flowers, Play spaces, Cute stuff, Noisy stuff, Sour flavors",No,Flower Pokémon,Befriend by building habitat: Chansey Resting area (Rare),https://www.serebii.net/pokemonpokopia/pokedex/bellossom.shtml | https://bulbapedia.bulbagarden.net/wiki/List_of_Pok%C3%A9mon_by_Pok%C3%A9dex_number_in_Pok%C3%A9mon_Pokopia
Main #017,Main,17,46,Paras,Paras,,Paras,Bug,Grass,Withered Wastelands; Bleak Beach; Rocky Ridges; Sparkling Skylands; Palette Town; Cloud Island,Elevated flower bed | Flower garden,"Withered Wastelands, Bleak Beach, Rocky Ridges, Sparkling Skylands, Palette Town, Cloud Island | Withered Wastelands, Bleak Beach, Rocky Ridges, Sparkling Skylands, Palette Town, Cloud Island",Common | Common,Morning/Day/Evening/Night | Morning/Day/Evening/Night,Sun/Cloud/Rain | Sun/Cloud/Rain,"Elevated Flower Bed - Wildflowers x4, High-up Location | Flower Garden - Hedge (any) x4, Wildflowers x4",All day,All weather,Search,Humid,"Lots of nature, Wooden stuff, Watching stuff, Lots of dirt, Looks like food, Bitter flavors",No,Mushroom Pokémon,Befriend by building habitat: Elevated flower bed (Common); Flower garden (Common),https://www.serebii.net/pokemonpokopia/pokedex/paras.shtml | https://bulbapedia.bulbagarden.net/wiki/List_of_Pok%C3%A9mon_by_Pok%C3%A9dex_number_in_Pok%C3%A9mon_Pokopia
Main #018,Main,18,47,Parasect,Parasect,,Parasect,Bug,Grass,Withered Wastelands; Bleak Beach; Rocky Ridges; Sparkling Skylands; Palette Town; Cloud Island,Elevated flower bed | Flower garden,"Withered Wastelands, Bleak Beach, Rocky Ridges, Sparkling Skylands, Palette Town, Cloud Island | Withered Wastelands, Bleak Beach, Rocky Ridges, Sparkling Skylands, Palette Town, Cloud Island",Rare | Rare,Morning/Day/Evening/Night | Morning/Day/Evening/Night,Sun/Cloud/Rain | Sun/Cloud/Rain,"Flower Garden - Hedge (any) x4, Wildflowers x4 | Elevated Flower Bed - Wildflowers x4, High-up Location",All day,All weather,Search,Humid,"Lots of nature, Wooden stuff, Watching stuff, Lots of dirt, Strange stuff, Bitter flavors",No,Mushroom Pokémon,Befriend by building habitat: Elevated flower bed (Rare); Flower garden (Rare),https://www.serebii.net/pokemonpokopia/pokedex/parasect.shtml | https://bulbapedia.bulbagarden.net/wiki/List_of_Pok%C3%A9mon_by_Pok%C3%A9dex_number_in_Pok%C3%A9mon_Pokopia
Main #019,Main,19,48,Venonat,Venonat,,Venonat,Bug,Poison,Withered Wastelands; Bleak Beach; Rocky Ridges; Sparkling Skylands; Palette Town; Cloud Island,Illuminated tall grass | Illuminated bench,"Withered Wastelands, Bleak Beach, Rocky Ridges, Sparkling Skylands, Palette Town, Cloud Island | Withered Wastelands, Bleak Beach, Rocky Ridges, Sparkling Skylands, Palette Town, Cloud Island",Common | Common,Night | Night,Sun/Cloud/Rain | Sun/Cloud/Rain,"Illuminated Tall Grass - Tall Grass (any) x4, Lighting (any) x1 | Illuminated Bench - Seat (wide) x1, Streetlight (any) x1",Nighttime,All weather,Search,Bright,"Lots of nature, Wooden stuff, Watching stuff, Complicated stuff, Letters and words, Bitter flavors",No,Insect Pokémon,Befriend by building habitat: Illuminated tall grass (Common); Illuminated bench (Common). Restrictions: Illuminated tall grass [time: Night]; Illuminated bench [time: Night],https://www.serebii.net/pokemonpokopia/pokedex/venonat.shtml | https://bulbapedia.bulbagarden.net/wiki/List_of_Pok%C3%A9mon_by_Pok%C3%A9dex_number_in_Pok%C3%A9mon_Pokopia
Main #020,Main,20,49,Venomoth,Venomoth,,Venomoth,Bug,Poison,Withered Wastelands; Bleak Beach; Rocky Ridges; Sparkling Skylands; Palette Town; Cloud Island,Illuminated tall grass | Illuminated bench,"Withered Wastelands, Bleak Beach, Rocky Ridges, Sparkling Skylands, Palette Town, Cloud Island | Withered Wastelands, Bleak Beach, Rocky Ridges, Sparkling Skylands, Palette Town, Cloud Island",Rare | Rare,Night | Night,Sun/Cloud/Rain | Sun/Cloud/Rain,"Illuminated Bench - Seat (wide) x1, Streetlight (any) x1 | Illuminated Tall Grass - Tall Grass (any) x4, Lighting (any) x1",Nighttime,All weather,Search,Bright,"Lots of nature, Wooden stuff, Watching stuff, Nice breezes, Pretty flowers, Bitter flavors",No,Poison Moth Pokémon,Befriend by building habitat: Illuminated tall grass (Rare); Illuminated bench (Rare). Restrictions: Illuminated tall grass [time: Night]; Illuminated bench [time: Night],https://www.serebii.net/pokemonpokopia/pokedex/venomoth.shtml | https://bulbapedia.bulbagarden.net/wiki/List_of_Pok%C3%A9mon_by_Pok%C3%A9dex_number_in_Pok%C3%A9mon_Pokopia
Main #021,Main,21,69,Bellsprout,Bellsprout,,Bellsprout,Grass,Poison,Withered Wastelands; Bleak Beach; Rocky Ridges; Sparkling Skylands; Palette Town; Cloud Island,Tree-shaded tall grass,"Withered Wastelands, Bleak Beach, Rocky Ridges, Sparkling Skylands, Palette Town, Cloud Island",Common,Morning/Day/Evening/Night,Sun/Cloud/Rain,"Tree-shaded Tall Grass - Large Tree (any) x1, Tall Grass x4",All day,All weather,"Grow, Litter",Humid,"Lots of nature, Wooden stuff, Lots of dirt, Lots of water, Pretty flowers, Dry flavors",No,Flower Pokémon,Befriend by building habitat: Tree-shaded tall grass (Common),https://www.serebii.net/pokemonpokopia/pokedex/bellsprout.shtml | https://bulbapedia.bulbagarden.net/wiki/List_of_Pok%C3%A9mon_by_Pok%C3%A9dex_number_in_Pok%C3%A9mon_Pokopia
Main #022,Main,22,70,Weepinbell,Weepinbell,,Weepinbell,Grass,Poison,Withered Wastelands; Bleak Beach; Rocky Ridges; Sparkling Skylands; Palette Town; Cloud Island,Flowery table | Irresistible scent and glow,"Withered Wastelands, Bleak Beach, Rocky Ridges, Sparkling Skylands, Palette Town, Cloud Island | Withered Wastelands, Bleak Beach, Rocky Ridges, Sparkling Skylands, Palette Town, Cloud Island",Rare | Common,Morning/Day/Evening/Night | Morning/Day/Evening/Night,Sun/Cloud/Rain | Sun/Cloud/Rain,"Irresistable Scent and Glow - Pitcher-plant pot x1, Plated Food x1, Mushroom Lamp x1 | Flowery Table - Seat (any) x1, Table (any) x1, Small Vase x1",All day,All weather,"Grow, Litter",Humid,"Lots of nature, Wooden stuff, Lots of dirt, Colorful stuff, Pretty flowers, Bitter flavors",No,Flycatcher Pokémon,Befriend by building habitat: Flowery table (Rare); Irresistible scent and glow (Common),https://www.serebii.net/pokemonpokopia/pokedex/weepinbell.shtml | https://bulbapedia.bulbagarden.net/wiki/List_of_Pok%C3%A9mon_by_Pok%C3%A9dex_number_in_Pok%C3%A9mon_Pokopia
Main #023,Main,23,71,Victreebel,Victreebel,,Victreebel,Grass,Poison,Withered Wastelands; Bleak Beach; Rocky Ridges; Sparkling Skylands; Palette Town; Cloud Island,Flowery table | Irresistible scent and glow,"Withered Wastelands, Bleak Beach, Rocky Ridges, Sparkling Skylands, Palette Town, Cloud Island | Withered Wastelands, Bleak Beach, Rocky Ridges, Sparkling Skylands, Palette Town, Cloud Island",Very Rare | Rare,Morning/Day/Evening/Night | Morning/Day/Evening/Night,Sun/Cloud/Rain | Sun/Cloud/Rain,"Irresistable Scent and Glow - Pitcher-plant pot x1, Plated Food x1, Mushroom Lamp x1 | Flowery Table - Seat (any) x1, Table (any) x1, Small Vase x1",All day,All weather,"Grow, Chop",Humid,"Lots of nature, Wooden stuff, Lots of dirt, Colorful stuff, Pretty flowers, Bitter flavors",No,Flycatcher Pokémon,Befriend by building habitat: Flowery table (Very Rare); Irresistible scent and glow (Rare),https://www.serebii.net/pokemonpokopia/pokedex/victreebel.shtml | https://bulbapedia.bulbagarden.net/wiki/List_of_Pok%C3%A9mon_by_Pok%C3%A9dex_number_in_Pok%C3%A9mon_Pokopia
Main #024,Main,24,79,Slowpoke,Slowpoke,,Slowpoke,Water,Psychic,Withered Wastelands; Bleak Beach; Rocky Ridges; Sparkling Skylands; Palette Town; Cloud Island,Seaside Tall Grass,"Withered Wastelands, Bleak Beach, Rocky Ridges, Sparkling Skylands, Palette Town, Cloud Island",Common,Morning/Day/Evening/Night,Sun/Cloud/Rain,"Seaside Tall Grass - Tall Grass x4, Ocean Water x2",All day,All weather,"Water, Yawn",Humid,"Lots of water, Cleanliness, Strange stuff, Soft stuff, Healing, Dry flavors",Underwater capable,Dopey Pokémon,Befriend by building habitat: Seaside Tall Grass (Common),https://www.serebii.net/pokemonpokopia/pokedex/slowpoke.shtml | https://bulbapedia.bulbagarden.net/wiki/List_of_Pok%C3%A9mon_by_Pok%C3%A9dex_number_in_Pok%C3%A9mon_Pokopia
Main #025,Main,25,80,Slowbro,Slowbro,,Slowbro,Water,Psychic,Withered Wastelands; Bleak Beach; Rocky Ridges; Sparkling Skylands; Palette Town; Cloud Island,Seaside Tall Grass | Bed with a plush | Fishing pond,"Withered Wastelands, Bleak Beach, Rocky Ridges, Sparkling Skylands, Palette Town, Cloud Island | Withered Wastelands, Bleak Beach, Rocky Ridges, Sparkling Skylands, Palette Town, Cloud Island | Withered Wastelands, Bleak Beach, Rocky Ridges, Sparkling Skylands, Palette Town, Cloud Island",Very Rare | Rare | Rare,Morning/Day/Evening/Night | Morning/Day/Evening/Night | Morning/Day/Evening/Night,Sun/Cloud/Rain | Sun/Cloud/Rain | Sun/Cloud/Rain,"Fishing Pond - Fishing Rod x1, Seat (any) x1, Water x1 | Bed With a Plush - Bed (any) x1, Doll (any) x1 | Seaside Tall Grass - Tall Grass x4, Ocean Water x2",All day,All weather,"Water, Trade",Humid,"Lots of water, Cleanliness, Strange stuff, Group Activities, Healing, Dry flavors",Underwater capable,Hermit Crab Pokémon,Befriend by building habitat: Seaside Tall Grass (Very Rare); Bed with a plush (Rare); Fishing pond (Rare),https://www.serebii.net/pokemonpokopia/pokedex/slowbro.shtml | https://bulbapedia.bulbagarden.net/wiki/List_of_Pok%C3%A9mon_by_Pok%C3%A9dex_number_in_Pok%C3%A9mon_Pokopia
Main #026,Main,26,199,Slowking,Slowking,,Slowking,Water,Psychic,Withered Wastelands; Bleak Beach; Rocky Ridges; Sparkling Skylands; Palette Town; Cloud Island,Seaside Tall Grass | Bed with a plush | Fishing pond,"Withered Wastelands, Bleak Beach, Rocky Ridges, Sparkling Skylands, Palette Town, Cloud Island | Withered Wastelands, Bleak Beach, Rocky Ridges, Sparkling Skylands, Palette Town, Cloud Island | Withered Wastelands, Bleak Beach, Rocky Ridges, Sparkling Skylands, Palette Town, Cloud Island",Very Rare | Rare | Rare,Morning/Day/Evening/Night | Morning/Day/Evening/Night | Morning/Day/Evening/Night,Sun/Cloud/Rain | Sun/Cloud/Rain | Sun/Cloud/Rain,"Fishing Pond - Fishing Rod x1, Seat (any) x1, Water x1 | Bed With a Plush - Bed (any) x1, Doll (any) x1 | Seaside Tall Grass - Tall Grass x4, Ocean Water x2",All day,All weather,"Water, Teleport",Humid,"Lots of water, Cleanliness, Strange stuff, Group Activities, Healing, Sour flavors",Underwater capable,Royal Pokémon,Befriend by building habitat: Seaside Tall Grass (Very Rare); Bed with a plush (Rare); Fishing pond (Rare),https://www.serebii.net/pokemonpokopia/pokedex/slowking.shtml | https://bulbapedia.bulbagarden.net/wiki/List_of_Pok%C3%A9mon_by_Pok%C3%A9dex_number_in_Pok%C3%A9mon_Pokopia
Main #027,Main,27,81,Magnemite,Magnemite,,Magnemite,Electric,Steel,Withered Wastelands; Bleak Beach; Rocky Ridges; Sparkling Skylands; Palette Town; Cloud Island,Factory Storage,"Withered Wastelands, Bleak Beach, Rocky Ridges, Sparkling Skylands, Palette Town, Cloud Island",Common,Morning/Day/Evening/Night,Sun/Cloud/Rain,"Factory Storage - Stretlight (any) x1, Control Unit x1, Metal Drum x1, Jumbled Cords x1",All day,All weather,Generate,Bright,"Electronics, Metal stuff, Shiny stuff, Hard stuff, Group Activities, Bitter flavors",No,Magnet Pokémon,Befriend by building habitat: Factory Storage (Common),https://www.serebii.net/pokemonpokopia/pokedex/magnemite.shtml | https://bulbapedia.bulbagarden.net/wiki/List_of_Pok%C3%A9mon_by_Pok%C3%A9dex_number_in_Pok%C3%A9mon_Pokopia
Main #028,Main,28,82,Magneton,Magneton,,Magneton,Electric,Steel,Withered Wastelands; Bleak Beach; Rocky Ridges; Sparkling Skylands; Palette Town; Cloud Island,Trash can central | Mini Game Corner,"Withered Wastelands, Bleak Beach, Rocky Ridges, Sparkling Skylands, Palette Town, Cloud Island | Withered Wastelands, Bleak Beach, Rocky Ridges, Sparkling Skylands, Palette Town, Cloud Island",Rare | Common,Morning/Day/Evening/Night | Morning/Day/Evening/Night,Sun/Cloud/Rain | Sun/Cloud/Rain,"Mini Game Corner - Arcade Machine x1, Seat (any) x1, Punching Game x1 | Trash Can Central  Garbage Bin x4",All day,All weather,Generate,Bright,"Electronics, Metal stuff, Shiny stuff, Gatherings, Group Activities, Bitter flavors",No,Magnet Pokémon,Befriend by building habitat: Trash can central (Rare); Mini Game Corner (Common),https://www.serebii.net/pokemonpokopia/pokedex/magneton.shtml | https://bulbapedia.bulbagarden.net/wiki/List_of_Pok%C3%A9mon_by_Pok%C3%A9dex_number_in_Pok%C3%A9mon_Pokopia
Main #029,Main,29,462,Magnezone,Magnezone,,Magnezone,Electric,Steel,Withered Wastelands; Bleak Beach; Rocky Ridges; Sparkling Skylands; Palette Town; Cloud Island,Trash can central | Mini Game Corner,"Withered Wastelands, Bleak Beach, Rocky Ridges, Sparkling Skylands, Palette Town, Cloud Island | Withered Wastelands, Bleak Beach, Rocky Ridges, Sparkling Skylands, Palette Town, Cloud Island",Very Rare | Rare,Morning/Day/Evening/Night | Morning/Day/Evening/Night,Sun/Cloud/Rain | Sun/Cloud/Rain,"Mini Game Corner - Arcade Machine x1, Seat (any) x1, Punching Game x1 | Trash Can Central  Garbage Bin x4",All day,All weather,"Generate, Recycle",Bright,"Electronics, Metal stuff, Luxury, Gatherings, Hard stuff, Bitter flavors",No,Magnet Area Pokémon,Befriend by building habitat: Trash can central (Very Rare); Mini Game Corner (Rare),https://www.serebii.net/pokemonpokopia/pokedex/magnezone.shtml | https://bulbapedia.bulbagarden.net/wiki/List_of_Pok%C3%A9mon_by_Pok%C3%A9dex_number_in_Pok%C3%A9mon_Pokopia
Main #030,Main,30,95,Onix,Onix,,Onix,Rock,Ground,Withered Wastelands; Bleak Beach; Rocky Ridges; Sparkling Skylands; Palette Town; Cloud Island,Smooth tall grass,"Withered Wastelands, Bleak Beach, Rocky Ridges, Sparkling Skylands, Palette Town, Cloud Island",Common,Morning/Day/Evening/Night,Sun/Cloud/Rain,"Smooth Tall Grass - Dry Tall Grass x4, Smooth Rock x1",All day,All weather,"Crush, Bulldoze",Dry,"Stone stuff, Lots of dirt, Blocky stuff, Slender objects, Exercise, Dry flavors",No,Rock Snake Pokémon,Befriend by building habitat: Smooth tall grass (Common),https://www.serebii.net/pokemonpokopia/pokedex/onix.shtml | https://bulbapedia.bulbagarden.net/wiki/List_of_Pok%C3%A9mon_by_Pok%C3%A9dex_number_in_Pok%C3%A9mon_Pokopia
Main #031,Main,31,208,Steelix,Steelix,,Steelix,Steel,Ground,Withered Wastelands; Bleak Beach; Rocky Ridges; Sparkling Skylands; Palette Town; Cloud Island,Clink-clang iron construction,"Withered Wastelands, Bleak Beach, Rocky Ridges, Sparkling Skylands, Palette Town, Cloud Island",Common,Morning/Day/Evening/Night,Sun/Cloud/Rain,"Clink-clang Iron Construction - Iron beam or column x3, Wheelbarrow x1, Sandbags x1, Excavation Tools x1",All day,All weather,"Crush, Bulldoze",Dry,"Metal stuff, Lots of dirt, Stone stuff, Slender objects, Hard stuff, Sour flavors",No,Iron Snake Pokémon,Befriend by building habitat: Clink-clang iron construction (Common),https://www.serebii.net/pokemonpokopia/pokedex/steelix.shtml | https://bulbapedia.bulbagarden.net/wiki/List_of_Pok%C3%A9mon_by_Pok%C3%A9dex_number_in_Pok%C3%A9mon_Pokopia
Main #032,Main,32,104,Cubone,Cubone,,Cubone,Ground,,Withered Wastelands; Bleak Beach; Rocky Ridges; Sparkling Skylands; Palette Town; Cloud Island,Grave with flowers,"Withered Wastelands, Bleak Beach, Rocky Ridges, Sparkling Skylands, Palette Town, Cloud Island",Common,Morning/Day/Evening/Night,Sun/Cloud/Rain,"Grave with Flowers - Wildflowers x1, Gravestone x1",All day,All weather,Build,Dry,"Lots of dirt, Construction, Exercise, Slender objects, Group Activities, Bitter flavors",No,Lonely Pokémon,Befriend by building habitat: Grave with flowers (Common),https://www.serebii.net/pokemonpokopia/pokedex/cubone.shtml | https://bulbapedia.bulbagarden.net/wiki/List_of_Pok%C3%A9mon_by_Pok%C3%A9dex_number_in_Pok%C3%A9mon_Pokopia
Main #033,Main,33,105,Marowak,Marowak,,Marowak,Ground,,Withered Wastelands; Bleak Beach; Rocky Ridges; Sparkling Skylands; Palette Town; Cloud Island,Grave with flowers,"Withered Wastelands, Bleak Beach, Rocky Ridges, Sparkling Skylands, Palette Town, Cloud Island",Rare,Morning/Day/Evening/Night,Sun/Cloud/Rain,"Grave with Flowers - Wildflowers x1, Gravestone x2",All day,All weather,Build,Dry,"Lots of dirt, Construction, Exercise, Slender objects, Luxury, Dry flavors",No,Bone Keeper Pokémon,Befriend by building habitat: Grave with flowers (Rare),https://www.serebii.net/pokemonpokopia/pokedex/marowak.shtml | https://bulbapedia.bulbagarden.net/wiki/List_of_Pok%C3%A9mon_by_Pok%C3%A9dex_number_in_Pok%C3%A9mon_Pokopia
Main #034,Main,34,236,Tyrogue,Tyrogue,,Tyrogue,Fighting,,Withered Wastelands; Bleak Beach; Rocky Ridges; Sparkling Skylands; Palette Town; Cloud Island,Training waterfall,"Withered Wastelands, Bleak Beach, Rocky Ridges, Sparkling Skylands, Palette Town, Cloud Island",Common,Morning/Day/Evening/Night,Sun/Cloud/Rain,"Training Waterfall - Seat (any) x1, Water x2, Waterfall x1",All day,All weather,Trade,Bright,"Exercise, Group Activities, Fabric, Stone stuff, Round stuff, Spicy flavors",No,Scuffle Pokémon,Befriend by building habitat: Training waterfall (Common),https://www.serebii.net/pokemonpokopia/pokedex/tyrogue.shtml | https://bulbapedia.bulbagarden.net/wiki/List_of_Pok%C3%A9mon_by_Pok%C3%A9dex_number_in_Pok%C3%A9mon_Pokopia
Main #035,Main,35,106,Hitmonlee,Hitmonlee,,Hitmonlee,Fighting,,Withered Wastelands; Bleak Beach; Rocky Ridges; Sparkling Skylands; Palette Town; Cloud Island,Urgent Care,"Withered Wastelands, Bleak Beach, Rocky Ridges, Sparkling Skylands, Palette Town, Cloud Island",Common,Morning/Day/Evening/Night,Sun/Cloud/Rain,"Urgent Care - Seat (any) x1, Table (any) x1, First Aid Kit x1",All day,All weather,Trade,Bright,"Exercise, Group Activities, Fabric, Stone stuff, Round stuff, Spicy flavors",No,Kicking Pokémon,Befriend by building habitat: Urgent Care (Common),https://www.serebii.net/pokemonpokopia/pokedex/hitmonlee.shtml | https://bulbapedia.bulbagarden.net/wiki/List_of_Pok%C3%A9mon_by_Pok%C3%A9dex_number_in_Pok%C3%A9mon_Pokopia
Main #036,Main,36,107,Hitmonchan,Hitmonchan,,Hitmonchan,Fighting,,Withered Wastelands; Bleak Beach; Rocky Ridges; Sparkling Skylands; Palette Town; Cloud Island,Exercise resting spot,"Withered Wastelands, Bleak Beach, Rocky Ridges, Sparkling Skylands, Palette Town, Cloud Island",Common,Morning/Day/Evening/Night,Sun/Cloud/Rain,"Exercise Resting Spot - Punching Bag x1, Seat (any) x1",All day,All weather,Trade,Bright,"Exercise, Group Activities, Fabric, Stone stuff, Round stuff, Sweet flavors",No,Punching Pokémon,Befriend by building habitat: Exercise resting spot (Common),https://www.serebii.net/pokemonpokopia/pokedex/hitmonchan.shtml | https://bulbapedia.bulbagarden.net/wiki/List_of_Pok%C3%A9mon_by_Pok%C3%A9dex_number_in_Pok%C3%A9mon_Pokopia
Main #037,Main,37,237,Hitmontop,Hitmontop,,Hitmontop,Fighting,,Withered Wastelands; Bleak Beach; Rocky Ridges; Sparkling Skylands; Palette Town; Cloud Island,Gym first aid,"Withered Wastelands, Bleak Beach, Rocky Ridges, Sparkling Skylands, Palette Town, Cloud Island",Common,Morning/Day/Evening/Night,Sun/Cloud/Rain,"Gym First Aid - Table (any) x1, Punching Bag x1, First Aid Kit x1",All day,All weather,Trade,Bright,"Exercise, Group Activities, Fabric, Stone stuff, Round stuff, Sweet flavors",No,Handstand Pokémon,Befriend by building habitat: Gym first aid (Common),https://www.serebii.net/pokemonpokopia/pokedex/hitmontop.shtml | https://bulbapedia.bulbagarden.net/wiki/List_of_Pok%C3%A9mon_by_Pok%C3%A9dex_number_in_Pok%C3%A9mon_Pokopia
Main #038,Main,38,109,Koffing,Koffing,,Koffing,Poison,,Palette Town; Cloud Island,Trash collection site,"Palette Town, Cloud Island",Common,Morning/Day/Evening/Night,Sun/Cloud/Rain,"Trash Collection Site - Waste Bin (any) x1, Sign (any) x1, Garbage Bags x1 (Palette Town Only)",All day,All weather,Recycle,Dark,"Garbage, Gatherings, Complicated stuff, Soft stuff, Wobbly stuff, Bitter flavors",No,Poison Gas Pokémon,Befriend by building habitat: Trash collection site (Common),https://www.serebii.net/pokemonpokopia/pokedex/koffing.shtml | https://bulbapedia.bulbagarden.net/wiki/List_of_Pok%C3%A9mon_by_Pok%C3%A9dex_number_in_Pok%C3%A9mon_Pokopia
Main #039,Main,39,110,Weezing,Weezing,,Weezing,Poison,,Palette Town; Cloud Island,Good old-fashioned antiques | Trash collection site,"Palette Town, Cloud Island | Palette Town, Cloud Island",Common | Rare,Morning/Day/Evening/Night | Morning/Day/Evening/Night,Sun/Cloud/Rain | Sun/Cloud/Rain,"Good Old-fashioned Antiques - Antique Closet x1, Antique Bed x1, Antique Dresser x1, Antique Chair x1 (Palette Town Only) | Trash Collection Site - Waste Bin (any) x1, Sign (any) x1, Garbage Bags x1",All day,All weather,Recycle,Dark,"Garbage, Gatherings, Complicated stuff, Soft stuff, Wobbly stuff, Bitter flavors",No,Poison Gas Pokémon,Befriend by building habitat: Good old-fashioned antiques (Common); Trash collection site (Rare),https://www.serebii.net/pokemonpokopia/pokedex/weezing.shtml | https://bulbapedia.bulbagarden.net/wiki/List_of_Pok%C3%A9mon_by_Pok%C3%A9dex_number_in_Pok%C3%A9mon_Pokopia
Main #040,Main,40,114,Tangela,Tangela,,Tangela,Grass,,Palette Town; Cloud Island,Nothin' but Poke Balls,"Palette Town, Cloud Island",Common,Morning/Day/Evening/Night,Sun/Cloud/Rain,"Nothin' but Poké Balls - Poké Ball Sofa x1, Poké Ball Bed x1, Poké Ball Table x1, Poké Ball Light x1 (Palette Town Only)",All day,All weather,"Grow, Litter",Bright,"Lots of nature, Lots of water, Gatherings, Pretty flowers, Slender objects, Sour flavors",No,Vine Pokémon,Befriend by building habitat: Nothin' but Poke Balls (Common),https://www.serebii.net/pokemonpokopia/pokedex/tangela.shtml | https://bulbapedia.bulbagarden.net/wiki/List_of_Pok%C3%A9mon_by_Pok%C3%A9dex_number_in_Pok%C3%A9mon_Pokopia
Main #041,Main,41,465,Tangrowth,Tangrowth,,Tangrowth,Grass,,Cloud Island,Bench with greenery,Cloud Island,Common,Morning/Day/Evening/Night,Sun/Cloud/Rain,"Bench with Greenery - Hedge (any) x2, Seat (any) x1 (Cloud Island Only)",All day,All weather,"Grow, Litter",Humid,"Lots of nature, Lots of water, Gatherings, Pretty flowers, Watching stuff, Bitter flavors",No,Vine Pokémon,Befriend by building habitat: Bench with greenery (Common),https://www.serebii.net/pokemonpokopia/pokedex/tangrowth.shtml | https://bulbapedia.bulbagarden.net/wiki/List_of_Pok%C3%A9mon_by_Pok%C3%A9dex_number_in_Pok%C3%A9mon_Pokopia
Main #042,Main,42,123,Scyther,Scyther,,Scyther,Bug,Flying,Withered Wastelands; Bleak Beach; Rocky Ridges; Sparkling Skylands; Palette Town; Cloud Island,Tree-shaded tall grass,"Withered Wastelands, Bleak Beach, Rocky Ridges, Sparkling Skylands, Palette Town, Cloud Island",Common,Morning/Day/Evening/Night,Sun/Cloud/Rain,"Tree-shaded Tall Grass - Large Tree (any) x1, Tall Grass x4",All day,All weather,Chop,Bright,"Lots of nature, Nice breezes, Wooden stuff, Sharp stuff, Exercise, Spicy flavors",No,Mantis Pokémon,Befriend by building habitat: Tree-shaded tall grass (Common),https://www.serebii.net/pokemonpokopia/pokedex/scyther.shtml | https://bulbapedia.bulbagarden.net/wiki/List_of_Pok%C3%A9mon_by_Pok%C3%A9dex_number_in_Pok%C3%A9mon_Pokopia
Main #043,Main,43,212,Scizor,Scizor,,Scizor,Bug,Steel,Palette Town; Cloud Island,Tree-shaded tall grass,"Palette Town, Cloud Island",Common,Morning/Day/Evening/Night,Sun/Cloud/Rain,"Tree-shaded Tall Grass - Large Tree (any) x1, Tall Grass x4  (Palette Town Only)",All day,All weather,Chop,Bright,"Lots of nature, Metal stuff, Wooden stuff, Hard stuff, Exercise, Bitter flavors",No,Pincer Pokémon,Befriend by building habitat: Tree-shaded tall grass (Common),https://www.serebii.net/pokemonpokopia/pokedex/scizor.shtml | https://bulbapedia.bulbagarden.net/wiki/List_of_Pok%C3%A9mon_by_Pok%C3%A9dex_number_in_Pok%C3%A9mon_Pokopia
Main #044,Main,44,127,Pinsir,Pinsir,,Pinsir,Bug,,Withered Wastelands; Bleak Beach; Rocky Ridges; Sparkling Skylands; Palette Town; Cloud Island,Tree-shaded tall grass,"Withered Wastelands, Bleak Beach, Rocky Ridges, Sparkling Skylands, Palette Town, Cloud Island",Rare,Morning/Day/Evening/Night,Sun/Cloud/Rain,"Tree-shaded Tall Grass - Large Tree (any) x1, Tall Grass x4",All day,All weather,"Chop, Build",Bright,"Lots of nature, Wooden stuff, Pretty flowers, Sharp stuff, Exercise, Spicy flavors",No,Stagbeetle Pokémon,Befriend by building habitat: Tree-shaded tall grass (Rare),https://www.serebii.net/pokemonpokopia/pokedex/pinsir.shtml | https://bulbapedia.bulbagarden.net/wiki/List_of_Pok%C3%A9mon_by_Pok%C3%A9dex_number_in_Pok%C3%A9mon_Pokopia
Main #045,Main,45,129,Magikarp,Magikarp,,Magikarp,Water,,Withered Wastelands; Bleak Beach; Rocky Ridges; Sparkling Skylands; Palette Town; Cloud Island,Ocean fishing spot,"Withered Wastelands, Bleak Beach, Rocky Ridges, Sparkling Skylands, Palette Town, Cloud Island",Common,Morning/Day/Evening/Night,Sun/Cloud/Rain,"Ocean Fishing Spot - Fishing Rod x1, Seat (any) x1, Ocean Water x1",All day,All weather,???,Humid,"Lots of water, Ocean vibes, Group Activities, Rides, Wobbly stuff, Sweet flavors",Underwater capable,Fish Pokémon,Befriend by building habitat: Ocean fishing spot (Common),https://www.serebii.net/pokemonpokopia/pokedex/magikarp.shtml | https://bulbapedia.bulbagarden.net/wiki/List_of_Pok%C3%A9mon_by_Pok%C3%A9dex_number_in_Pok%C3%A9mon_Pokopia
Main #046,Main,46,130,Gyarados,Gyarados,,Gyarados,Water,Flying,Sparkling Skylands; Cloud Island,Illuminated waterfall,"Sparkling Skylands, Cloud Island",Common,Morning/Day/Evening/Night,Sun/Cloud/Rain,"Illuminated Waterfall - Stepping Stones x3, Torch x2, Water x3, Watefall x1",All day,All weather,Water,Humid,"Lots of water, Ocean vibes, Nice breezes, Cleanliness, Slender objects, Spicy flavors",Underwater capable,Atrocious Pokémon,Befriend by building habitat: Illuminated waterfall (Common),https://www.serebii.net/pokemonpokopia/pokedex/gyarados.shtml | https://bulbapedia.bulbagarden.net/wiki/List_of_Pok%C3%A9mon_by_Pok%C3%A9dex_number_in_Pok%C3%A9mon_Pokopia
Main #047,Main,47,132,Ditto,Ditto,,Ditto,Normal,,,,,,,,N/A,N/A,N/A,Transform,Bright,None,Underwater capable,Transform Pokémon,Player character (Ditto); registered in the Pokédex automatically (Nintendo Life lists habitat N/A).,https://www.serebii.net/pokemonpokopia/pokedex/ditto.shtml | https://www.nintendolife.com/guides/pokemon-pokopia-complete-pokedex-all-pokemon-habitats
Main #048,Main,48,163,Hoothoot,Hoothoot,,Hoothoot,Normal,Flying,Withered Wastelands; Bleak Beach; Rocky Ridges; Sparkling Skylands; Palette Town; Cloud Island,Elevated tall grass | Pretty flower bed | Gently lit bed,"Withered Wastelands, Bleak Beach, Rocky Ridges, Sparkling Skylands, Palette Town, Cloud Island | Withered Wastelands, Bleak Beach, Rocky Ridges, Sparkling Skylands, Palette Town, Cloud Island | Withered Wastelands, Bleak Beach, Rocky Ridges, Sparkling Skylands, Palette Town, Cloud Island",Common | Common | Common,Night | Night | Night,Sun/Cloud/Rain | Sun/Cloud/Rain | Sun/Cloud/Rain,"Pretty Flower Bed - Wildflowers x4 | Elevated Tall Grass - Tall Grass x4, High-up Location | Gently Lit Bed - Bed (any) x1, Table (any) x1, Slender Candle x1",Nighttime,All weather,"Trade, Fly",Dark,"Soft stuff, Nice breezes, Fabric, Wobbly stuff, Watching stuff, Dry flavors",No,Owl Pokémon,Befriend by building habitat: Elevated tall grass (Common); Pretty flower bed (Common); Gently lit bed (Common). Restrictions: Elevated tall grass [time: Night]; Pretty flower bed [time: Night]; Gently lit bed [time: Night],https://www.serebii.net/pokemonpokopia/pokedex/hoothoot.shtml | https://bulbapedia.bulbagarden.net/wiki/List_of_Pok%C3%A9mon_by_Pok%C3%A9dex_number_in_Pok%C3%A9mon_Pokopia
Main #049,Main,49,164,Noctowl,Noctowl,,Noctowl,Normal,Flying,Withered Wastelands; Bleak Beach; Rocky Ridges; Sparkling Skylands; Palette Town; Cloud Island,Elevated tall grass | Gently lit bed,"Withered Wastelands, Bleak Beach, Rocky Ridges, Sparkling Skylands, Palette Town, Cloud Island | Withered Wastelands, Bleak Beach, Rocky Ridges, Sparkling Skylands, Palette Town, Cloud Island",Rare | Rare,Night | Morning/Day/Evening/Night,Sun/Cloud/Rain | Sun/Cloud/Rain,"Gently Lit Bed - Bed (any) x1, Table (any) x1, Slender Candle x1 | Elevated Tall Grass - Tall Grass x4, High-up Location",Nighttime,All weather,"Trade, Fly",Dark,"Soft stuff, Nice breezes, Letters and words, Containers, Watching stuff, Dry flavors",No,Owl Pokémon,Befriend by building habitat: Elevated tall grass (Rare); Gently lit bed (Rare). Restrictions: Elevated tall grass [time: Night],https://www.serebii.net/pokemonpokopia/pokedex/noctowl.shtml | https://bulbapedia.bulbagarden.net/wiki/List_of_Pok%C3%A9mon_by_Pok%C3%A9dex_number_in_Pok%C3%A9mon_Pokopia
Main #050,Main,50,214,Heracross,Heracross,,Heracross,Bug,Fighting,Withered Wastelands; Bleak Beach; Rocky Ridges; Sparkling Skylands; Palette Town; Cloud Island,Tree-shaded tall grass,"Withered Wastelands, Bleak Beach, Rocky Ridges, Sparkling Skylands, Palette Town, Cloud Island",Rare,Morning/Day/Evening/Night,Sun/Cloud/Rain,"Tree-shaded Tall Grass - Large Tree (any) x1, Tall Grass x4",All day,All weather,"Chop, Build",Bright,"Lots of nature, Wooden stuff, Pretty flowers, Looks like food, Exercise, Sweet flavors",No,Singlehorn Pokémon,Befriend by building habitat: Tree-shaded tall grass (Rare),https://www.serebii.net/pokemonpokopia/pokedex/heracross.shtml | https://bulbapedia.bulbagarden.net/wiki/List_of_Pok%C3%A9mon_by_Pok%C3%A9dex_number_in_Pok%C3%A9mon_Pokopia
Main #051,Main,51,313,Volbeat,Volbeat,,Volbeat,Bug,,Withered Wastelands; Bleak Beach; Rocky Ridges; Sparkling Skylands; Palette Town; Cloud Island,Hydrated flower bed,"Withered Wastelands, Bleak Beach, Rocky Ridges, Sparkling Skylands, Palette Town, Cloud Island",Rare,Morning/Day/Evening/Night,Sun/Cloud/Rain,"Hydrated Flower Bed - Wildflowers x4, Water x2",All day,All weather,Hype,Dark,"Lots of nature, Wooden stuff, Shiny stuff, Cute stuff, Group Activities, Sweet flavors",No,Firefly Pokémon,Befriend by building habitat: Hydrated flower bed (Rare),https://www.serebii.net/pokemonpokopia/pokedex/volbeat.shtml | https://bulbapedia.bulbagarden.net/wiki/List_of_Pok%C3%A9mon_by_Pok%C3%A9dex_number_in_Pok%C3%A9mon_Pokopia
Main #052,Main,52,314,Illumise,Illumise,,Illumise,Bug,,Withered Wastelands; Bleak Beach; Rocky Ridges; Sparkling Skylands; Palette Town; Cloud Island,Hydrated flower bed,"Withered Wastelands, Bleak Beach, Rocky Ridges, Sparkling Skylands, Palette Town, Cloud Island",Rare,Morning/Day/Evening/Night,Sun/Cloud/Rain,"Hydrated Flower Bed - Wildflowers x4, Water x2",All day,All weather,Hype,Dark,"Lots of nature, Wooden stuff, Shiny stuff, Cute stuff, Group Activities, Sour flavors",No,Firefly Pokémon,Befriend by building habitat: Hydrated flower bed (Rare),https://www.serebii.net/pokemonpokopia/pokedex/illumise.shtml | https://bulbapedia.bulbagarden.net/wiki/List_of_Pok%C3%A9mon_by_Pok%C3%A9dex_number_in_Pok%C3%A9mon_Pokopia
Main #053,Main,53,316,Gulpin,Gulpin,,Gulpin,Poison,,Withered Wastelands; Cloud Island,Tantalizing dining set,"Withered Wastelands, Cloud Island",,Morning/Day/Evening/Night,Sun/Cloud/Rain,"Tantalizing Dining Set - Seat (any) x1, Table (any) x1, Plated Food x1",All day,All weather,Storage,Humid,"Cute stuff, Looks like food, Round stuff, Containers, Colorful stuff, Spicy flavors",No,Stomach Pokémon,Befriend by building habitat: Tantalizing dining set,https://www.serebii.net/pokemonpokopia/pokedex/gulpin.shtml | https://bulbapedia.bulbagarden.net/wiki/List_of_Pok%C3%A9mon_by_Pok%C3%A9dex_number_in_Pok%C3%A9mon_Pokopia
Main #054,Main,54,317,Swalot,Swalot,,Swalot,Poison,,Withered Wastelands; Bleak Beach; Rocky Ridges; Sparkling Skylands; Palette Town; Cloud Island,Dinner table surprise,"Withered Wastelands, Bleak Beach, Rocky Ridges, Sparkling Skylands, Palette Town, Cloud Island",Rare,Morning/Day/Evening/Night,Sun/Cloud/Rain,"Dinner Table Surprise - Seat (wide) x2, Table (large) x1, Party Platter x4",All day,All weather,Storage,Humid,"Garbage, Looks like food, Round stuff, Containers, Colorful stuff, Bitter flavors",No,Poison Bag Pokémon,Befriend by building habitat: Dinner table surprise (Rare),https://www.serebii.net/pokemonpokopia/pokedex/swalot.shtml | https://bulbapedia.bulbagarden.net/wiki/List_of_Pok%C3%A9mon_by_Pok%C3%A9dex_number_in_Pok%C3%A9mon_Pokopia
Main #055,Main,55,331,Cacnea,Cacnea,,Cacnea,Grass,,Withered Wastelands; Bleak Beach; Rocky Ridges; Sparkling Skylands; Palette Town; Cloud Island,Sunny Day site,"Withered Wastelands, Bleak Beach, Rocky Ridges, Sparkling Skylands, Palette Town, Cloud Island",Common,Morning/Day/Evening/Night,Sun,"Sunny Day Site - Castform Weather Charm (sun) x2, Plated Food x1",All day,Sunny,Grow,Dry,"Lots of nature, Pretty flowers, Cute stuff, Round stuff, Sharp stuff, Spicy flavors",No,Cactus Pokémon,Befriend by building habitat: Sunny Day site (Common). Restrictions: Sunny Day site [weather: Sun],https://www.serebii.net/pokemonpokopia/pokedex/cacnea.shtml | https://bulbapedia.bulbagarden.net/wiki/List_of_Pok%C3%A9mon_by_Pok%C3%A9dex_number_in_Pok%C3%A9mon_Pokopia
Main #056,Main,56,332,Cacturne,Cacturne,,Cacturne,Grass,Dark,Withered Wastelands; Bleak Beach; Rocky Ridges; Sparkling Skylands; Palette Town; Cloud Island,Tree-shaded flower bed,"Withered Wastelands, Bleak Beach, Rocky Ridges, Sparkling Skylands, Palette Town, Cloud Island",Rare,Night,Sun/Cloud/Rain,"Tree-shaded Flower Bed - Berry Tree (any) x1, Wildflowers x4",Nighttime,All weather,"Grow, Litter",Dry,"Lots of nature, Nice breezes, Luxury, Shiny stuff, Sharp stuff, Dry flavors",No,Scarecrow Pokémon,Befriend by building habitat: Tree-shaded flower bed (Rare). Restrictions: Tree-shaded flower bed [time: Night],https://www.serebii.net/pokemonpokopia/pokedex/cacturne.shtml | https://bulbapedia.bulbagarden.net/wiki/List_of_Pok%C3%A9mon_by_Pok%C3%A9dex_number_in_Pok%C3%A9mon_Pokopia
Main #057,Main,57,415,Combee,Combee,,Combee,Bug,Flying,Withered Wastelands; Bleak Beach; Rocky Ridges; Sparkling Skylands; Palette Town; Cloud Island,Pretty flower bed,"Withered Wastelands, Bleak Beach, Rocky Ridges, Sparkling Skylands, Palette Town, Cloud Island",Common,Morning/Day/Evening/Night,Sun/Cloud/Rain,Pretty Flower Bed - Wildflowers x4,All day,All weather,Litter,Bright,"Lots of nature, Nice breezes, Wooden stuff, Gatherings, Group Activities, Sweet flavors",No,Tiny Bee Pokémon,Befriend by building habitat: Pretty flower bed (Common),https://www.serebii.net/pokemonpokopia/pokedex/combee.shtml | https://bulbapedia.bulbagarden.net/wiki/List_of_Pok%C3%A9mon_by_Pok%C3%A9dex_number_in_Pok%C3%A9mon_Pokopia
Main #058,Main,58,416,Vespiquen,Vespiquen,,Vespiquen,Bug,Flying,Withered Wastelands; Bleak Beach; Rocky Ridges; Sparkling Skylands; Palette Town; Cloud Island,Field of Flowers,"Withered Wastelands, Bleak Beach, Rocky Ridges, Sparkling Skylands, Palette Town, Cloud Island",Common,Morning/Day/Evening/Night,Sun/Cloud/Rain,Field of Flowers - Wildflowers x8,All day,All weather,"Gather Honey, Search",Bright,"Lots of nature, Nice breezes, Wooden stuff, Gatherings, Complicated stuff, Sweet flavors",No,Beehive Pokémon,Befriend by building habitat: Field of Flowers (Common),https://www.serebii.net/pokemonpokopia/pokedex/vespiquen.shtml | https://bulbapedia.bulbagarden.net/wiki/List_of_Pok%C3%A9mon_by_Pok%C3%A9dex_number_in_Pok%C3%A9mon_Pokopia
Main #059,Main,59,422,Shellos (West Sea),Shellos,West Sea,Shellos,Water,,Withered Wastelands; Bleak Beach; Rocky Ridges; Sparkling Skylands; Palette Town; Cloud Island,Road Sign,"Withered Wastelands, Bleak Beach, Rocky Ridges, Sparkling Skylands, Palette Town, Cloud Island",Common,Morning/Day/Evening/Night,Sun/Cloud/Rain,"Road Sign - Arrow Sign x1, Wooden Path x3",All day,All weather,Water,Humid,"Lots of water, Ocean vibes, Cleanliness, Colorful stuff, Containers, Sour flavors",Underwater capable,Sea Slug Pokémon,Befriend by building habitat: Road Sign (Common),https://www.serebii.net/pokemonpokopia/pokedex/shellos.shtml | https://bulbapedia.bulbagarden.net/wiki/List_of_Pok%C3%A9mon_by_Pok%C3%A9dex_number_in_Pok%C3%A9mon_Pokopia
Main #060,Main,60,423,Gastrodon (West Sea),Gastrodon,West Sea,Gastrodon,Water,Ground,Withered Wastelands; Bleak Beach; Rocky Ridges; Sparkling Skylands; Palette Town; Cloud Island,Ocean fishing spot,"Withered Wastelands, Bleak Beach, Rocky Ridges, Sparkling Skylands, Palette Town, Cloud Island",Rare,Morning/Day/Evening/Night,Sun/Cloud/Rain,"Ocean Fishing Spot - Fishing Rod x1, Seat (any) x1, Ocean Water x1",All day,All weather,"Water, Trade",Humid,"Lots of water, Lots of dirt, Ocean vibes, Cleanliness, Containers, Sour flavors",Underwater capable,Sea Slug Pokémon,Befriend by building habitat: Ocean fishing spot (Rare),https://www.serebii.net/pokemonpokopia/pokedex/gastrodon.shtml | https://bulbapedia.bulbagarden.net/wiki/List_of_Pok%C3%A9mon_by_Pok%C3%A9dex_number_in_Pok%C3%A9mon_Pokopia
Main #061,Main,61,425,Drifloon,Drifloon,,Drifloon,Ghost,Flying,Withered Wastelands; Bleak Beach; Rocky Ridges; Sparkling Skylands; Palette Town; Cloud Island,Riding warm updrafts | Bed with a plush | Plush central,"Withered Wastelands, Bleak Beach, Rocky Ridges, Sparkling Skylands, Palette Town, Cloud Island | Withered Wastelands, Bleak Beach, Rocky Ridges, Sparkling Skylands, Palette Town, Cloud Island | Withered Wastelands, Bleak Beach, Rocky Ridges, Sparkling Skylands, Palette Town, Cloud Island",Common | Common | Common,Morning/Day/Evening/Night | Morning/Day/Evening/Night | Morning/Day/Evening/Night,Sun/Cloud/Rain | Sun/Cloud/Rain | Sun/Cloud/Rain,"Riding Warm Updrafts - Campfire x3 | Plush Central - Arcanine Doll x1, Pikachu Doll x1, Dragonite Doll x1, Eevee Doll x1 | Bed with a Plush - Bed (any) x1, Doll (any) x1",All day,All weather,Dream Island,Warm,"Spooky stuff, Strange stuff, Nice breezes, Cute stuff, Round stuff, Bitter flavors",No,Balloon Pokémon,Befriend by building habitat: Riding warm updrafts (Common); Bed with a plush (Common); Plush central (Common),https://www.serebii.net/pokemonpokopia/pokedex/drifloon.shtml | https://bulbapedia.bulbagarden.net/wiki/List_of_Pok%C3%A9mon_by_Pok%C3%A9dex_number_in_Pok%C3%A9mon_Pokopia
Main #062,Main,62,426,Drifblim,Drifblim,,Drifblim,Ghost,Flying,Withered Wastelands; Bleak Beach; Rocky Ridges; Sparkling Skylands; Palette Town; Cloud Island,Plush central,"Withered Wastelands, Bleak Beach, Rocky Ridges, Sparkling Skylands, Palette Town, Cloud Island",Common,Morning/Day/Evening/Night,Sun/Cloud/Rain,"Plush Central - Arcanine Doll x1, Pikachu Doll x1, Dragonite Doll x1, Eevee Doll x1",All day,All weather,"Fly, Gather",Warm,"Spooky stuff, Strange stuff, Nice breezes, Wobbly stuff, Spinning stuff, Bitter flavors",No,Blimp Pokémon,Befriend by building habitat: Plush central (Common),https://www.serebii.net/pokemonpokopia/pokedex/drifblim.shtml | https://bulbapedia.bulbagarden.net/wiki/List_of_Pok%C3%A9mon_by_Pok%C3%A9dex_number_in_Pok%C3%A9mon_Pokopia
Main #063,Main,63,529,Drilbur,Drilbur,,Drilbur,Ground,,Withered Wastelands; Bleak Beach; Rocky Ridges; Sparkling Skylands; Palette Town; Cloud Island,Fresh Veggie Field,"Withered Wastelands, Bleak Beach, Rocky Ridges, Sparkling Skylands, Palette Town, Cloud Island",Common,Morning/Day/Evening/Night,Sun/Cloud/Rain,Fresh Veggie Field - Vegetable field (any) x8,All day,All weather,Search,Dark,"Lots of dirt, Stone stuff, Lots of nature, Watching stuff, Sharp stuff, Sour flavors",No,Mole Pokémon,Befriend by building habitat: Fresh Veggie Field (Common),https://www.serebii.net/pokemonpokopia/pokedex/drilbur.shtml | https://bulbapedia.bulbagarden.net/wiki/List_of_Pok%C3%A9mon_by_Pok%C3%A9dex_number_in_Pok%C3%A9mon_Pokopia
Main #064,Main,64,530,Excadrill,Excadrill,,Excadrill,Ground,Steel,Withered Wastelands; Bleak Beach; Rocky Ridges; Sparkling Skylands; Palette Town; Cloud Island,Fresh Veggie Field,"Withered Wastelands, Bleak Beach, Rocky Ridges, Sparkling Skylands, Palette Town, Cloud Island",Rare,Morning/Day/Evening/Night,Sun/Cloud/Rain,Fresh Veggie Field - Vegetable field (any) x8,All day,All weather,"Search, Chop",Dark,"Lots of dirt, Metal stuff, Exercise, Watching stuff, Sharp stuff, Sour flavors",No,Subterrene Pokémon,Befriend by building habitat: Fresh Veggie Field (Rare),https://www.serebii.net/pokemonpokopia/pokedex/excadrill.shtml | https://bulbapedia.bulbagarden.net/wiki/List_of_Pok%C3%A9mon_by_Pok%C3%A9dex_number_in_Pok%C3%A9mon_Pokopia
Main #065,Main,65,532,Timburr,Timburr,,Timburr,Fighting,,Withered Wastelands; Bleak Beach; Rocky Ridges; Sparkling Skylands; Palette Town; Cloud Island,Boulder-shaded Tall Grass,"Withered Wastelands, Bleak Beach, Rocky Ridges, Sparkling Skylands, Palette Town, Cloud Island",Common,Morning/Day/Evening/Night,Sun/Cloud/Rain,"Boulder-shaded tall grass - Tall Grass x4, Large Boulder x1",All day,All weather,Build,Bright,"Exercise, Construction, Wooden stuff, Slender objects, Blocky stuff, Spicy flavors",No,Muscular Pokémon,Befriend by building habitat: Boulder-shaded Tall Grass (Common),https://www.serebii.net/pokemonpokopia/pokedex/timburr.shtml | https://bulbapedia.bulbagarden.net/wiki/List_of_Pok%C3%A9mon_by_Pok%C3%A9dex_number_in_Pok%C3%A9mon_Pokopia
Main #066,Main,66,533,Gurdurr,Gurdurr,,Gurdurr,Fighting,,Withered Wastelands; Bleak Beach; Rocky Ridges; Sparkling Skylands; Palette Town; Cloud Island,Boulder-shaded Tall Grass | Large luggage carrier,"Withered Wastelands, Bleak Beach, Rocky Ridges, Sparkling Skylands, Palette Town, Cloud Island | Withered Wastelands, Bleak Beach, Rocky Ridges, Sparkling Skylands, Palette Town, Cloud Island",Rare | Common,Morning/Day/Evening/Night | Morning/Day/Evening/Night,Sun/Cloud/Rain | Sun/Cloud/Rain,"Large Luggage Carrier - Cart x1, Wooden Crate x2 | Boulder-shaded tall grass - Tall Grass x4, Large Boulder x1",All day,All weather,Build,Bright,"Exercise, Construction, Metal stuff, Slender objects, Group Activities, Spicy flavors",No,Muscular Pokémon,Befriend by building habitat: Boulder-shaded Tall Grass (Rare); Large luggage carrier (Common),https://www.serebii.net/pokemonpokopia/pokedex/gurdurr.shtml | https://bulbapedia.bulbagarden.net/wiki/List_of_Pok%C3%A9mon_by_Pok%C3%A9dex_number_in_Pok%C3%A9mon_Pokopia
Main #067,Main,67,534,Conkeldurr,Conkeldurr,,Conkeldurr,Fighting,,Withered Wastelands; Bleak Beach; Rocky Ridges; Sparkling Skylands; Palette Town; Cloud Island,Construction-site generator,"Withered Wastelands, Bleak Beach, Rocky Ridges, Sparkling Skylands, Palette Town, Cloud Island",Common,Morning/Day/Evening/Night,Sun/Cloud/Rain,"Construction Site Generator - Furnace x1, Iron Scaffold x2, Iron Pipes x1",All day,All weather,"Build, Crush",Bright,"Exercise, Construction, Stone stuff, Slender objects, Group Activities, Spicy flavors",No,Muscular Pokémon,Befriend by building habitat: Construction-site generator (Common),https://www.serebii.net/pokemonpokopia/pokedex/conkeldurr.shtml | https://bulbapedia.bulbagarden.net/wiki/List_of_Pok%C3%A9mon_by_Pok%C3%A9dex_number_in_Pok%C3%A9mon_Pokopia
Main #068,Main,68,607,Litwick,Litwick,,Litwick,Ghost,Fire,Withered Wastelands; Bleak Beach; Rocky Ridges; Sparkling Skylands; Palette Town; Cloud Island,Grave offering | Creepy grave offering,"Withered Wastelands, Bleak Beach, Rocky Ridges, Sparkling Skylands, Palette Town, Cloud Island | Withered Wastelands, Bleak Beach, Rocky Ridges, Sparkling Skylands, Palette Town, Cloud Island",Common | Common,Morning/Day/Evening/Night | Morning/Day/Evening/Night,Sun/Cloud/Rain | Sun/Cloud/Rain,"Creepy Grave Offering - Eerie Candle x2, Gravestone x1, Plated Food x1 | Grave Offering - Slender Candle x2, Gravestone x1, Plated Food x1",All day,All weather,Burn,Warm,"Spooky stuff, Strange stuff, Lots of fire, Wobbly stuff, Blocky stuff, Bitter flavors",No,Candle Pokémon,Befriend by building habitat: Grave offering (Common); Creepy grave offering (Common),https://www.serebii.net/pokemonpokopia/pokedex/litwick.shtml | https://bulbapedia.bulbagarden.net/wiki/List_of_Pok%C3%A9mon_by_Pok%C3%A9dex_number_in_Pok%C3%A9mon_Pokopia
Main #069,Main,69,608,Lampent,Lampent,,Lampent,Ghost,Fire,Withered Wastelands; Bleak Beach; Rocky Ridges; Sparkling Skylands; Palette Town; Cloud Island,Grave offering | Creepy grave offering,"Withered Wastelands, Bleak Beach, Rocky Ridges, Sparkling Skylands, Palette Town, Cloud Island | Withered Wastelands, Bleak Beach, Rocky Ridges, Sparkling Skylands, Palette Town, Cloud Island",Rare | Common,Morning/Day/Evening/Night | Morning/Day/Evening/Night,Sun/Cloud/Rain | Sun/Cloud/Rain,"Creepy Grave Offering - Eerie Candle x2, Gravestone x1, Plated Food x1 | Grave Offering - Slender Candle x2, Gravestone x1, Plated Food x1",All day,All weather,Burn,Warm,"Spooky stuff, Strange stuff, Lots of fire, Wobbly stuff, Containers, Bitter flavors",No,Lamp Pokémon,Befriend by building habitat: Grave offering (Rare); Creepy grave offering (Common),https://www.serebii.net/pokemonpokopia/pokedex/lampent.shtml | https://bulbapedia.bulbagarden.net/wiki/List_of_Pok%C3%A9mon_by_Pok%C3%A9dex_number_in_Pok%C3%A9mon_Pokopia
Main #070,Main,70,609,Chandelure,Chandelure,,Chandelure,Ghost,Fire,Withered Wastelands; Bleak Beach; Rocky Ridges; Sparkling Skylands; Palette Town; Cloud Island,Creepy grave offering,"Withered Wastelands, Bleak Beach, Rocky Ridges, Sparkling Skylands, Palette Town, Cloud Island",Rare,Morning/Day/Evening/Night,Sun/Cloud/Rain,"Creepy Grave Offering - Eerie Candle x2, Gravestone x1, Plated Food x1",All day,All weather,Burn,Warm,"Spooky stuff, Strange stuff, Lots of fire, Wobbly stuff, Watching stuff, Dry flavors",No,Luring Pokémon,Befriend by building habitat: Creepy grave offering (Rare),https://www.serebii.net/pokemonpokopia/pokedex/chandelure.shtml | https://bulbapedia.bulbagarden.net/wiki/List_of_Pok%C3%A9mon_by_Pok%C3%A9dex_number_in_Pok%C3%A9mon_Pokopia
Main #071,Main,71,610,Axew,Axew,,Axew,Dragon,,Withered Wastelands; Bleak Beach; Rocky Ridges; Sparkling Skylands; Palette Town; Cloud Island,Lumberjack's workplace | Cozy log handicrafts,"Withered Wastelands, Bleak Beach, Rocky Ridges, Sparkling Skylands, Palette Town, Cloud Island | Withered Wastelands, Bleak Beach, Rocky Ridges, Sparkling Skylands, Palette Town, Cloud Island",Common | Common,Morning/Day/Evening/Night | Morning/Day/Evening/Night,Sun/Cloud/Rain | Sun/Cloud/Rain,"Lumberjack's Workplace - Log Chair x1, Cart x1, Tree Stump (any) x1, Log Table x1 | Cozy Log Handicrafts - Log Chair x1, Log Table x1, Log Bed x1",All day,All weather,Chop,Dark,"Lots of fire, Luxury, Lots of dirt, Hard stuff, Sharp stuff, Sweet flavors",No,Tusk Pokémon,Befriend by building habitat: Lumberjack's workplace (Common); Cozy log handicrafts (Common),https://www.serebii.net/pokemonpokopia/pokedex/axew.shtml | https://bulbapedia.bulbagarden.net/wiki/List_of_Pok%C3%A9mon_by_Pok%C3%A9dex_number_in_Pok%C3%A9mon_Pokopia
Main #072,Main,72,611,Fraxure,Fraxure,,Fraxure,Dragon,,Withered Wastelands; Bleak Beach; Rocky Ridges; Sparkling Skylands; Palette Town; Cloud Island,Lumberjack's workplace | Cozy log handicrafts,"Withered Wastelands, Bleak Beach, Rocky Ridges, Sparkling Skylands, Palette Town, Cloud Island | Withered Wastelands, Bleak Beach, Rocky Ridges, Sparkling Skylands, Palette Town, Cloud Island",Common | Rare,Morning/Day/Evening/Night | Morning/Day/Evening/Night,Sun/Cloud/Rain | Sun/Cloud/Rain,"Lumberjack's Workplace - Log Chair x1, Cart x1, Tree Stump (any) x1, Log Table x1 | Cozy Log Handicrafts - Log Chair x1, Log Table x1, Log Bed x1",All day,All weather,Chop,Dark,"Lots of fire, Luxury, Lots of dirt, Exercise, Sharp stuff, Spicy flavors",No,Axe Jaw Pokémon,Befriend by building habitat: Lumberjack's workplace (Common); Cozy log handicrafts (Rare),https://www.serebii.net/pokemonpokopia/pokedex/fraxure.shtml | https://bulbapedia.bulbagarden.net/wiki/List_of_Pok%C3%A9mon_by_Pok%C3%A9dex_number_in_Pok%C3%A9mon_Pokopia
Main #073,Main,73,612,Haxorus,Haxorus,,Haxorus,Dragon,,Withered Wastelands; Bleak Beach; Rocky Ridges; Sparkling Skylands; Palette Town; Cloud Island,Lumberjack's workplace | Cozy log handicrafts,"Withered Wastelands, Bleak Beach, Rocky Ridges, Sparkling Skylands, Palette Town, Cloud Island | Withered Wastelands, Bleak Beach, Rocky Ridges, Sparkling Skylands, Palette Town, Cloud Island",Rare | Very Rare,Morning/Day/Evening/Night | Morning/Day/Evening/Night,Sun/Cloud/Rain | Sun/Cloud/Rain,"Lumberjack's Workplace - Log Chair x1, Cart x1, Tree Stump (any) x1, Log Table x1 | Cozy Log Handicrafts - Log Chair x1, Log Table x1, Log Bed x1",,,"Chop, Litter",Dark,"Lots of fire, Luxury, Lots of dirt, Exercise, Sharp stuff, Sour flavors",No,Axe Jaw Pokémon,Befriend by building habitat: Lumberjack's workplace (Rare); Cozy log handicrafts (Very Rare),https://www.serebii.net/pokemonpokopia/pokedex/haxorus.shtml | https://bulbapedia.bulbagarden.net/wiki/List_of_Pok%C3%A9mon_by_Pok%C3%A9dex_number_in_Pok%C3%A9mon_Pokopia
Main #074,Main,74,704,Goomy,Goomy,,Goomy,Dragon,,Withered Wastelands; Bleak Beach; Rocky Ridges; Sparkling Skylands; Palette Town; Cloud Island,Tree-shaded flower bed | Rain Dance site,"Withered Wastelands, Bleak Beach, Rocky Ridges, Sparkling Skylands, Palette Town, Cloud Island | Withered Wastelands, Bleak Beach, Rocky Ridges, Sparkling Skylands, Palette Town, Cloud Island",Common | ,Morning/Day/Evening/Night | Morning/Day/Evening/Night,Rain | Rain,"Rain Dance Site - Castform Weather Charm (rain) x2, Plated Food x1 | Tree-shaded flower bed - Berry Tree (any) x1, Wildflowers x4",All day,Rain,Water,Humid,"Lots of water, Luxury, Lots of nature, Cleanliness, Healing, Sweet flavors",No,Soft Tissue Pokémon,Befriend by building habitat: Tree-shaded flower bed (Common); Rain Dance site. Restrictions: Tree-shaded flower bed [weather: Rain]; Rain Dance site [weather: Rain],https://www.serebii.net/pokemonpokopia/pokedex/goomy.shtml | https://bulbapedia.bulbagarden.net/wiki/List_of_Pok%C3%A9mon_by_Pok%C3%A9dex_number_in_Pok%C3%A9mon_Pokopia
Main #075,Main,75,705,Sliggoo,Sliggoo,,Sliggoo,Dragon,,Withered Wastelands; Bleak Beach; Rocky Ridges; Sparkling Skylands; Palette Town; Cloud Island,Hydrated tall grass,"Withered Wastelands, Bleak Beach, Rocky Ridges, Sparkling Skylands, Palette Town, Cloud Island",Common,Morning/Day/Evening/Night,Rain,"Hydrated Tall Grass - Tall Grass x4, Water x2",All day,Rain,Water,Humid,"Lots of water, Luxury, Soft stuff, Cleanliness, Healing, Sweet flavors",No,Soft Tissue Pokémon,Befriend by building habitat: Hydrated tall grass (Common). Restrictions: Hydrated tall grass [weather: Rain],https://www.serebii.net/pokemonpokopia/pokedex/sliggoo.shtml | https://bulbapedia.bulbagarden.net/wiki/List_of_Pok%C3%A9mon_by_Pok%C3%A9dex_number_in_Pok%C3%A9mon_Pokopia
Main #076,Main,76,706,Goodra,Goodra,,Goodra,Dragon,,Withered Wastelands; Bleak Beach; Rocky Ridges; Sparkling Skylands; Palette Town; Cloud Island,Very-berry space,"Withered Wastelands, Bleak Beach, Rocky Ridges, Sparkling Skylands, Palette Town, Cloud Island",Rare,Morning/Day/Evening/Night,Rain,"Very-berry Space - Berry Chair x1, Berry Bed x1, Berry Table x1, Berry Table Lamp x1",All day,Rain,"Water, Trade",Humid,"Lots of water, Luxury, Exercise, Cleanliness, Healing, Sour flavors",No,Dragon Pokémon,Befriend by building habitat: Very-berry space (Rare). Restrictions: Very-berry space [weather: Rain],https://www.serebii.net/pokemonpokopia/pokedex/goodra.shtml | https://bulbapedia.bulbagarden.net/wiki/List_of_Pok%C3%A9mon_by_Pok%C3%A9dex_number_in_Pok%C3%A9mon_Pokopia
Main #077,Main,77,845,Cramorant,Cramorant,,Cramorant,Flying,Water,Palette Town; Cloud Island,Hydrated tall grass,"Palette Town, Cloud Island",Common,Morning/Day/Evening/Night,Sun/Cloud/Rain,"Hydrated Tall Grass - Tall Grass x4, Water x2 (Palette Town Only)",All day,All weather,"Fly, Water",Humid,"Nice breezes, Lots of water, Ocean vibes, Slender objects, Looks like food, Bitter flavors",Underwater capable,Gulp Pokémon,Befriend by building habitat: Hydrated tall grass (Common),https://www.serebii.net/pokemonpokopia/pokedex/cramorant.shtml | https://bulbapedia.bulbagarden.net/wiki/List_of_Pok%C3%A9mon_by_Pok%C3%A9dex_number_in_Pok%C3%A9mon_Pokopia
Main #078,Main,78,172,Pichu,Pichu,,Pichu,Electric,,Withered Wastelands; Cloud Island,Picnic Set,"Withered Wastelands, Cloud Island",Common,Morning/Day/Evening/Night,Sun/Cloud/Rain,"Picnic Set - Seat (any) x2, Table (any) x1, Picnic Basket x1",All day,All weather,Generate,Bright,"Electronics, Glass stuff, Cute stuff, Pretty flowers, Fabric, Sweet flavors",No,Tiny Mouse Pokémon,Befriend by building habitat: Picnic Set (Common),https://www.serebii.net/pokemonpokopia/pokedex/pichu.shtml | https://bulbapedia.bulbagarden.net/wiki/List_of_Pok%C3%A9mon_by_Pok%C3%A9dex_number_in_Pok%C3%A9mon_Pokopia
Main #079,Main,79,25,Pikachu,Pikachu,,Pikachu,Electric,,Palette Town; Cloud Island,Picnic Set,"Palette Town, Cloud Island",Rare,Morning/Day/Evening/Night,Sun/Cloud/Rain,"Picnic Set - Seat (any) x2, Table (any) x1, Picnic Basket x1 (Palette Town Only)",All day,All weather,Generate,Bright,"Electronics, Glass stuff, Group Activities, Round stuff, Rides, Sour flavors",No,Mouse Pokémon,Befriend by building habitat: Picnic Set (Rare),https://www.serebii.net/pokemonpokopia/pokedex/pikachu.shtml | https://bulbapedia.bulbagarden.net/wiki/List_of_Pok%C3%A9mon_by_Pok%C3%A9dex_number_in_Pok%C3%A9mon_Pokopia
Main #080,Main,80,26,Raichu,Raichu,,Raichu,Electric,,Withered Wastelands; Bleak Beach; Rocky Ridges; Sparkling Skylands; Palette Town; Cloud Island,Nature's market,"Withered Wastelands, Bleak Beach, Rocky Ridges, Sparkling Skylands, Palette Town, Cloud Island",Common,Morning/Day/Evening/Night,Sun/Cloud/Rain,"Nature's Market - Large Tree (any) x1, Large Boulder x1, Table (any) x2, Cash Register x1",All day,All weather,"Generate, Hype",Bright,"Electronics, Glass stuff, Group Activities, Round stuff, Play spaces, Sour flavors",No,Mouse Pokémon,Befriend by building habitat: Nature's market (Common),https://www.serebii.net/pokemonpokopia/pokedex/raichu.shtml | https://bulbapedia.bulbagarden.net/wiki/List_of_Pok%C3%A9mon_by_Pok%C3%A9dex_number_in_Pok%C3%A9mon_Pokopia
Main #081,Main,81,41,Zubat,Zubat,,Zubat,Poison,Flying,Withered Wastelands; Bleak Beach; Rocky Ridges; Sparkling Skylands; Palette Town; Cloud Island,Tree-shaded Yellow tall grass | Park bench,"Withered Wastelands, Bleak Beach, Rocky Ridges, Sparkling Skylands, Palette Town, Cloud Island | Withered Wastelands, Bleak Beach, Rocky Ridges, Sparkling Skylands, Palette Town, Cloud Island",Common | Common,Night | Night,Sun/Cloud/Rain | Sun/Cloud/Rain,"Tree-Shaded Yellow Tall Grass - Large Tree (any) x1, Yellow Tall Grass x4 | Park Bench - Seat (wide) x1, Garbage Bin x1",Nighttime,All weather,Search,Dark,"Spooky stuff, Nice breezes, Wooden stuff, Noisy stuff, Complicated stuff, Spicy flavors",No,Bat Pokémon,Befriend by building habitat: Tree-shaded Yellow tall grass (Common); Park bench (Common). Restrictions: Tree-shaded Yellow tall grass [time: Night]; Park bench [time: Night],https://www.serebii.net/pokemonpokopia/pokedex/zubat.shtml | https://bulbapedia.bulbagarden.net/wiki/List_of_Pok%C3%A9mon_by_Pok%C3%A9dex_number_in_Pok%C3%A9mon_Pokopia
Main #082,Main,82,42,Golbat,Golbat,,Golbat,Poison,Flying,Withered Wastelands; Bleak Beach; Rocky Ridges; Sparkling Skylands; Palette Town; Cloud Island,Tree-shaded Yellow tall grass,"Withered Wastelands, Bleak Beach, Rocky Ridges, Sparkling Skylands, Palette Town, Cloud Island",Rare,Night,Sun/Cloud/Rain,"Tree-Shaded Yellow Tall Grass - Large Tree (any) x1, Yellow Tall Grass x4",Nighttime,All weather,Search,Dark,"Spooky stuff, Nice breezes, Wooden stuff, Noisy stuff, Complicated stuff, Spicy flavors",No,Bat Pokémon,Befriend by building habitat: Tree-shaded Yellow tall grass (Rare). Restrictions: Tree-shaded Yellow tall grass [time: Night],https://www.serebii.net/pokemonpokopia/pokedex/golbat.shtml | https://bulbapedia.bulbagarden.net/wiki/List_of_Pok%C3%A9mon_by_Pok%C3%A9dex_number_in_Pok%C3%A9mon_Pokopia
Main #083,Main,83,169,Crobat,Crobat,,Crobat,Poison,Flying,Withered Wastelands; Bleak Beach; Rocky Ridges; Sparkling Skylands; Palette Town; Cloud Island,Elevated yellow tall grass | Trash disposal site,"Withered Wastelands, Bleak Beach, Rocky Ridges, Sparkling Skylands, Palette Town, Cloud Island | Withered Wastelands, Bleak Beach, Rocky Ridges, Sparkling Skylands, Palette Town, Cloud Island",Very Rare | Rare,Night | Night,Sun/Cloud/Rain | Sun/Cloud/Rain,"Trash Disposal Site - Utility Pole x1, Garbage Bags x1 | Elevated Yellow Tall Grass - Yellow Tall Grass x4, High-up Location",Nighttime,All weather,"Search, Chop",Dark,"Spooky stuff, Nice breezes, Wooden stuff, Garbage, Watching stuff, Dry flavors",No,Bat Pokémon,Befriend by building habitat: Elevated yellow tall grass (Very Rare); Trash disposal site (Rare). Restrictions: Elevated yellow tall grass [time: Night]; Trash disposal site [time: Night],https://www.serebii.net/pokemonpokopia/pokedex/crobat.shtml | https://bulbapedia.bulbagarden.net/wiki/List_of_Pok%C3%A9mon_by_Pok%C3%A9dex_number_in_Pok%C3%A9mon_Pokopia
Main #084,Main,84,52,Meowth,Meowth,,Meowth,Normal,,Withered Wastelands; Bleak Beach; Rocky Ridges; Sparkling Skylands; Palette Town; Cloud Island,Resting spot | Working the register,"Withered Wastelands, Bleak Beach, Rocky Ridges, Sparkling Skylands, Palette Town, Cloud Island | Withered Wastelands, Bleak Beach, Rocky Ridges, Sparkling Skylands, Palette Town, Cloud Island",Common | Common,Morning/Day/Evening/Night | Morning/Day/Evening/Night,Sun/Cloud/Rain | Sun/Cloud/Rain,"Working the Register - Table (any) x2, Cash Register x1 | Resting Spot - Cardboard Boxes x1, Straw Bed x1",All day,All weather,Trade,Cool,"Containers, Group Activities, Shiny stuff, Glass stuff, Luxury, Spicy flavors",No,Scratch Cat Pokémon,Befriend by building habitat: Resting spot (Common); Working the register (Common),https://www.serebii.net/pokemonpokopia/pokedex/meowth.shtml | https://bulbapedia.bulbagarden.net/wiki/List_of_Pok%C3%A9mon_by_Pok%C3%A9dex_number_in_Pok%C3%A9mon_Pokopia
Main #085,Main,85,53,Persian,Persian,,Persian,Normal,,Withered Wastelands; Bleak Beach; Rocky Ridges; Sparkling Skylands; Palette Town; Cloud Island,Evil organization HQ,"Withered Wastelands, Bleak Beach, Rocky Ridges, Sparkling Skylands, Palette Town, Cloud Island",Common,Morning/Day/Evening/Night,Sun/Cloud/Rain,"Evil Organization HQ - Potted Plant (any) x2, Team Rocket Wall Hanging x1, Luxury Sofa x1",All day,All weather,"Trade, Search",Cool,"Containers, Group Activities, Shiny stuff, Watching stuff, Luxury, Sour flavors",No,Classy Cat Pokémon,Befriend by building habitat: Evil organization HQ (Common),https://www.serebii.net/pokemonpokopia/pokedex/persian.shtml | https://bulbapedia.bulbagarden.net/wiki/List_of_Pok%C3%A9mon_by_Pok%C3%A9dex_number_in_Pok%C3%A9mon_Pokopia
Main #086,Main,86,54,Psyduck,Psyduck,,Psyduck,Water,,Withered Wastelands; Bleak Beach; Rocky Ridges; Sparkling Skylands; Palette Town; Cloud Island,Hot-spring shower,"Withered Wastelands, Bleak Beach, Rocky Ridges, Sparkling Skylands, Palette Town, Cloud Island",Common,Morning/Day/Evening/Night,Sun/Cloud/Rain,"Hot-spring Shower - Shower x1, Seat (any) x1, Hot-spring Water x2",All day,All weather,Search,Humid,"Lots of water, Ocean vibes, Strange stuff, Complicated stuff, Healing, Dry flavors",Underwater capable,Duck Pokémon,Befriend by building habitat: Hot-spring shower (Common),https://www.serebii.net/pokemonpokopia/pokedex/psyduck.shtml | https://bulbapedia.bulbagarden.net/wiki/List_of_Pok%C3%A9mon_by_Pok%C3%A9dex_number_in_Pok%C3%A9mon_Pokopia
Main #087,Main,87,55,Golduck,Golduck,,Golduck,Water,,Withered Wastelands; Bleak Beach; Rocky Ridges; Sparkling Skylands; Palette Town; Cloud Island,Hot-spring shower,"Withered Wastelands, Bleak Beach, Rocky Ridges, Sparkling Skylands, Palette Town, Cloud Island",Rare,Morning/Day/Evening/Night,Sun/Cloud/Rain,"Hot-spring Shower - Shower x1, Seat (any) x1, Hot-spring Water x2",All day,All weather,Search,Humid,"Lots of water, Ocean vibes, Strange stuff, Complicated stuff, Sharp stuff, Dry flavors",Underwater capable,Duck Pokémon,Befriend by building habitat: Hot-spring shower (Rare),https://www.serebii.net/pokemonpokopia/pokedex/golduck.shtml | https://bulbapedia.bulbagarden.net/wiki/List_of_Pok%C3%A9mon_by_Pok%C3%A9dex_number_in_Pok%C3%A9mon_Pokopia
Main #088,Main,88,58,Growlithe,Growlithe,,Growlithe,Fire,,Withered Wastelands; Bleak Beach; Rocky Ridges; Sparkling Skylands; Palette Town; Cloud Island,Perpetual mess | Resort meal prep,"Withered Wastelands, Bleak Beach, Rocky Ridges, Sparkling Skylands, Palette Town, Cloud Island | Withered Wastelands, Bleak Beach, Rocky Ridges, Sparkling Skylands, Palette Town, Cloud Island",Common | Common,Morning/Day/Evening/Night | Morning/Day/Evening/Night,Sun/Cloud/Rain | Sun/Cloud/Rain,"Resort Meal Prep - Large Palm Tree x1, Seat (any) x1, Plated Food x1. Campfire x1 | Perpetual Mess - Cardboard Boxes x1, Toy (any) x1",All day,All weather,"Burn, Search",Warm,"Lots of fire, Stone stuff, Nice breezes, Letters and words, Pretty flowers, Sweet flavors",No,Puppy Pokémon,Befriend by building habitat: Perpetual mess (Common); Resort meal prep (Common),https://www.serebii.net/pokemonpokopia/pokedex/growlithe.shtml | https://bulbapedia.bulbagarden.net/wiki/List_of_Pok%C3%A9mon_by_Pok%C3%A9dex_number_in_Pok%C3%A9mon_Pokopia
Main #089,Main,89,59,Arcanine,Arcanine,,Arcanine,Fire,,Withered Wastelands; Bleak Beach; Rocky Ridges; Sparkling Skylands; Palette Town; Cloud Island,Mini museum | Magma fishing spot,"Withered Wastelands, Bleak Beach, Rocky Ridges, Sparkling Skylands, Palette Town, Cloud Island | Withered Wastelands, Bleak Beach, Rocky Ridges, Sparkling Skylands, Palette Town, Cloud Island",Rare | Common,Morning/Day/Evening/Night | Morning/Day/Evening/Night,Sun/Cloud/Rain | Sun/Cloud/Rain,"Magma Fishing Spot - Fishing Rod x1, Seat (any) x1, Lava x1 | Mini Museum - Post (any) x3, Pedestal / Exhibition Stand x1, Lost Relic (large) x1",All day,All weather,"Burn, Search",Warm,"Lots of fire, Stone stuff, Nice breezes, Watching stuff, Symbols, Spicy flavors",No,Legendary Pokémon,Befriend by building habitat: Mini museum (Rare); Magma fishing spot (Common),https://www.serebii.net/pokemonpokopia/pokedex/arcanine.shtml | https://bulbapedia.bulbagarden.net/wiki/List_of_Pok%C3%A9mon_by_Pok%C3%A9dex_number_in_Pok%C3%A9mon_Pokopia
Main #090,Main,90,83,Farfetch'd,Farfetch'd,,Farfetch'd,Normal,Flying,Withered Wastelands; Bleak Beach; Rocky Ridges; Sparkling Skylands; Palette Town; Cloud Island,All packed up,"Withered Wastelands, Bleak Beach, Rocky Ridges, Sparkling Skylands, Palette Town, Cloud Island",Common,Morning/Day/Evening/Night,Sun/Cloud/Rain,"All Packed Up - Cart x1, Cardboard Boxes x2",All day,All weather,"Chop, Build",Warm,"Soft stuff, Nice breezes, Wooden stuff, Slender objects, Exercise, Spicy flavors",No,Wild Duck Pokémon,Befriend by building habitat: All packed up (Common),https://www.serebii.net/pokemonpokopia/pokedex/farfetch'd.shtml | https://bulbapedia.bulbagarden.net/wiki/List_of_Pok%C3%A9mon_by_Pok%C3%A9dex_number_in_Pok%C3%A9mon_Pokopia
Main #091,Main,91,88,Grimer,Grimer,,Grimer,Poison,,Withered Wastelands; Bleak Beach; Rocky Ridges; Sparkling Skylands; Palette Town; Cloud Island,Marsh fishing spot,"Withered Wastelands, Bleak Beach, Rocky Ridges, Sparkling Skylands, Palette Town, Cloud Island",Common,Morning/Day/Evening/Night,Sun/Cloud/Rain,"Marsh Fishing Spot - Fishing Rod x1, Seat x1, Muddy Water x1",All day,All weather,Litter,Dark,"Garbage, Spooky stuff, Gatherings, Shiny stuff, Containers, Bitter flavors",No,Sludge Pokémon,Befriend by building habitat: Marsh fishing spot (Common),https://www.serebii.net/pokemonpokopia/pokedex/grimer.shtml | https://bulbapedia.bulbagarden.net/wiki/List_of_Pok%C3%A9mon_by_Pok%C3%A9dex_number_in_Pok%C3%A9mon_Pokopia
Main #092,Main,92,89,Muk,Muk,,Muk,Poison,,Withered Wastelands; Bleak Beach; Rocky Ridges; Sparkling Skylands; Palette Town; Cloud Island,Marsh fishing spot,"Withered Wastelands, Bleak Beach, Rocky Ridges, Sparkling Skylands, Palette Town, Cloud Island",Rare,Morning/Day/Evening/Night,Sun/Cloud/Rain,"Marsh Fishing Spot - Fishing Rod x1, Seat x1, Muddy Water x1",All day,All weather,Litter,Dark,"Garbage, Spooky stuff, Gatherings, Shiny stuff, Colorful stuff, Bitter flavors",No,Sludge Pokémon,Befriend by building habitat: Marsh fishing spot (Rare),https://www.serebii.net/pokemonpokopia/pokedex/muk.shtml | https://bulbapedia.bulbagarden.net/wiki/List_of_Pok%C3%A9mon_by_Pok%C3%A9dex_number_in_Pok%C3%A9mon_Pokopia
Main #093,Main,93,92,Gastly,Gastly,,Gastly,Ghost,Poison,Withered Wastelands; Bleak Beach; Rocky Ridges; Sparkling Skylands; Palette Town; Cloud Island,Spooky study,"Withered Wastelands, Bleak Beach, Rocky Ridges, Sparkling Skylands, Palette Town, Cloud Island",Common,Night,Sun/Cloud/Rain,"Spooky Study - Bookcase x1, Chic Sofa x1, Plain Table x1, Slender Candle x1",Nighttime,All weather,"Gather, Trade",Dark,"Spooky stuff, Strange stuff, Garbage, Containers, Group Activities, Spicy flavors",No,Gas Pokémon,Befriend by building habitat: Spooky study (Common). Restrictions: Spooky study [time: Night],https://www.serebii.net/pokemonpokopia/pokedex/gastly.shtml | https://bulbapedia.bulbagarden.net/wiki/List_of_Pok%C3%A9mon_by_Pok%C3%A9dex_number_in_Pok%C3%A9mon_Pokopia
Main #094,Main,94,93,Haunter,Haunter,,Haunter,Ghost,Poison,Withered Wastelands; Bleak Beach; Rocky Ridges; Sparkling Skylands; Palette Town; Cloud Island,Surprise in store | Spooky study,"Withered Wastelands, Bleak Beach, Rocky Ridges, Sparkling Skylands, Palette Town, Cloud Island | Withered Wastelands, Bleak Beach, Rocky Ridges, Sparkling Skylands, Palette Town, Cloud Island",Common | Rare,Night | Night,Sun/Cloud/Rain | Sun/Cloud/Rain,"Surprise in Store - Ballons x2, Boo-in-the-Box x1 | Spooky Study - Bookcase x1, Chic Sofa x1, Plain Table x1, Slender Candle x1",Nighttime,All weather,"Gather, Trade",Dark,"Spooky stuff, Strange stuff, Garbage, Wobbly stuff, Group Activities, Spicy flavors",No,Gas Pokémon,Befriend by building habitat: Surprise in store (Common); Spooky study (Rare). Restrictions: Surprise in store [time: Night]; Spooky study [time: Night],https://www.serebii.net/pokemonpokopia/pokedex/haunter.shtml | https://bulbapedia.bulbagarden.net/wiki/List_of_Pok%C3%A9mon_by_Pok%C3%A9dex_number_in_Pok%C3%A9mon_Pokopia
Main #095,Main,95,94,Gengar,Gengar,,Gengar,Ghost,Poison,Withered Wastelands; Bleak Beach; Rocky Ridges; Sparkling Skylands; Palette Town; Cloud Island,Surprise in store,"Withered Wastelands, Bleak Beach, Rocky Ridges, Sparkling Skylands, Palette Town, Cloud Island",Rare,Night,Sun/Cloud/Rain,"Surprise in Store - Ballons x2, Boo-in-the-Box x1",Nighttime,All weather,"Gather, Trade",Dark,"Spooky stuff, Strange stuff, Garbage, Rides, Group Activities, Sweet flavors",No,Shadow Pokémon,Befriend by building habitat: Surprise in store (Rare). Restrictions: Surprise in store [time: Night],https://www.serebii.net/pokemonpokopia/pokedex/gengar.shtml | https://bulbapedia.bulbagarden.net/wiki/List_of_Pok%C3%A9mon_by_Pok%C3%A9dex_number_in_Pok%C3%A9mon_Pokopia
Main #096,Main,96,100,Voltorb,Voltorb,,Voltorb,Electric,,Withered Wastelands; Bleak Beach; Rocky Ridges; Sparkling Skylands; Palette Town; Cloud Island,Park bench | Playing pirate,"Withered Wastelands, Bleak Beach, Rocky Ridges, Sparkling Skylands, Palette Town, Cloud Island | Withered Wastelands, Bleak Beach, Rocky Ridges, Sparkling Skylands, Palette Town, Cloud Island",Common | Common,Morning/Day/Evening/Night | Morning/Day/Evening/Night,Sun/Cloud/Rain | Sun/Cloud/Rain,"Playing Pirate - Barrel x1, Cannon x2, Ship's Wheel x1 | Park Bench - Seat (wide) x1, Garbage Bin x1",All day,All weather,"Generate, Explode",Bright,"Electronics, Shiny stuff, Round stuff, Colorful stuff, Spinning stuff, Bitter flavors",No,Ball Pokémon,Befriend by building habitat: Park bench (Common); Playing pirate (Common),https://www.serebii.net/pokemonpokopia/pokedex/voltorb.shtml | https://bulbapedia.bulbagarden.net/wiki/List_of_Pok%C3%A9mon_by_Pok%C3%A9dex_number_in_Pok%C3%A9mon_Pokopia
Main #097,Main,97,101,Electrode,Electrode,,Electrode,Electric,,Withered Wastelands; Bleak Beach; Rocky Ridges; Sparkling Skylands; Palette Town; Cloud Island,Park bench | Playing pirate,"Withered Wastelands, Bleak Beach, Rocky Ridges, Sparkling Skylands, Palette Town, Cloud Island | Withered Wastelands, Bleak Beach, Rocky Ridges, Sparkling Skylands, Palette Town, Cloud Island",Very Rare | Common,Morning/Day/Evening/Night | Morning/Day/Evening/Night,Sun/Cloud/Rain | Sun/Cloud/Rain,"Playing Pirate - Barrel x1, Cannon x2, Ship's Wheel x1 | Park Bench - Seat (wide) x1, Garbage Bin x1",All day,All weather,"Generate, Explode",Bright,"Electronics, Shiny stuff, Round stuff, Play spaces, Spinning stuff, Sour flavors",No,Ball Pokémon,Befriend by building habitat: Park bench (Very Rare); Playing pirate (Common),https://www.serebii.net/pokemonpokopia/pokedex/electrode.shtml | https://bulbapedia.bulbagarden.net/wiki/List_of_Pok%C3%A9mon_by_Pok%C3%A9dex_number_in_Pok%C3%A9mon_Pokopia
Main #098,Main,98,102,Exeggcute,Exeggcute,,Exeggcute,Grass,Psychic,Withered Wastelands; Bleak Beach; Rocky Ridges; Sparkling Skylands; Palette Town; Cloud Island,Tropical vibes | Shaded beach,"Withered Wastelands, Bleak Beach, Rocky Ridges, Sparkling Skylands, Palette Town, Cloud Island | Withered Wastelands, Bleak Beach, Rocky Ridges, Sparkling Skylands, Palette Town, Cloud Island",Common | Common,Morning/Day/Evening/Night | Morning/Day/Evening/Night,Sun/Cloud/Rain | Sun/Cloud/Rain,"Shaded Beach - Large Palm Tree x1, Beach Chair x1 | Tropical Vibes - Large Palm Tre x1, Seashore Flowers x4",All day,All weather,"Grow, Teleport",Bright,"Lots of nature, Strange stuff, Gatherings, Watching stuff, Group Activities, Spicy flavors",No,Egg Pokémon,Befriend by building habitat: Tropical vibes (Common); Shaded beach (Common),https://www.serebii.net/pokemonpokopia/pokedex/exeggcute.shtml | https://bulbapedia.bulbagarden.net/wiki/List_of_Pok%C3%A9mon_by_Pok%C3%A9dex_number_in_Pok%C3%A9mon_Pokopia
Main #099,Main,99,103,Exeggutor,Exeggutor,,Exeggutor,Grass,Psychic,Withered Wastelands; Bleak Beach; Rocky Ridges; Sparkling Skylands; Palette Town; Cloud Island,Tropical vibes | Shaded beach,"Withered Wastelands, Bleak Beach, Rocky Ridges, Sparkling Skylands, Palette Town, Cloud Island | Withered Wastelands, Bleak Beach, Rocky Ridges, Sparkling Skylands, Palette Town, Cloud Island",Very Rare | Rare,Morning/Day/Evening/Night | Morning/Day/Evening/Night,Sun/Cloud/Rain | Sun/Cloud/Rain,"Shaded Beach - Large Palm Tree x1, Beach Chair x1 | Tropical Vibes - Large Palm Tre x1, Seashore Flowers x4",All day,All weather,"Grow, Teleport",Bright,"Lots of nature, Strange stuff, Gatherings, Watching stuff, Wooden stuff, Dry flavors",No,Coconut Pokémon,Befriend by building habitat: Tropical vibes (Very Rare); Shaded beach (Rare),https://www.serebii.net/pokemonpokopia/pokedex/exeggutor.shtml | https://bulbapedia.bulbagarden.net/wiki/List_of_Pok%C3%A9mon_by_Pok%C3%A9dex_number_in_Pok%C3%A9mon_Pokopia
Main #100,Main,100,440,Happiny,Happiny,,Happiny,Normal,,Withered Wastelands; Bleak Beach; Rocky Ridges; Sparkling Skylands; Palette Town; Cloud Island,Alarm clock sleep zone | Working the register,"Withered Wastelands, Bleak Beach, Rocky Ridges, Sparkling Skylands, Palette Town, Cloud Island | Withered Wastelands, Bleak Beach, Rocky Ridges, Sparkling Skylands, Palette Town, Cloud Island",Common | Common,Morning/Day/Evening/Night | Morning/Day/Evening/Night,Sun/Cloud/Rain | Sun/Cloud/Rain,"Working the Register - Table (any) x2, Cash Register x1 | Alarm Clock Sleep Zone - Bed (any) x1, Table (any) x1, Alarm Clock x1",All day,All weather,Trade,Bright,"Soft stuff, Fabric, Healing, Round stuff, Containers, Sweet flavors",No,Playhouse Pokémon,Befriend by building habitat: Alarm clock sleep zone (Common); Working the register (Common),https://www.serebii.net/pokemonpokopia/pokedex/happiny.shtml | https://bulbapedia.bulbagarden.net/wiki/List_of_Pok%C3%A9mon_by_Pok%C3%A9dex_number_in_Pok%C3%A9mon_Pokopia
Main #101,Main,101,113,Chansey,Chansey,,Chansey,Normal,,Withered Wastelands; Bleak Beach; Rocky Ridges; Sparkling Skylands; Palette Town; Cloud Island,Full recovery,"Withered Wastelands, Bleak Beach, Rocky Ridges, Sparkling Skylands, Palette Town, Cloud Island",Common,Morning/Day/Evening/Night,Sun/Cloud/Rain,"Full Recovery - Bed (any) x1, Plain Chest x1, First Aid Kit x1",All day,All weather,Trade,Bright,"Soft stuff, Fabric, Healing, Round stuff, Group Activities, Sweet flavors",No,Egg Pokémon,Befriend by building habitat: Full recovery (Common),https://www.serebii.net/pokemonpokopia/pokedex/chansey.shtml | https://bulbapedia.bulbagarden.net/wiki/List_of_Pok%C3%A9mon_by_Pok%C3%A9dex_number_in_Pok%C3%A9mon_Pokopia
Main #102,Main,102,242,Blissey,Blissey,,Blissey,Normal,,Withered Wastelands; Bleak Beach; Rocky Ridges; Sparkling Skylands; Palette Town; Cloud Island,Cuteness overload,"Withered Wastelands, Bleak Beach, Rocky Ridges, Sparkling Skylands, Palette Town, Cloud Island",Rare,Morning/Day/Evening/Night,Sun/Cloud/Rain,"Cuteness Overload - Cute Sofa x1, Cute Bed x1, Cute Table x1, Cute Lamp x1, Cute Dresser x1",All day,All weather,"Trade, Litter",Bright,"Soft stuff, Fabric, Healing, Round stuff, Group Activities, Sour flavors",No,Happiness Pokémon,Befriend by building habitat: Cuteness overload (Rare),https://www.serebii.net/pokemonpokopia/pokedex/blissey.shtml | https://bulbapedia.bulbagarden.net/wiki/List_of_Pok%C3%A9mon_by_Pok%C3%A9dex_number_in_Pok%C3%A9mon_Pokopia
Main #103,Main,103,239,Elekid,Elekid,,Elekid,Electric,,Withered Wastelands; Bleak Beach; Rocky Ridges; Sparkling Skylands; Palette Town; Cloud Island,Vending machine set,"Withered Wastelands, Bleak Beach, Rocky Ridges, Sparkling Skylands, Palette Town, Cloud Island",Common,Morning/Day/Evening/Night,Sun/Cloud/Rain,"Vending Machine Set - Waste Bin (any) x1, Vending Machine x1",All day,All weather,Generate,Bright,"Electronics, Glass stuff, Cute stuff, Round stuff, Spinning stuff, Sweet flavors",No,Electric Pokémon,Befriend by building habitat: Vending machine set (Common),https://www.serebii.net/pokemonpokopia/pokedex/elekid.shtml | https://bulbapedia.bulbagarden.net/wiki/List_of_Pok%C3%A9mon_by_Pok%C3%A9dex_number_in_Pok%C3%A9mon_Pokopia
Main #104,Main,104,125,Electabuzz,Electabuzz,,Electabuzz,Electric,,Withered Wastelands; Bleak Beach; Rocky Ridges; Sparkling Skylands; Palette Town; Cloud Island,Trash can central | Light-up stage,"Withered Wastelands, Bleak Beach, Rocky Ridges, Sparkling Skylands, Palette Town, Cloud Island | Withered Wastelands, Bleak Beach, Rocky Ridges, Sparkling Skylands, Palette Town, Cloud Island",Rare | Common,Morning/Day/Evening/Night | Morning/Day/Evening/Night,Sun/Cloud/Rain | Sun/Cloud/Rain,"Light-Up Stage - Spotlight x2, Small Stage x1 | Trash Can Central - Garbage Bin x4",All day,All weather,Generate,Bright,"Electronics, Glass stuff, Lots of fire, Sharp stuff, Exercise, Spicy flavors",No,Electric Pokémon,Befriend by building habitat: Trash can central (Rare); Light-up stage (Common),https://www.serebii.net/pokemonpokopia/pokedex/electabuzz.shtml | https://bulbapedia.bulbagarden.net/wiki/List_of_Pok%C3%A9mon_by_Pok%C3%A9dex_number_in_Pok%C3%A9mon_Pokopia
Main #105,Main,105,466,Electivire,Electivire,,Electivire,Electric,,Withered Wastelands; Bleak Beach; Rocky Ridges; Sparkling Skylands; Palette Town; Cloud Island,Light-up stage | Vending machine set,"Withered Wastelands, Bleak Beach, Rocky Ridges, Sparkling Skylands, Palette Town, Cloud Island | Withered Wastelands, Bleak Beach, Rocky Ridges, Sparkling Skylands, Palette Town, Cloud Island",Rare | Rare,Morning/Day/Evening/Night | Morning/Day/Evening/Night,Sun/Cloud/Rain | Sun/Cloud/Rain,"Light-Up Stage - Spotlight x2, Small Stage x1 | Vending Machine Set - Waste Bin (any) x1, Vending Machine x1",All day,All weather,"Generate, Crush",Bright,"Electronics, Glass stuff, Lots of fire, Hard stuff, Exercise, Sour flavors",No,Thunderbolt Pokémon,Befriend by building habitat: Light-up stage (Rare); Vending machine set (Rare),https://www.serebii.net/pokemonpokopia/pokedex/electivire.shtml | https://bulbapedia.bulbagarden.net/wiki/List_of_Pok%C3%A9mon_by_Pok%C3%A9dex_number_in_Pok%C3%A9mon_Pokopia
Main #106,Main,106,131,Lapras,Lapras,,Lapras,Water,Ice,Withered Wastelands; Bleak Beach; Rocky Ridges; Sparkling Skylands; Palette Town; Cloud Island,Tropical seaside,"Withered Wastelands, Bleak Beach, Rocky Ridges, Sparkling Skylands, Palette Town, Cloud Island",Common,Morning/Day/Evening/Night,Sun/Cloud/Rain,"Tropical Seaside - Large Palm Tree x1, Hedge (any) x4, Ocean Water x2",All day,All weather,Water,Humid,"Lots of water, Ocean vibes, Cleanliness, Watching stuff, Healing, Sour flavors",Underwater capable,Transport Pokémon,Befriend by building habitat: Tropical seaside (Common),https://www.serebii.net/pokemonpokopia/pokedex/lapras.shtml | https://bulbapedia.bulbagarden.net/wiki/List_of_Pok%C3%A9mon_by_Pok%C3%A9dex_number_in_Pok%C3%A9mon_Pokopia
Main #107,Main,107,446,Munchlax,Munchlax,,Munchlax,Normal,,Palette Town; Cloud Island,Bed with a plush | Tree-shaded snoozing Snorlax,"Palette Town, Cloud Island | Palette Town, Cloud Island",Rare | Common,Morning/Day/Evening/Night | Morning/Day/Evening/Night,Sun/Cloud/Rain | Sun/Cloud/Rain,"Tree-shaded Snoozing Snorlax - Large Tree (any) x1, Naptime Bed x1 (Palette Town Only) | Bed With a Plush - Bed (any) x1, Doll (any) x1 (Palette Town Only)",All day,All weather,Bulldoze,Warm,"Soft stuff, Lots of nature, Looks like food, Wobbly stuff, Group Activities, Dry flavors",No,Big Eater Pokémon,Befriend by building habitat: Bed with a plush (Rare); Tree-shaded snoozing Snorlax (Common),https://www.serebii.net/pokemonpokopia/pokedex/munchlax.shtml | https://bulbapedia.bulbagarden.net/wiki/List_of_Pok%C3%A9mon_by_Pok%C3%A9dex_number_in_Pok%C3%A9mon_Pokopia
Main #108,Main,108,143,Snorlax,Snorlax,,Snorlax,Normal,,Palette Town; Cloud Island,Tree-shaded snoozing Snorlax | Good old-fashioned antiques,"Palette Town, Cloud Island | Palette Town, Cloud Island",Common | Common,Morning/Day/Evening/Night | Morning/Day/Evening/Night,Sun/Cloud/Rain | Sun/Cloud/Rain,"Good Old-fashioned Antiques - Antique Closet x1, Antique Bed x1, Antique Dresser x1, Antique Chair x1 (Palette Town Only) | Tree-shaded Snoozing Snorlax - Large Tree (any) x1, Naptime Bed x1 (Palette Town Only)",All day,All weather,"Trade, Bulldoze",Warm,"Soft stuff, Fabric, Looks like food, Wobbly stuff, Rides, Dry flavors",No,Sleeping Pokémon,Befriend by building habitat: Tree-shaded snoozing Snorlax (Common); Good old-fashioned antiques (Common),https://www.serebii.net/pokemonpokopia/pokedex/snorlax.shtml | https://bulbapedia.bulbagarden.net/wiki/List_of_Pok%C3%A9mon_by_Pok%C3%A9dex_number_in_Pok%C3%A9mon_Pokopia
Main #109,Main,109,167,Spinarak,Spinarak,,Spinarak,Bug,Poison,Withered Wastelands; Bleak Beach; Rocky Ridges; Sparkling Skylands; Palette Town; Cloud Island,Yellow tall grass,"Withered Wastelands, Bleak Beach, Rocky Ridges, Sparkling Skylands, Palette Town, Cloud Island",Common,Morning/Day/Evening/Night,Sun/Cloud/Rain,Yellow Tall Grass - Yellow Tall Grass x4,All day,All weather,Litter,Humid,"Lots of nature, Wooden stuff, Garbage, Rides, Colorful stuff, Bitter flavors",No,String Spit Pokémon,Befriend by building habitat: Yellow tall grass (Common),https://www.serebii.net/pokemonpokopia/pokedex/spinarak.shtml | https://bulbapedia.bulbagarden.net/wiki/List_of_Pok%C3%A9mon_by_Pok%C3%A9dex_number_in_Pok%C3%A9mon_Pokopia
Main #110,Main,110,168,Ariados,Ariados,,Ariados,Bug,Poison,Withered Wastelands; Bleak Beach; Rocky Ridges; Sparkling Skylands; Palette Town; Cloud Island,Yellow tall grass,"Withered Wastelands, Bleak Beach, Rocky Ridges, Sparkling Skylands, Palette Town, Cloud Island",Rare,Morning/Day/Evening/Night,Sun/Cloud/Rain,Yellow Tall Grass - Yellow Tall Grass x4,All day,All weather,Litter,Humid,"Lots of nature, Wooden stuff, Garbage, Rides, Colorful stuff, Sour flavors",No,Long Leg Pokémon,Befriend by building habitat: Yellow tall grass (Rare),https://www.serebii.net/pokemonpokopia/pokedex/ariados.shtml | https://bulbapedia.bulbagarden.net/wiki/List_of_Pok%C3%A9mon_by_Pok%C3%A9dex_number_in_Pok%C3%A9mon_Pokopia
Main #111,Main,111,179,Mareep,Mareep,,Mareep,Electric,,Withered Wastelands; Bleak Beach; Rocky Ridges; Sparkling Skylands; Palette Town; Cloud Island,Overgrowth vending machine | Knitting station,"Withered Wastelands, Bleak Beach, Rocky Ridges, Sparkling Skylands, Palette Town, Cloud Island | Withered Wastelands, Bleak Beach, Rocky Ridges, Sparkling Skylands, Palette Town, Cloud Island",Rare | Common,Morning/Day/Evening/Night | Morning/Day/Evening/Night,Sun/Cloud/Rain | Sun/Cloud/Rain,"Knitting Table - Seat (any) x1, Table (any) x1, Knitting Supplies x1 | Overgrowth Vending Machine - Yellow Tall Grass x4, Vending Machine x1",All day,All weather,"Generate, Litter",Bright,"Electronics, Shiny stuff, Glass stuff, Cute stuff, Fabric, Sweet flavors",No,Wool Pokémon,Befriend by building habitat: Overgrowth vending machine (Rare); Knitting station (Common),https://www.serebii.net/pokemonpokopia/pokedex/mareep.shtml | https://bulbapedia.bulbagarden.net/wiki/List_of_Pok%C3%A9mon_by_Pok%C3%A9dex_number_in_Pok%C3%A9mon_Pokopia
Main #112,Main,112,180,Flaaffy,Flaaffy,,Flaaffy,Electric,,Withered Wastelands; Bleak Beach; Rocky Ridges; Sparkling Skylands; Palette Town; Cloud Island,Night festival venue | Knitting station,"Withered Wastelands, Bleak Beach, Rocky Ridges, Sparkling Skylands, Palette Town, Cloud Island | Withered Wastelands, Bleak Beach, Rocky Ridges, Sparkling Skylands, Palette Town, Cloud Island",Common | Rare,Morning/Day/Evening/Night | Morning/Day/Evening/Night,Sun/Cloud/Rain | Sun/Cloud/Rain,"Night Festival Venue - Ballons x2, Raichu Sign x1 | Knitting Table - Seat (any) x1, Table (any) x1, Knitting Supplies x1",All day,All weather,"Generate, Litter",Bright,"Electronics, Shiny stuff, Glass stuff, Cute stuff, Rides, Bitter flavors",No,Wool Pokémon,Befriend by building habitat: Night festival venue (Common); Knitting station (Rare),https://www.serebii.net/pokemonpokopia/pokedex/flaaffy.shtml | https://bulbapedia.bulbagarden.net/wiki/List_of_Pok%C3%A9mon_by_Pok%C3%A9dex_number_in_Pok%C3%A9mon_Pokopia
Main #113,Main,113,181,Ampharos,Ampharos,,Ampharos,Electric,,Withered Wastelands; Bleak Beach; Rocky Ridges; Sparkling Skylands; Palette Town; Cloud Island,Plain life,"Withered Wastelands, Bleak Beach, Rocky Ridges, Sparkling Skylands, Palette Town, Cloud Island",Rare,Morning/Day/Evening/Night,Sun/Cloud/Rain,"Plain Life - Plain Bed x1, Plain Sofa x1, Plain Table x1, Plain Lamp x1",All day,All weather,"Generate, Trade",Bright,"Electronics, Shiny stuff, Glass stuff, Cute stuff, Pretty flowers, Sour flavors",No,Light Pokémon,Befriend by building habitat: Plain life (Rare),https://www.serebii.net/pokemonpokopia/pokedex/ampharos.shtml | https://bulbapedia.bulbagarden.net/wiki/List_of_Pok%C3%A9mon_by_Pok%C3%A9dex_number_in_Pok%C3%A9mon_Pokopia
Main #114,Main,114,298,Azurill,Azurill,,Azurill,Normal,Fairy,Withered Wastelands; Bleak Beach; Rocky Ridges; Sparkling Skylands; Palette Town; Cloud Island,Hydrated yellow tall grass | Perpetual mess,"Withered Wastelands, Bleak Beach, Rocky Ridges, Sparkling Skylands, Palette Town, Cloud Island | Withered Wastelands, Bleak Beach, Rocky Ridges, Sparkling Skylands, Palette Town, Cloud Island",Common | Common,Morning/Day/Evening/Night | Morning/Day/Evening/Night,Sun/Cloud/Rain | Sun/Cloud/Rain,"Hydrated Yellow Tall Grass - Yellow Tall Grass x4, Water x2 | Perpetual Mess - Cardboard Boxes x1, Toy (any) x1",All day,All weather,"Water, Hype",Humid,"Lots of water, Cute stuff, Cleanliness, Healing, Rides, Sour flavors",Underwater capable,Polka Dot Pokémon,Befriend by building habitat: Hydrated yellow tall grass (Common); Perpetual mess (Common),https://www.serebii.net/pokemonpokopia/pokedex/azurill.shtml | https://bulbapedia.bulbagarden.net/wiki/List_of_Pok%C3%A9mon_by_Pok%C3%A9dex_number_in_Pok%C3%A9mon_Pokopia
Main #115,Main,115,183,Marill,Marill,,Marill,Water,Fairy,Withered Wastelands; Bleak Beach; Rocky Ridges; Sparkling Skylands; Palette Town; Cloud Island,Hydrated yellow tall grass | Dock,"Withered Wastelands, Bleak Beach, Rocky Ridges, Sparkling Skylands, Palette Town, Cloud Island | Withered Wastelands, Bleak Beach, Rocky Ridges, Sparkling Skylands, Palette Town, Cloud Island",Rare | Common,Morning/Day/Evening/Night | Morning/Day/Evening/Night,Sun/Cloud/Rain | Sun/Cloud/Rain,"Dock - Walkway x4, Streetlight (any) x1, Ocean Water x2 | Hydrated Yellow Tall Grass - Yellow Tall Grass x4, Water x2",All day,All weather,"Water, Hype",Humid,"Lots of water, Cute stuff, Cleanliness, Round stuff, Symbols, Sour flavors",Underwater capable,Aquamouse Pokémon,Befriend by building habitat: Hydrated yellow tall grass (Rare); Dock (Common),https://www.serebii.net/pokemonpokopia/pokedex/marill.shtml | https://bulbapedia.bulbagarden.net/wiki/List_of_Pok%C3%A9mon_by_Pok%C3%A9dex_number_in_Pok%C3%A9mon_Pokopia
Main #116,Main,116,184,Azumarill,Azumarill,,Azumarill,Water,Fairy,Withered Wastelands; Bleak Beach; Rocky Ridges; Sparkling Skylands; Palette Town; Cloud Island,Dock,"Withered Wastelands, Bleak Beach, Rocky Ridges, Sparkling Skylands, Palette Town, Cloud Island",Rare,Morning/Day/Evening/Night,Rain,"Dock - Walkway x4, Streetlight (any) x1, Ocean Water x2",All day,All weather,"Water, Build",Humid,"Lots of water, Cute stuff, Construction, Wobbly stuff, Symbols, Sour flavors",Underwater capable,Aquarabbit Pokémon,Befriend by building habitat: Dock (Rare). Restrictions: Dock [weather: Rain],https://www.serebii.net/pokemonpokopia/pokedex/azumarill.shtml | https://bulbapedia.bulbagarden.net/wiki/List_of_Pok%C3%A9mon_by_Pok%C3%A9dex_number_in_Pok%C3%A9mon_Pokopia
Main #117,Main,117,194,Wooper (Paldean Form),Wooper,Paldean Form,Paldean Wooper,Poison,Ground,Bleak Beach; Cloud Island,Marshy tall grass,"Bleak Beach, Cloud Island",Common,Morning/Day/Evening/Night,Sun/Cloud/Rain,,,,Litter,Humid,"Garbage, Lots of dirt, Stone stuff, Cleanliness, Group Activities, Sour flavors",Underwater capable,Water Fish Pokémon,Befriend by building habitat: Marshy tall grass (Common),https://www.serebii.net/pokemonpokopia/pokedex/paldeanwooper.shtml | https://bulbapedia.bulbagarden.net/wiki/List_of_Pok%C3%A9mon_by_Pok%C3%A9dex_number_in_Pok%C3%A9mon_Pokopia
Main #118,Main,118,980,Clodsire,Clodsire,,Clodsire,Poison,Ground,Withered Wastelands; Bleak Beach; Rocky Ridges; Sparkling Skylands; Palette Town; Cloud Island,Marshy tall grass | Marsh fishing spot,"Withered Wastelands, Bleak Beach, Rocky Ridges, Sparkling Skylands, Palette Town, Cloud Island | Withered Wastelands, Bleak Beach, Rocky Ridges, Sparkling Skylands, Palette Town, Cloud Island",Rare | Rare,Morning/Day/Evening/Night | Morning/Day/Evening/Night,Sun/Cloud/Rain | Sun/Cloud/Rain,"Marshy Fishing Spot - Fishing Rod x1, Seat (any) x1, Muddy Water x1 | Marshy Tall Grass - Yellow Tall Grass x4, Muddy Water x2",All day,All weather,"Litter, Bulldoze",Humid,"Garbage, Lots of dirt, Lots of water, Cleanliness, Round stuff, Bitter flavors",Underwater capable,Spiny Fish Pokémon,Befriend by building habitat: Marshy tall grass (Rare); Marsh fishing spot (Rare),https://www.serebii.net/pokemonpokopia/pokedex/clodsire.shtml | https://bulbapedia.bulbagarden.net/wiki/List_of_Pok%C3%A9mon_by_Pok%C3%A9dex_number_in_Pok%C3%A9mon_Pokopia
Main #119,Main,119,235,Smeargle (Smearguru),Smeargle,Decorator,Smeargle,Normal,,Withered Wastelands; Bleak Beach; Rocky Ridges; Sparkling Skylands; Palette Town; Cloud Island,Tiny Atelier,"Withered Wastelands, Bleak Beach, Rocky Ridges, Sparkling Skylands, Palette Town, Cloud Island",Common,Morning/Day/Evening/Night,Sun/Cloud/Rain,"Tiny Atelier - Canvas x1, Seat (any) x1",All day,All weather,Paint,Bright,"Soft stuff, Fabric, Strange stuff, Colorful stuff, Shiny stuff, Dry flavors",Underwater capable,Painter Pokémon,Story NPC (Smearguru); befriend by building habitat: Tiny Atelier (Common),https://www.serebii.net/pokemonpokopia/pokedex/smeargle.shtml | https://bulbapedia.bulbagarden.net/wiki/List_of_Pok%C3%A9mon_by_Pok%C3%A9dex_number_in_Pok%C3%A9mon_Pokopia
Main #120,Main,120,255,Torchic,Torchic,,Torchic,Fire,,Withered Wastelands; Bleak Beach; Rocky Ridges; Sparkling Skylands; Palette Town; Cloud Island,Chirp-chirp meal | Resort meal prep,"Withered Wastelands, Bleak Beach, Rocky Ridges, Sparkling Skylands, Palette Town, Cloud Island | Withered Wastelands, Bleak Beach, Rocky Ridges, Sparkling Skylands, Palette Town, Cloud Island",Common | Common,Morning/Day/Evening/Night | Morning/Day/Evening/Night,Sun/Cloud/Rain | Sun/Cloud/Rain,"Chirp-chirp Meal - Wooden Birdhouse x1, Table (any) x1, Plated Food x1 | Resort Meal Prep - Large Palm Tree x1, Seat (any) x1, Plated Food x1, Campfire x1",All day,All weather,Burn,Warm,"Lots of fire, Stone stuff, Cute stuff, Containers, Pretty flowers, Sweet flavors",No,Chick Pokémon,Befriend by building habitat: Chirp-chirp meal (Common); Resort meal prep (Common),https://www.serebii.net/pokemonpokopia/pokedex/torchic.shtml | https://bulbapedia.bulbagarden.net/wiki/List_of_Pok%C3%A9mon_by_Pok%C3%A9dex_number_in_Pok%C3%A9mon_Pokopia
Main #121,Main,121,256,Combusken,Combusken,,Combusken,Fire,Fighting,Withered Wastelands; Bleak Beach; Rocky Ridges; Sparkling Skylands; Palette Town; Cloud Island,Resort meal prep | Furnace Spot,"Withered Wastelands, Bleak Beach, Rocky Ridges, Sparkling Skylands, Palette Town, Cloud Island | Withered Wastelands, Bleak Beach, Rocky Ridges, Sparkling Skylands, Palette Town, Cloud Island",Rare | Common,Morning/Day/Evening/Night | Morning/Day/Evening/Night,Sun/Cloud/Rain | Sun/Cloud/Rain,"Furnace Spot - Metal Drum x1, Furnace x1 | Resort Meal Prep - Large Palm Tree x1, Seat (any) x1, Plated Food x1, Campfire x1",All day,All weather,"Burn, Build",Warm,"Lots of fire, Stone stuff, Exercise, Containers, Construction, Spicy flavors",No,Young Fowl Pokémon,Befriend by building habitat: Resort meal prep (Rare); Furnace Spot (Common),https://www.serebii.net/pokemonpokopia/pokedex/combusken.shtml | https://bulbapedia.bulbagarden.net/wiki/List_of_Pok%C3%A9mon_by_Pok%C3%A9dex_number_in_Pok%C3%A9mon_Pokopia
Main #122,Main,122,257,Blaziken,Blaziken,,Blaziken,Fire,Fighting,Withered Wastelands; Bleak Beach; Rocky Ridges; Sparkling Skylands; Palette Town; Cloud Island,Chirp-chirp meal | Furnace Spot,"Withered Wastelands, Bleak Beach, Rocky Ridges, Sparkling Skylands, Palette Town, Cloud Island | Withered Wastelands, Bleak Beach, Rocky Ridges, Sparkling Skylands, Palette Town, Cloud Island",Very Rare | Rare,Morning/Day/Evening/Night | Morning/Day/Evening/Night,Sun/Cloud/Rain | Sun/Cloud/Rain,"Furnace Spot - Metal Drum x1, Furnace x1 | Chirp-chirp Meal - Wooden Birdhouse x1, Table (any) x1, Plated Food x1",All day,All weather,"Burn, Build",Warm,"Lots of fire, Luxury, Exercise, Containers, Construction, Spicy flavors",No,Blaze Pokémon,Befriend by building habitat: Chirp-chirp meal (Very Rare); Furnace Spot (Rare),https://www.serebii.net/pokemonpokopia/pokedex/blaziken.shtml | https://bulbapedia.bulbagarden.net/wiki/List_of_Pok%C3%A9mon_by_Pok%C3%A9dex_number_in_Pok%C3%A9mon_Pokopia
Main #123,Main,123,278,Wingull,Wingull,,Wingull,Water,Flying,Withered Wastelands; Bleak Beach; Rocky Ridges; Sparkling Skylands; Palette Town; Cloud Island,Elevated yellow tall grass | Windy Flower Bed,"Withered Wastelands, Bleak Beach, Rocky Ridges, Sparkling Skylands, Palette Town, Cloud Island | Withered Wastelands, Bleak Beach, Rocky Ridges, Sparkling Skylands, Palette Town, Cloud Island",Common | Common,Morning/Day/Evening | Morning/Day/Evening,Sun/Cloud/Rain | Sun/Cloud/Rain,"Elevated Yellow Tall Grass - Yellow Tall Grass x4, High-up Location | Windy Flower Bed - Windmill x1, Seashore Flowers x4","Morning, Daytime, Evening",All weather,"Water, Fly",Humid,"Lots of water, Nice breezes, Cleanliness, Ocean vibes, Watching stuff, Dry flavors",No,Seagull Pokémon,Befriend by building habitat: Elevated yellow tall grass (Common); Windy Flower Bed (Common). Restrictions: Elevated yellow tall grass [time: Morning/Day/Evening]; Windy Flower Bed [time: Morning/Day/Evening],https://www.serebii.net/pokemonpokopia/pokedex/wingull.shtml | https://bulbapedia.bulbagarden.net/wiki/List_of_Pok%C3%A9mon_by_Pok%C3%A9dex_number_in_Pok%C3%A9mon_Pokopia
Main #124,Main,124,279,Pelipper,Pelipper,,Pelipper,Water,Flying,Withered Wastelands; Bleak Beach; Rocky Ridges; Sparkling Skylands; Palette Town; Cloud Island,Elevated yellow tall grass | Windy Flower Bed,"Withered Wastelands, Bleak Beach, Rocky Ridges, Sparkling Skylands, Palette Town, Cloud Island | Withered Wastelands, Bleak Beach, Rocky Ridges, Sparkling Skylands, Palette Town, Cloud Island",Rare | Rare,Morning/Day/Evening | Morning/Day/Evening,Sun/Cloud/Rain | Sun/Cloud/Rain,"Windy Flower Bed - Windmill x1, Seashore Flowers x4 | Elevated Yellow Tall Grass - Yellow Tall Grass x4, High-up Location","Morning, Daytime, Evening",All weather,"Water, Fly",Humid,"Lots of water, Nice breezes, Cleanliness, Ocean vibes, Watching stuff, Dry flavors",No,Water Bird Pokémon,Befriend by building habitat: Elevated yellow tall grass (Rare); Windy Flower Bed (Rare). Restrictions: Elevated yellow tall grass [time: Morning/Day/Evening]; Windy Flower Bed [time: Morning/Day/Evening],https://www.serebii.net/pokemonpokopia/pokedex/pelipper.shtml | https://bulbapedia.bulbagarden.net/wiki/List_of_Pok%C3%A9mon_by_Pok%C3%A9dex_number_in_Pok%C3%A9mon_Pokopia
Main #125,Main,125,296,Makuhita,Makuhita,,Makuhita,Fighting,,Withered Wastelands; Bleak Beach; Rocky Ridges; Sparkling Skylands; Palette Town; Cloud Island,Tree-shaded Yellow tall grass | All packed up,"Withered Wastelands, Bleak Beach, Rocky Ridges, Sparkling Skylands, Palette Town, Cloud Island | Withered Wastelands, Bleak Beach, Rocky Ridges, Sparkling Skylands, Palette Town, Cloud Island",Common | Common,Morning/Day/Evening/Night | Morning/Day/Evening/Night,Sun/Cloud/Rain | Sun/Cloud/Rain,"Tree-Shaded Yellow Tall Grass - Large Tree (any) x1, Yellow Tall Grass x4 | All Packed Up - Cart x1, Cardboard Boxes x2",All day,All weather,"Build, Bulldoze",Bright,"Exercise, Construction, Fabric, Round stuff, Wooden stuff, Sweet flavors",No,Guts Pokémon,Befriend by building habitat: Tree-shaded Yellow tall grass (Common); All packed up (Common),https://www.serebii.net/pokemonpokopia/pokedex/makuhita.shtml | https://bulbapedia.bulbagarden.net/wiki/List_of_Pok%C3%A9mon_by_Pok%C3%A9dex_number_in_Pok%C3%A9mon_Pokopia
Main #126,Main,126,297,Hariyama,Hariyama,,Hariyama,Fighting,,Withered Wastelands; Bleak Beach; Rocky Ridges; Sparkling Skylands; Palette Town; Cloud Island,Tree-shaded Yellow tall grass | All packed up,"Withered Wastelands, Bleak Beach, Rocky Ridges, Sparkling Skylands, Palette Town, Cloud Island | Withered Wastelands, Bleak Beach, Rocky Ridges, Sparkling Skylands, Palette Town, Cloud Island",Rare | Rare,Morning/Day/Evening/Night | Morning/Day/Evening/Night,Sun/Cloud/Rain | Sun/Cloud/Rain,"Tree-Shaded Yellow Tall Grass - Large Tree (any) x1, Yellow Tall Grass x4 | All Packed Up - Cart x1, Cardboard Boxes x2",All day,All weather,"Build, Bulldoze",Bright,"Exercise, Construction, Fabric, Round stuff, Rides, Spicy flavors",No,Arm Thrust Pokémon,Befriend by building habitat: Tree-shaded Yellow tall grass (Rare); All packed up (Rare),https://www.serebii.net/pokemonpokopia/pokedex/hariyama.shtml | https://bulbapedia.bulbagarden.net/wiki/List_of_Pok%C3%A9mon_by_Pok%C3%A9dex_number_in_Pok%C3%A9mon_Pokopia
Main #127,Main,127,359,Absol,Absol,,Absol,Dark,,Withered Wastelands; Bleak Beach; Rocky Ridges; Sparkling Skylands; Palette Town; Cloud Island,Welcoming resort,"Withered Wastelands, Bleak Beach, Rocky Ridges, Sparkling Skylands, Palette Town, Cloud Island",Common,Morning/Day/Evening/Night,Sun/Cloud/Rain,"Welcoming Resort - Resort Sofa x1, Resort Table x1, Resort Hammock x1, Resort Light x1",All day,All weather,Chop,Dark,"Soft stuff, Nice breezes, Letters and words, Complicated stuff, Exercise, Dry flavors",No,Disaster Pokémon,Befriend by building habitat: Welcoming resort (Common),https://www.serebii.net/pokemonpokopia/pokedex/absol.shtml | https://bulbapedia.bulbagarden.net/wiki/List_of_Pok%C3%A9mon_by_Pok%C3%A9dex_number_in_Pok%C3%A9mon_Pokopia
Main #128,Main,128,393,Piplup,Piplup,,Piplup,Water,,Withered Wastelands; Bleak Beach; Rocky Ridges; Sparkling Skylands; Palette Town; Cloud Island,Hydrated yellow tall grass,"Withered Wastelands, Bleak Beach, Rocky Ridges, Sparkling Skylands, Palette Town, Cloud Island",Common,Morning/Day/Evening/Night,Sun/Cloud/Rain,"Hydrated Yellow Tall Grass - Yellow Tall Grass x4, Water x2",All day,All weather,Water,Humid,"Lots of water, Ocean vibes, Nice breezes, Cleanliness, Containers, Sweet flavors",Underwater capable,Penguin Pokémon,Befriend by building habitat: Hydrated yellow tall grass (Common),https://www.serebii.net/pokemonpokopia/pokedex/piplup.shtml | https://bulbapedia.bulbagarden.net/wiki/List_of_Pok%C3%A9mon_by_Pok%C3%A9dex_number_in_Pok%C3%A9mon_Pokopia
Main #129,Main,129,394,Prinplup,Prinplup,,Prinplup,Water,,Withered Wastelands; Bleak Beach; Rocky Ridges; Sparkling Skylands; Palette Town; Cloud Island,Hydrated yellow tall grass | Waterwheel Spot,"Withered Wastelands, Bleak Beach, Rocky Ridges, Sparkling Skylands, Palette Town, Cloud Island | Withered Wastelands, Bleak Beach, Rocky Ridges, Sparkling Skylands, Palette Town, Cloud Island",Rare | Rare,Morning/Day/Evening/Night | Morning/Day/Evening/Night,Sun/Cloud/Rain | Sun/Cloud/Rain,"Waterwheel Spot - Waterwheel x1, Water x2. Waterfall x1 | Hydrated Yellow Tall Grass - Yellow Tall Grass x4, Water x2",All day,All weather,"Water, Trade",Humid,"Lots of water, Ocean vibes, Nice breezes, Cleanliness, Containers, Dry flavors",Underwater capable,Penguin Pokémon,Befriend by building habitat: Hydrated yellow tall grass (Rare); Waterwheel Spot (Rare),https://www.serebii.net/pokemonpokopia/pokedex/prinplup.shtml | https://bulbapedia.bulbagarden.net/wiki/List_of_Pok%C3%A9mon_by_Pok%C3%A9dex_number_in_Pok%C3%A9mon_Pokopia
Main #130,Main,130,395,Empoleon,Empoleon,,Empoleon,Water,Steel,Withered Wastelands; Bleak Beach; Rocky Ridges; Sparkling Skylands; Palette Town; Cloud Island,Tableside delivery cart | Waterwheel Spot,"Withered Wastelands, Bleak Beach, Rocky Ridges, Sparkling Skylands, Palette Town, Cloud Island | Withered Wastelands, Bleak Beach, Rocky Ridges, Sparkling Skylands, Palette Town, Cloud Island",Rare | Very Rare,Morning/Day/Evening/Night | Morning/Day/Evening/Night,Rain | Rain,"Tableside Deilvery Cart -  Chic Chair x2, Chic Table x1, Small Vase x1, Push Cart x1, Plated Food x1 | Waterwheel Spot - Waterwheel x1, Water x2. Waterfall x1",All day,Rain,"Water, Trade",Humid,"Lots of water, Ocean vibes, Metal stuff, Cleanliness, Letters and words, Bitter flavors",Underwater capable,Emperor Pokémon,Befriend by building habitat: Tableside delivery cart (Rare); Waterwheel Spot (Very Rare). Restrictions: Tableside delivery cart [weather: Rain]; Waterwheel Spot [weather: Rain],https://www.serebii.net/pokemonpokopia/pokedex/empoleon.shtml | https://bulbapedia.bulbagarden.net/wiki/List_of_Pok%C3%A9mon_by_Pok%C3%A9dex_number_in_Pok%C3%A9mon_Pokopia
Main #131,Main,131,531,Audino,Audino,,Audino,Normal,,Withered Wastelands; Bleak Beach; Rocky Ridges; Sparkling Skylands; Palette Town; Cloud Island,Working the register,"Withered Wastelands, Bleak Beach, Rocky Ridges, Sparkling Skylands, Palette Town, Cloud Island",Common,Morning/Day/Evening/Night,Sun/Cloud/Rain,"Working the Register - Table (any) x2, Cash Register x1",All day,All weather,Trade,Bright,"Soft stuff, Fabric, Healing, Cute stuff, Round stuff, Bitter flavors",No,Hearing Pokémon,Befriend by building habitat: Working the register (Common),https://www.serebii.net/pokemonpokopia/pokedex/audino.shtml | https://bulbapedia.bulbagarden.net/wiki/List_of_Pok%C3%A9mon_by_Pok%C3%A9dex_number_in_Pok%C3%A9mon_Pokopia
Main #132,Main,132,568,Trubbish,Trubbish,,Trubbish,Poison,,Withered Wastelands; Bleak Beach; Rocky Ridges; Sparkling Skylands; Palette Town; Cloud Island,Trash collection site,"Withered Wastelands, Bleak Beach, Rocky Ridges, Sparkling Skylands, Palette Town, Cloud Island",Common,Morning/Day/Evening/Night,Sun/Cloud/Rain,"Trash Collection Site - Waste Bin (any) x1, Sign (any) x1, Garbage Bags x1",All day,All weather,Recycle,Humid,"Garbage, Containers, Complicated stuff, Shiny stuff, Gatherings, Bitter flavors",No,Trash Bag Pokémon,Befriend by building habitat: Trash collection site (Common),https://www.serebii.net/pokemonpokopia/pokedex/trubbish.shtml | https://bulbapedia.bulbagarden.net/wiki/List_of_Pok%C3%A9mon_by_Pok%C3%A9dex_number_in_Pok%C3%A9mon_Pokopia
Main #133,Main,133,569,Garbodor,Garbodor,,Garbodor,Poison,,Withered Wastelands; Bleak Beach; Rocky Ridges; Sparkling Skylands; Palette Town; Cloud Island,Trash collection site,"Withered Wastelands, Bleak Beach, Rocky Ridges, Sparkling Skylands, Palette Town, Cloud Island",Rare,Morning/Day/Evening/Night,Sun/Cloud/Rain,"Trash Collection Site - Waste Bin (any) x1, Sign (any) x1, Garbage Bags x1",All day,All weather,"Recycle, Litter",Humid,"Garbage, Containers, Complicated stuff, Shiny stuff, Gatherings, Sour flavors",No,Trash Heap Pokémon,Befriend by building habitat: Trash collection site (Rare),https://www.serebii.net/pokemonpokopia/pokedex/garbodor.shtml | https://bulbapedia.bulbagarden.net/wiki/List_of_Pok%C3%A9mon_by_Pok%C3%A9dex_number_in_Pok%C3%A9mon_Pokopia
Main #134,Main,134,570,Zorua,Zorua,,Zorua,Dark,,Withered Wastelands; Bleak Beach; Rocky Ridges; Sparkling Skylands; Palette Town; Cloud Island,Breezy flower bed,"Withered Wastelands, Bleak Beach, Rocky Ridges, Sparkling Skylands, Palette Town, Cloud Island",Common,Morning/Day/Evening/Night,Sun/Cloud/Rain,Breezy Flower Bed - Seashore Flowers x4,All day,All weather,Trade,Dark,"Shiny stuff, Luxury, Glass stuff, Cute stuff, Group Activities, Sour flavors",No,Tricky Fox Pokémon,Befriend by building habitat: Breezy flower bed (Common),https://www.serebii.net/pokemonpokopia/pokedex/zorua.shtml | https://bulbapedia.bulbagarden.net/wiki/List_of_Pok%C3%A9mon_by_Pok%C3%A9dex_number_in_Pok%C3%A9mon_Pokopia
Main #135,Main,135,571,Zoroark,Zoroark,,Zoroark,Dark,,Withered Wastelands; Bleak Beach; Rocky Ridges; Sparkling Skylands; Palette Town; Cloud Island,Breezy flower bed | Surprise in store,"Withered Wastelands, Bleak Beach, Rocky Ridges, Sparkling Skylands, Palette Town, Cloud Island | Withered Wastelands, Bleak Beach, Rocky Ridges, Sparkling Skylands, Palette Town, Cloud Island",Rare | Rare,Morning/Day/Evening/Night | Morning/Day/Evening/Night,Sun/Cloud/Rain | Sun/Cloud/Rain,"Surprise in Store - Balloons x2, Boo-in-the-Box x1 | Breezy Flower Bed - Seashore Flowers x4",All day,All weather,"Trade, Chop",Dark,"Shiny stuff, Luxury, Glass stuff, Strange stuff, Group Activities, Spicy flavors",No,Illusion Fox Pokémon,Befriend by building habitat: Breezy flower bed (Rare); Surprise in store (Rare),https://www.serebii.net/pokemonpokopia/pokedex/zoroark.shtml | https://bulbapedia.bulbagarden.net/wiki/List_of_Pok%C3%A9mon_by_Pok%C3%A9dex_number_in_Pok%C3%A9mon_Pokopia
Main #136,Main,136,572,Minccino,Minccino,,Minccino,Normal,,Withered Wastelands; Bleak Beach; Rocky Ridges; Sparkling Skylands; Palette Town; Cloud Island,Changing area | Private makeup stand,"Withered Wastelands, Bleak Beach, Rocky Ridges, Sparkling Skylands, Palette Town, Cloud Island | Withered Wastelands, Bleak Beach, Rocky Ridges, Sparkling Skylands, Palette Town, Cloud Island",Common | Common,Morning/Day/Evening/Night | Morning/Day/Evening/Night,Sun/Cloud/Rain | Sun/Cloud/Rain,"Changing Area - Closet (any) x1, Mirror (large) x1 | Private Makeup Stand - Partition (any) x2, Closet (any) x1, Dresser (any) x1",All day,All weather,Gather,Bright,"Soft stuff, Fabric, Rides, Cute stuff, Cleanliness, Sweet flavors",No,Chinchilla Pokémon,Befriend by building habitat: Changing area (Common); Private makeup stand (Common),https://www.serebii.net/pokemonpokopia/pokedex/minccino.shtml | https://bulbapedia.bulbagarden.net/wiki/List_of_Pok%C3%A9mon_by_Pok%C3%A9dex_number_in_Pok%C3%A9mon_Pokopia
Main #137,Main,137,573,Cinccino,Cinccino,,Cinccino,Normal,,Withered Wastelands; Bleak Beach; Rocky Ridges; Sparkling Skylands; Palette Town; Cloud Island,Private makeup stand,"Withered Wastelands, Bleak Beach, Rocky Ridges, Sparkling Skylands, Palette Town, Cloud Island",Rare,Morning/Day/Evening/Night,Sun/Cloud/Rain,"Private Makeup Stand - Partition (any) x2, Closet (any) x1, Dresser (any) x1",All day,All weather,"Gather, Recycle",Bright,"Soft stuff, Fabric, Rides, Cute stuff, Cleanliness, Sour flavors",No,Scarf Pokémon,Befriend by building habitat: Private makeup stand (Rare),https://www.serebii.net/pokemonpokopia/pokedex/cinccino.shtml | https://bulbapedia.bulbagarden.net/wiki/List_of_Pok%C3%A9mon_by_Pok%C3%A9dex_number_in_Pok%C3%A9mon_Pokopia
Main #138,Main,138,736,Grubbin,Grubbin,,Grubbin,Bug,,Withered Wastelands; Bleak Beach; Rocky Ridges; Sparkling Skylands; Palette Town; Cloud Island,Yellow tall grass | Vending machine break area,"Withered Wastelands, Bleak Beach, Rocky Ridges, Sparkling Skylands, Palette Town, Cloud Island | Withered Wastelands, Bleak Beach, Rocky Ridges, Sparkling Skylands, Palette Town, Cloud Island", | Common,Morning/Day/Evening/Night | Morning/Day/Evening/Night,Sun/Cloud/Rain | Sun/Cloud/Rain,"Yellow Tall Grass - Yellow Tall Grass x4 | Vending Machine Break Area - Vending Machine x1, Seat (wide) x1",All day,All weather,Chop,Bright,"Lots of nature, Electronics, Watching stuff, Lots of dirt, Containers, Dry flavors",No,Larva Pokémon,Befriend by building habitat: Yellow tall grass; Vending machine break area (Common),https://www.serebii.net/pokemonpokopia/pokedex/grubbin.shtml | https://bulbapedia.bulbagarden.net/wiki/List_of_Pok%C3%A9mon_by_Pok%C3%A9dex_number_in_Pok%C3%A9mon_Pokopia
Main #139,Main,139,737,Charjabug,Charjabug,,Charjabug,Bug,Electric,Withered Wastelands; Bleak Beach; Rocky Ridges; Sparkling Skylands; Palette Town; Cloud Island,Vending machine break area,"Withered Wastelands, Bleak Beach, Rocky Ridges, Sparkling Skylands, Palette Town, Cloud Island",Rare,Morning/Day/Evening/Night,Sun/Cloud/Rain,"Vending Machine Break Area - Vending Machine x1, Seat (wide) x1",All day,All weather,"Generate, Chop",Bright,"Lots of nature, Electronics, Watching stuff, Glass stuff, Blocky stuff, Bitter flavors",No,Battery Pokémon,Befriend by building habitat: Vending machine break area (Rare),https://www.serebii.net/pokemonpokopia/pokedex/charjabug.shtml | https://bulbapedia.bulbagarden.net/wiki/List_of_Pok%C3%A9mon_by_Pok%C3%A9dex_number_in_Pok%C3%A9mon_Pokopia
Main #140,Main,140,738,Vikavolt,Vikavolt,,Vikavolt,Bug,Electric,Palette Town; Cloud Island,Tree-shaded flower bed,"Palette Town, Cloud Island",Rare,Morning/Day/Evening/Night,Sun/Cloud/Rain,"Tree-shaded Flower Bed - Berry Tree (any) x1, Wildflowers x4 (Palette Town Only)",All day,All weather,"Generate, Chop",Bright,"Lots of nature, Electronics, Exercise, Glass stuff, Nice breezes, Dry flavors",No,Stag Beetle Pokémon,Befriend by building habitat: Tree-shaded flower bed (Rare),https://www.serebii.net/pokemonpokopia/pokedex/vikavolt.shtml | https://bulbapedia.bulbagarden.net/wiki/List_of_Pok%C3%A9mon_by_Pok%C3%A9dex_number_in_Pok%C3%A9mon_Pokopia
Main #141,Main,141,778,Mimikyu,Mimikyu,,Mimikyu,Ghost,Fairy,Withered Wastelands; Bleak Beach; Rocky Ridges; Sparkling Skylands; Palette Town; Cloud Island,Pikachu space,"Withered Wastelands, Bleak Beach, Rocky Ridges, Sparkling Skylands, Palette Town, Cloud Island",Common,Morning/Day/Evening/Night,Sun/Cloud/Rain,"Pikachu Space - Pikachu Sofa x1, Pikachu Doll x1",All day,All weather,Trade,Dark,"Spooky stuff, Cute stuff, Electronics, Fabric, Group Activities, Bitter flavors",No,Disguise Pokémon,Befriend by building habitat: Pikachu space (Common),https://www.serebii.net/pokemonpokopia/pokedex/mimikyu.shtml | https://bulbapedia.bulbagarden.net/wiki/List_of_Pok%C3%A9mon_by_Pok%C3%A9dex_number_in_Pok%C3%A9mon_Pokopia
Main #142,Main,142,921,Pawmi,Pawmi,,Pawmi,Electric,,Withered Wastelands; Bleak Beach; Rocky Ridges; Sparkling Skylands; Palette Town; Cloud Island,Breezy flower bed | Tantalizing restaurant,"Withered Wastelands, Bleak Beach, Rocky Ridges, Sparkling Skylands, Palette Town, Cloud Island | Withered Wastelands, Bleak Beach, Rocky Ridges, Sparkling Skylands, Palette Town, Cloud Island",Common | Common,Morning/Day/Evening/Night | Morning/Day/Evening/Night,Sun/Cloud/Rain | Sun/Cloud/Rain,"Breezy Flower Bed - Seashore Flowers x4 | Tantalizing Restaurant - Seat (any) x1, Menu Board x1, Table (any) x1, Plated Food x1",All day,All weather,Generate,Bright,"Electronics, Shiny stuff, Cute stuff, Glass stuff, Group Activities, Sweet flavors",No,Mouse Pokémon,Befriend by building habitat: Breezy flower bed (Common); Tantalizing restaurant (Common),https://www.serebii.net/pokemonpokopia/pokedex/pawmi.shtml | https://bulbapedia.bulbagarden.net/wiki/List_of_Pok%C3%A9mon_by_Pok%C3%A9dex_number_in_Pok%C3%A9mon_Pokopia
Main #143,Main,143,922,Pawmo,Pawmo,,Pawmo,Electric,Fighting,Withered Wastelands; Bleak Beach; Rocky Ridges; Sparkling Skylands; Palette Town; Cloud Island,Tantalizing restaurant | Café space,"Withered Wastelands, Bleak Beach, Rocky Ridges, Sparkling Skylands, Palette Town, Cloud Island | Withered Wastelands, Bleak Beach, Rocky Ridges, Sparkling Skylands, Palette Town, Cloud Island",Common | Common,Morning/Day/Evening/Night | Morning/Day/Evening/Night,Sun/Cloud/Rain | Sun/Cloud/Rain,"Tantalizing Restaurant - Seat (any) x1, Menu Board x1, Table (any) x1, Plated Food x1 | Cafe Space - Seat (any) x1, Potted Plant (any) x1, Counter x2, Mug x1, Menu Board x1",All day,All weather,"Generate, Crush",Bright,"Electronics, Shiny stuff, Exercise, Glass stuff, Group Activities, Sweet flavors",No,Mouse Pokémon,Befriend by building habitat: Tantalizing restaurant (Common); Café space (Common),https://www.serebii.net/pokemonpokopia/pokedex/pawmo.shtml | https://bulbapedia.bulbagarden.net/wiki/List_of_Pok%C3%A9mon_by_Pok%C3%A9dex_number_in_Pok%C3%A9mon_Pokopia
Main #144,Main,144,923,Pawmot,Pawmot,,Pawmot,Electric,Fighting,Withered Wastelands; Bleak Beach; Rocky Ridges; Sparkling Skylands; Palette Town; Cloud Island,Café space,"Withered Wastelands, Bleak Beach, Rocky Ridges, Sparkling Skylands, Palette Town, Cloud Island",Common,Morning/Day/Evening/Night,Sun/Cloud/Rain,"Cafe Space - Seat (any) x1, Potted Plant (any) x1, Counter x2, Mug x1, Menu Board x1",All day,All weather,"Generate, Crush",Bright,"Electronics, Shiny stuff, Exercise, Healing, Group Activities, Dry flavors",No,Hands-On Pokémon,Befriend by building habitat: Café space (Common),https://www.serebii.net/pokemonpokopia/pokedex/pawmot.shtml | https://bulbapedia.bulbagarden.net/wiki/List_of_Pok%C3%A9mon_by_Pok%C3%A9dex_number_in_Pok%C3%A9mon_Pokopia
Main #145,Main,145,978,Tatsugiri (Curly Form),Tatsugiri,Curly Form,Tatsugiri Curly Form,Dragon,Water,Withered Wastelands; Bleak Beach; Rocky Ridges; Sparkling Skylands; Palette Town; Cloud Island,Beach Set,"Withered Wastelands, Bleak Beach, Rocky Ridges, Sparkling Skylands, Palette Town, Cloud Island",Rare,Morning/Day/Evening/Night,Sun/Cloud/Rain,"Beach Set - Beach Chair x1, Beach Parasol x1, Side Table x1",All day,All weather,Trade,Humid,"Lots of water, Ocean vibes, Group Activities, Slender Objects, Gatherings, Sour flavors",Underwater capable,Mimicry Pokémon,Befriend by building habitat: Beach Set (Rare),https://www.serebii.net/pokemonpokopia/pokedex/tatsugiricurlyform.shtml | https://bulbapedia.bulbagarden.net/wiki/List_of_Pok%C3%A9mon_by_Pok%C3%A9dex_number_in_Pok%C3%A9mon_Pokopia
Main #146,Main,146,23,Ekans,Ekans,,Ekans,Poison,,Withered Wastelands; Bleak Beach; Rocky Ridges; Sparkling Skylands; Palette Town; Cloud Island,Hydrated graceful flower bed,"Withered Wastelands, Bleak Beach, Rocky Ridges, Sparkling Skylands, Palette Town, Cloud Island",Common,Morning/Day/Evening/Night,Sun/Cloud/Rain,"Hydrated Graceful Flower Bed - Moutain Flowers x4, Water x2",All day,All weather,Search,Dark,"Garbage, Watching stuff, Lots of nature, Slender objects, Spinning stuff, Spicy flavors",No,Snake Pokémon,Befriend by building habitat: Hydrated graceful flower bed (Common),https://www.serebii.net/pokemonpokopia/pokedex/ekans.shtml | https://bulbapedia.bulbagarden.net/wiki/List_of_Pok%C3%A9mon_by_Pok%C3%A9dex_number_in_Pok%C3%A9mon_Pokopia
Main #147,Main,147,24,Arbok,Arbok,,Arbok,Poison,,Withered Wastelands; Bleak Beach; Rocky Ridges; Sparkling Skylands; Palette Town; Cloud Island,Hydrated graceful flower bed,"Withered Wastelands, Bleak Beach, Rocky Ridges, Sparkling Skylands, Palette Town, Cloud Island",Rare,Morning/Day/Evening/Night,Sun/Cloud/Rain,"Hydrated Graceful Flower Bed - Moutain Flowers x4, Water x2",All day,All weather,Search,Dark,"Garbage, Watching stuff, Lots of nature, Slender objects, Spinning stuff, Spicy flavors",No,Cobra Pokémon,Befriend by building habitat: Hydrated graceful flower bed (Rare),https://www.serebii.net/pokemonpokopia/pokedex/arbok.shtml | https://bulbapedia.bulbagarden.net/wiki/List_of_Pok%C3%A9mon_by_Pok%C3%A9dex_number_in_Pok%C3%A9mon_Pokopia
Main #148,Main,148,173,Cleffa,Cleffa,,Cleffa,Fairy,,Withered Wastelands; Bleak Beach; Rocky Ridges; Sparkling Skylands; Palette Town; Cloud Island,Graceful flower bed,"Withered Wastelands, Bleak Beach, Rocky Ridges, Sparkling Skylands, Palette Town, Cloud Island",Common,Night,Sun/Cloud/Rain,Graceful Flower Bed - Mountain Flowers x4,Nighttime,All weather,Hype,Dark,"Cute stuff, Round stuff, Colorful stuff, Healing, Rides, Sweet flavors",No,Star Shape Pokémon,Befriend by building habitat: Graceful flower bed (Common). Restrictions: Graceful flower bed [time: Night],https://www.serebii.net/pokemonpokopia/pokedex/cleffa.shtml | https://bulbapedia.bulbagarden.net/wiki/List_of_Pok%C3%A9mon_by_Pok%C3%A9dex_number_in_Pok%C3%A9mon_Pokopia
Main #149,Main,149,35,Clefairy,Clefairy,,Clefairy,Fairy,,Withered Wastelands; Bleak Beach; Rocky Ridges; Sparkling Skylands; Palette Town; Cloud Island,Graceful flower bed | Bronze landmark,"Withered Wastelands, Bleak Beach, Rocky Ridges, Sparkling Skylands, Palette Town, Cloud Island | Withered Wastelands, Bleak Beach, Rocky Ridges, Sparkling Skylands, Palette Town, Cloud Island",Common | Common,Night | Night,Sun/Cloud/Rain | Sun/Cloud/Rain,"Bronze Landmark - Hedge (any) x4, Moonlight Dance Statue x1, Sign x1 | Graceful Flower Bed - Mountain Flowers x4",Nighttime,All weather,Hype,Dark,"Cute stuff, Play spaces, Pretty flowers, Healing, Group Activities, Sweet flavors",No,Fairy Pokémon,Befriend by building habitat: Graceful flower bed (Common); Bronze landmark (Common). Restrictions: Graceful flower bed [time: Night]; Bronze landmark [time: Night],https://www.serebii.net/pokemonpokopia/pokedex/clefairy.shtml | https://bulbapedia.bulbagarden.net/wiki/List_of_Pok%C3%A9mon_by_Pok%C3%A9dex_number_in_Pok%C3%A9mon_Pokopia
Main #150,Main,150,36,Clefable,Clefable,,Clefable,Fairy,,Withered Wastelands; Bleak Beach; Rocky Ridges; Sparkling Skylands; Palette Town; Cloud Island,Graceful flower bed | Bronze landmark,"Withered Wastelands, Bleak Beach, Rocky Ridges, Sparkling Skylands, Palette Town, Cloud Island | Withered Wastelands, Bleak Beach, Rocky Ridges, Sparkling Skylands, Palette Town, Cloud Island",Very Rare | Rare,Night | Night,Sun/Cloud/Rain | Sun/Cloud/Rain,"Bronze Landmark - Hedge (any) x4, Moonlight Dance Statue x1, Sign x1 | Graceful Flower Bed - Mountain Flowers x4",Nighttime,All weather,"Hype, Trade",Dark,"Cute stuff, Play spaces, Pretty flowers, Healing, Group Activities, Sour flavors",No,Fairy Pokémon,Befriend by building habitat: Graceful flower bed (Very Rare); Bronze landmark (Rare). Restrictions: Graceful flower bed [time: Night]; Bronze landmark [time: Night],https://www.serebii.net/pokemonpokopia/pokedex/clefable.shtml | https://bulbapedia.bulbagarden.net/wiki/List_of_Pok%C3%A9mon_by_Pok%C3%A9dex_number_in_Pok%C3%A9mon_Pokopia
Main #151,Main,151,174,Igglybuff,Igglybuff,,Igglybuff,Normal,Fairy,Withered Wastelands; Bleak Beach; Rocky Ridges; Sparkling Skylands; Palette Town; Cloud Island,Flower garden stump stage,"Withered Wastelands, Bleak Beach, Rocky Ridges, Sparkling Skylands, Palette Town, Cloud Island",Common,Morning/Day/Evening/Night,Sun/Cloud/Rain,"Flower Garden Stump Stage - Mountain Flowers x4. Tree Stump (any) x1, Mushroom Lamp x2",All day,All weather,Hype,Warm,"Soft stuff, Cute stuff, Play spaces, Healing, Noisy stuff, Sweet flavors",No,Balloon Pokémon,Befriend by building habitat: Flower garden stump stage (Common),https://www.serebii.net/pokemonpokopia/pokedex/igglybuff.shtml | https://bulbapedia.bulbagarden.net/wiki/List_of_Pok%C3%A9mon_by_Pok%C3%A9dex_number_in_Pok%C3%A9mon_Pokopia
Main #152,Main,152,39,Jigglypuff,Jigglypuff,,Jigglypuff,Normal,Fairy,Withered Wastelands; Bleak Beach; Rocky Ridges; Sparkling Skylands; Palette Town; Cloud Island,Flower garden stump stage | Recital stage,"Withered Wastelands, Bleak Beach, Rocky Ridges, Sparkling Skylands, Palette Town, Cloud Island | Withered Wastelands, Bleak Beach, Rocky Ridges, Sparkling Skylands, Palette Town, Cloud Island",Common | Common,Morning/Day/Evening/Night | Morning/Day/Evening/Night,Sun/Cloud/Rain | Sun/Cloud/Rain,"Recital Stage - Speaker x2, Small Stage x1, Standing Mic x1 | Flower Garden Stump Stage - Mountain Flowers x4. Tree Stump (any) x1, Mushroom Lamp x2",All day,All weather,Hype,Bright,"Soft stuff, Cute stuff, Play spaces, Healing, Wobbly stuff, Sweet flavors",No,Balloon Pokémon,Befriend by building habitat: Flower garden stump stage (Common); Recital stage (Common),https://www.serebii.net/pokemonpokopia/pokedex/jigglypuff.shtml | https://bulbapedia.bulbagarden.net/wiki/List_of_Pok%C3%A9mon_by_Pok%C3%A9dex_number_in_Pok%C3%A9mon_Pokopia
Main #153,Main,153,40,Wigglytuff,Wigglytuff,,Wigglytuff,Normal,Fairy,Withered Wastelands; Bleak Beach; Rocky Ridges; Sparkling Skylands; Palette Town; Cloud Island,Recital stage,"Withered Wastelands, Bleak Beach, Rocky Ridges, Sparkling Skylands, Palette Town, Cloud Island",Rare,Morning/Day/Evening/Night,Sun/Cloud/Rain,"Recital Stage - Speaker x2, Small Stage x1, Standing Mic x1",All day,All weather,"Hype, Trade",Bright,"Soft stuff, Cute stuff, Play spaces, Healing, Group Activities, Sour flavors",No,Balloon Pokémon,Befriend by building habitat: Recital stage (Rare),https://www.serebii.net/pokemonpokopia/pokedex/wigglytuff.shtml | https://bulbapedia.bulbagarden.net/wiki/List_of_Pok%C3%A9mon_by_Pok%C3%A9dex_number_in_Pok%C3%A9mon_Pokopia
Main #154,Main,154,50,Diglett,Diglett,,Diglett,Ground,,Withered Wastelands; Bleak Beach; Rocky Ridges; Sparkling Skylands; Palette Town; Cloud Island,Tree-shaded red tall grass | Container snacking,"Withered Wastelands, Bleak Beach, Rocky Ridges, Sparkling Skylands, Palette Town, Cloud Island | Withered Wastelands, Bleak Beach, Rocky Ridges, Sparkling Skylands, Palette Town, Cloud Island",Common | Common,Morning/Day/Evening/Night | Morning/Day/Evening/Night,Sun/Cloud/Rain | Sun/Cloud/Rain,"Container Snacking - Barrel x1, Wooden Crate x1, Lantern x1, Plated Food x1 | Tree-shaded Red Tall Grass - Large Tree (any) x1, Red Tall Grass x4",All day,All weather,Hype,Dark,"Lots of dirt, Play spaces, Cute stuff, Group Activities, Slender objects, Bitter flavors",No,Mole Pokémon,Befriend by building habitat: Tree-shaded red tall grass (Common); Container snacking (Common),https://www.serebii.net/pokemonpokopia/pokedex/diglett.shtml | https://bulbapedia.bulbagarden.net/wiki/List_of_Pok%C3%A9mon_by_Pok%C3%A9dex_number_in_Pok%C3%A9mon_Pokopia
Main #155,Main,155,51,Dugtrio,Dugtrio,,Dugtrio,Ground,,Withered Wastelands; Bleak Beach; Rocky Ridges; Sparkling Skylands; Palette Town; Cloud Island,Tree-shaded red tall grass | House party,"Withered Wastelands, Bleak Beach, Rocky Ridges, Sparkling Skylands, Palette Town, Cloud Island | Withered Wastelands, Bleak Beach, Rocky Ridges, Sparkling Skylands, Palette Town, Cloud Island",Rare | Common,Morning/Day/Evening/Night | Morning/Day/Evening/Night,Sun/Cloud/Rain | Sun/Cloud/Rain,"House Party - Food Counter x1, Paper Party Cups x1, Plated Food x1 | Tree-shaded Red Tall Grass - Large Tree (any) x1, Red Tall Grass x4",All day,All weather,"Hype, Crush",Dark,"Lots of dirt, Play spaces, Gatherings, Group Activities, Slender objects, Spicy flavors",No,Mole Pokémon,Befriend by building habitat: Tree-shaded red tall grass (Rare); House party (Common),https://www.serebii.net/pokemonpokopia/pokedex/dugtrio.shtml | https://bulbapedia.bulbagarden.net/wiki/List_of_Pok%C3%A9mon_by_Pok%C3%A9dex_number_in_Pok%C3%A9mon_Pokopia
Main #156,Main,156,66,Machop,Machop,,Machop,Fighting,,Palette Town; Cloud Island,Boulder-shaded Tall Grass,"Palette Town, Cloud Island",Common,Morning/Day/Evening/Night,Sun/Cloud/Rain,"Boulder-shaded tall grass - Tall Grass x4, Large Boulder x1 (Palette Town Only)",All day,All weather,"Build, Gather",Bright,"Exercise, Construction, Stone stuff, Hard stuff, Group Activities, Spicy flavors",No,Superpower Pokémon,Befriend by building habitat: Boulder-shaded Tall Grass (Common),https://www.serebii.net/pokemonpokopia/pokedex/machop.shtml | https://bulbapedia.bulbagarden.net/wiki/List_of_Pok%C3%A9mon_by_Pok%C3%A9dex_number_in_Pok%C3%A9mon_Pokopia
Main #157,Main,157,67,Machoke,Machoke,,Machoke,Fighting,,Withered Wastelands; Bleak Beach; Rocky Ridges; Sparkling Skylands; Palette Town; Cloud Island,Grassy training field | Box to the rhythm,"Withered Wastelands, Bleak Beach, Rocky Ridges, Sparkling Skylands, Palette Town, Cloud Island | Withered Wastelands, Bleak Beach, Rocky Ridges, Sparkling Skylands, Palette Town, Cloud Island",Common | Common,Morning/Day/Evening/Night | Morning/Day/Evening/Night,Sun/Cloud/Rain | Sun/Cloud/Rain,"Grassy Training Field - Sandbags x2, Red Tall Grass x4 | Box to the Rhythm - Punching Bag x1, Table (any) x1, CD Player x1",All day,All weather,"Build, Gather",Bright,"Exercise, Construction, Stone stuff, Hard stuff, Group Activities, Sour flavors",No,Superpower Pokémon,Befriend by building habitat: Grassy training field (Common); Box to the rhythm (Common),https://www.serebii.net/pokemonpokopia/pokedex/machoke.shtml | https://bulbapedia.bulbagarden.net/wiki/List_of_Pok%C3%A9mon_by_Pok%C3%A9dex_number_in_Pok%C3%A9mon_Pokopia
Main #158,Main,158,68,Machamp,Machamp,,Machamp,Fighting,,Withered Wastelands; Bleak Beach; Rocky Ridges; Sparkling Skylands; Palette Town; Cloud Island,Grassy training field | Clink-clang iron construction,"Withered Wastelands, Bleak Beach, Rocky Ridges, Sparkling Skylands, Palette Town, Cloud Island | Withered Wastelands, Bleak Beach, Rocky Ridges, Sparkling Skylands, Palette Town, Cloud Island",Rare | Rare,Morning/Day/Evening/Night | Morning/Day/Evening/Night,Sun/Cloud/Rain | Sun/Cloud/Rain,"Clink-clang Iron Construction - Iron beam or column x3, Wheelbarrow x1, Sandbags x1, Excavation Tools x1 | Grassy Training Field - Sandbags x2, Red Tall Grass x4",All day,All weather,"Build, Gather",Bright,"Exercise, Construction, Stone stuff, Hard stuff, Group Activities, Spicy flavors",No,Superpower Pokémon,Befriend by building habitat: Grassy training field (Rare); Clink-clang iron construction (Rare),https://www.serebii.net/pokemonpokopia/pokedex/machamp.shtml | https://bulbapedia.bulbagarden.net/wiki/List_of_Pok%C3%A9mon_by_Pok%C3%A9dex_number_in_Pok%C3%A9mon_Pokopia
Main #159,Main,159,74,Geodude,Geodude,,Geodude,Rock,Ground,Palette Town; Cloud Island,Tall Grass,"Palette Town, Cloud Island",Common,Morning/Day/Evening/Night,Sun/Cloud/Rain,Tall Grass - Tall Grass x4 (Palette Town Only),All day,All weather,Crush,Dark,"Stone stuff, Hard stuff, Spinning stuff, Round stuff, Exercise, Dry flavors",No,Rock Pokémon,Befriend by building habitat: Tall Grass (Common),https://www.serebii.net/pokemonpokopia/pokedex/geodude.shtml | https://bulbapedia.bulbagarden.net/wiki/List_of_Pok%C3%A9mon_by_Pok%C3%A9dex_number_in_Pok%C3%A9mon_Pokopia
Main #160,Main,160,75,Graveler,Graveler,,Graveler,Rock,Ground,Withered Wastelands; Bleak Beach; Rocky Ridges; Sparkling Skylands; Palette Town; Cloud Island,Mossy boulder,"Withered Wastelands, Bleak Beach, Rocky Ridges, Sparkling Skylands, Palette Town, Cloud Island",Common,Morning/Day/Evening/Night,Sun/Cloud/Rain,"Mossy Boulder - Moss x4, Mossy Boulder x1",All day,All weather,Crush,Dark,"Stone stuff, Hard stuff, Spinning stuff, Round stuff, Exercise, Bitter flavors",No,Rock Pokémon,Befriend by building habitat: Mossy boulder (Common),https://www.serebii.net/pokemonpokopia/pokedex/graveler.shtml | https://bulbapedia.bulbagarden.net/wiki/List_of_Pok%C3%A9mon_by_Pok%C3%A9dex_number_in_Pok%C3%A9mon_Pokopia
Main #161,Main,161,76,Golem,Golem,,Golem,Rock,Ground,Withered Wastelands; Bleak Beach; Rocky Ridges; Sparkling Skylands; Palette Town; Cloud Island,Mossy boulder,"Withered Wastelands, Bleak Beach, Rocky Ridges, Sparkling Skylands, Palette Town, Cloud Island",Rare,Morning/Day/Evening/Night,Sun/Cloud/Rain,"Mossy Boulder - Moss x4, Mossy Boulder x1",,,"Crush, Trade",Dark,"Stone stuff, Hard stuff, Spinning stuff, Round stuff, Exercise, Sour flavors",No,Megaton Pokémon,Befriend by building habitat: Mossy boulder (Rare),https://www.serebii.net/pokemonpokopia/pokedex/golem.shtml | https://bulbapedia.bulbagarden.net/wiki/List_of_Pok%C3%A9mon_by_Pok%C3%A9dex_number_in_Pok%C3%A9mon_Pokopia
Main #162,Main,162,240,Magby,Magby,,Magby,Fire,,Palette Town; Cloud Island,Pretty flower bed,"Palette Town, Cloud Island",Common,Morning/Day/Evening/Night,Sun/Cloud/Rain,Pretty Flower Bed - Wildflowers x4 (Palette Town Only),All day,All weather,Burn,Warm,"Lots of fire, Stone stuff, Watching stuff, Cute stuff, Wobbly stuff, Sweet flavors",No,Live Coal Pokémon,Befriend by building habitat: Pretty flower bed (Common),https://www.serebii.net/pokemonpokopia/pokedex/magby.shtml | https://bulbapedia.bulbagarden.net/wiki/List_of_Pok%C3%A9mon_by_Pok%C3%A9dex_number_in_Pok%C3%A9mon_Pokopia
Main #163,Main,163,126,Magmar,Magmar,,Magmar,Fire,,Withered Wastelands; Bleak Beach; Rocky Ridges; Sparkling Skylands; Palette Town; Cloud Island,Digging and burning,"Withered Wastelands, Bleak Beach, Rocky Ridges, Sparkling Skylands, Palette Town, Cloud Island",Common,Morning/Day/Evening/Night,Sun/Cloud/Rain,"Digging and Burning - Wheelbarrow x1, Smelting Furnace x1, Excavation Tools x1",All day,All weather,Burn,Warm,"Lots of fire, Stone stuff, Electronics, Hard stuff, Exercise, Sweet flavors",No,Spitfire Pokémon,Befriend by building habitat: Digging and burning (Common),https://www.serebii.net/pokemonpokopia/pokedex/magmar.shtml | https://bulbapedia.bulbagarden.net/wiki/List_of_Pok%C3%A9mon_by_Pok%C3%A9dex_number_in_Pok%C3%A9mon_Pokopia
Main #164,Main,164,467,Magmortar,Magmortar,,Magmortar,Fire,,Withered Wastelands; Bleak Beach; Rocky Ridges; Sparkling Skylands; Palette Town; Cloud Island,Mini kitchen,"Withered Wastelands, Bleak Beach, Rocky Ridges, Sparkling Skylands, Palette Town, Cloud Island",Rare,Morning/Day/Evening/Night,Sun/Cloud/Rain,"Mini Kitchen - KItchen Table x1, Cooking Stove x1, Frying Pan x1, Modern Sink x1",All day,All weather,"Burn, Crush",Warm,"Lots of fire, Stone stuff, Electronics, Hard stuff, Exercise, Dry flavors",No,Blast Pokémon,Befriend by building habitat: Mini kitchen (Rare),https://www.serebii.net/pokemonpokopia/pokedex/magmortar.shtml | https://bulbapedia.bulbagarden.net/wiki/List_of_Pok%C3%A9mon_by_Pok%C3%A9dex_number_in_Pok%C3%A9mon_Pokopia
Main #165,Main,165,438,Bonsly,Bonsly,,Bonsly,Rock,,Withered Wastelands; Bleak Beach; Rocky Ridges; Sparkling Skylands; Palette Town; Cloud Island,Tree-shaded red tall grass,"Withered Wastelands, Bleak Beach, Rocky Ridges, Sparkling Skylands, Palette Town, Cloud Island",Common,Morning/Day/Evening/Night,Sun/Cloud/Rain,"Tree-shaded Red Tall Grass - Large Tree (any) x1, Red Tall Grass x4",All day,All weather,Bulldoze,Dry,"Stone stuff, Hard stuff, Lots of nature, Wooden stuff, Round stuff, Sour flavors",No,Bonsai Pokémon,Befriend by building habitat: Tree-shaded red tall grass (Common),https://www.serebii.net/pokemonpokopia/pokedex/bonsly.shtml | https://bulbapedia.bulbagarden.net/wiki/List_of_Pok%C3%A9mon_by_Pok%C3%A9dex_number_in_Pok%C3%A9mon_Pokopia
Main #166,Main,166,185,Sudowoodo,Sudowoodo,,Sudowoodo,Rock,,Withered Wastelands; Bleak Beach; Rocky Ridges; Sparkling Skylands; Palette Town; Cloud Island,Tree-shaded red tall grass | House party,"Withered Wastelands, Bleak Beach, Rocky Ridges, Sparkling Skylands, Palette Town, Cloud Island | Withered Wastelands, Bleak Beach, Rocky Ridges, Sparkling Skylands, Palette Town, Cloud Island",Rare | Common,Morning/Day/Evening/Night | Morning/Day/Evening/Night,Sun/Cloud/Rain | Sun/Cloud/Rain,"House Party - Food Counter x1, Paper Party Cups x1, Plated Food x1 | Tree-shaded Red Tall Grass - Large Tree (any) x1, Red Tall Grass x4",All day,All weather,Trade,Dry,"Stone stuff, Hard stuff, Lots of nature, Wooden stuff, Watching stuff, Dry flavors",No,Imitation Pokémon,Befriend by building habitat: Tree-shaded red tall grass (Rare); House party (Common),https://www.serebii.net/pokemonpokopia/pokedex/sudowoodo.shtml | https://bulbapedia.bulbagarden.net/wiki/List_of_Pok%C3%A9mon_by_Pok%C3%A9dex_number_in_Pok%C3%A9mon_Pokopia
Main #167,Main,167,198,Murkrow,Murkrow,,Murkrow,Dark,Flying,Withered Wastelands; Bleak Beach; Rocky Ridges; Sparkling Skylands; Palette Town; Cloud Island,Elevated red tall grass | Tree-shaded graceful flower bed,"Withered Wastelands, Bleak Beach, Rocky Ridges, Sparkling Skylands, Palette Town, Cloud Island | Withered Wastelands, Bleak Beach, Rocky Ridges, Sparkling Skylands, Palette Town, Cloud Island",Common | Common,Night | Night,Sun/Cloud/Rain | Sun/Cloud/Rain,"Tree-shaded Graceful Flower Bed - Mountain Flowers x4, Pointy Tree x1 | Elevated Red Tall Grass - Red Tall Grass x4, High-up Location",Nighttime,All weather,"Trade, Fly",Dark,"Shiny stuff, Nice breezes, Group Activities, Luxury, Fabric, Bitter flavors",No,Darkness Pokémon,Befriend by building habitat: Elevated red tall grass (Common); Tree-shaded graceful flower bed (Common). Restrictions: Elevated red tall grass [time: Night]; Tree-shaded graceful flower bed [time: Night],https://www.serebii.net/pokemonpokopia/pokedex/murkrow.shtml | https://bulbapedia.bulbagarden.net/wiki/List_of_Pok%C3%A9mon_by_Pok%C3%A9dex_number_in_Pok%C3%A9mon_Pokopia
Main #168,Main,168,430,Honchkrow,Honchkrow,,Honchkrow,Dark,Flying,Withered Wastelands; Bleak Beach; Rocky Ridges; Sparkling Skylands; Palette Town; Cloud Island,Elevated red tall grass | Chirping recital,"Withered Wastelands, Bleak Beach, Rocky Ridges, Sparkling Skylands, Palette Town, Cloud Island | Withered Wastelands, Bleak Beach, Rocky Ridges, Sparkling Skylands, Palette Town, Cloud Island",Rare | Rare,Morning/Day/Evening | Night,Sun/Cloud/Rain | Sun/Cloud/Rain,"Elevated Red Tall Grass - Red Tall Grass x4, High-up Location | Chirping Recital - Perch x1, Standing Mic x1",Nighttime,All weather,"Trade, Fly",Dark,"Shiny stuff, Nice breezes, Spooky stuff, Letters and words, Glass stuff, Bitter flavors",No,Big Boss Pokémon,Befriend by building habitat: Elevated red tall grass (Rare); Chirping recital (Rare). Restrictions: Elevated red tall grass [time: Morning/Day/Evening]; Chirping recital [time: Night],https://www.serebii.net/pokemonpokopia/pokedex/honchkrow.shtml | https://bulbapedia.bulbagarden.net/wiki/List_of_Pok%C3%A9mon_by_Pok%C3%A9dex_number_in_Pok%C3%A9mon_Pokopia
Main #169,Main,169,246,Larvitar,Larvitar,,Larvitar,Rock,Ground,Withered Wastelands; Bleak Beach; Rocky Ridges; Sparkling Skylands; Palette Town; Cloud Island,Mossy rest spot,"Withered Wastelands, Bleak Beach, Rocky Ridges, Sparkling Skylands, Palette Town, Cloud Island",Common,Morning/Day/Evening/Night,Sun/Cloud/Rain,Mossy Rest Spot - Moss x4,All day,All weather,"Crush, Bulldoze",Dark,"Stone stuff, Lots of dirt, Luxury, Shiny stuff, Looks like food, Sweet flavors",No,Rock Skin Pokémon,Befriend by building habitat: Mossy rest spot (Common),https://www.serebii.net/pokemonpokopia/pokedex/larvitar.shtml | https://bulbapedia.bulbagarden.net/wiki/List_of_Pok%C3%A9mon_by_Pok%C3%A9dex_number_in_Pok%C3%A9mon_Pokopia
Main #170,Main,170,247,Pupitar,Pupitar,,Pupitar,Rock,Ground,Withered Wastelands; Bleak Beach; Rocky Ridges; Sparkling Skylands; Palette Town; Cloud Island,Tree-shaded pink tall grass,"Withered Wastelands, Bleak Beach, Rocky Ridges, Sparkling Skylands, Palette Town, Cloud Island",Common,Morning/Day/Evening/Night,Sun/Cloud/Rain,"Tree-shaded Pink Tall Grass - Large Tree (any), Pink Tall Grass x4",All day,All weather,"Crush, Bulldoze",Dark,"Stone stuff, Hard stuff, Luxury, Shiny stuff, Watching stuff, Dry flavors",No,Hard Shell Pokémon,Befriend by building habitat: Tree-shaded pink tall grass (Common),https://www.serebii.net/pokemonpokopia/pokedex/pupitar.shtml | https://bulbapedia.bulbagarden.net/wiki/List_of_Pok%C3%A9mon_by_Pok%C3%A9dex_number_in_Pok%C3%A9mon_Pokopia
Main #171,Main,171,248,Tyranitar,Tyranitar,,Tyranitar,Rock,Dark,Withered Wastelands; Bleak Beach; Rocky Ridges; Sparkling Skylands; Palette Town; Cloud Island,Toil in the soil | Mossy rest spot,"Withered Wastelands, Bleak Beach, Rocky Ridges, Sparkling Skylands, Palette Town, Cloud Island | Withered Wastelands, Bleak Beach, Rocky Ridges, Sparkling Skylands, Palette Town, Cloud Island",Rare | Very Rare,Morning/Day/Evening/Night | Morning/Day/Evening/Night,Sun/Cloud/Rain | Sun/Cloud/Rain,"Toil in the Soil - Vegetable Field (any) x4, Wheelbarrow x1 | Mossy Rest Spot - Moss x4",All day,All weather,"Crush, Bulldoze",Dark,"Stone stuff, Hard stuff, Luxury, Shiny stuff, Exercise, Spicy flavors",No,Armor Pokémon,Befriend by building habitat: Toil in the soil (Rare); Mossy rest spot (Very Rare),https://www.serebii.net/pokemonpokopia/pokedex/tyranitar.shtml | https://bulbapedia.bulbagarden.net/wiki/List_of_Pok%C3%A9mon_by_Pok%C3%A9dex_number_in_Pok%C3%A9mon_Pokopia
Main #172,Main,172,270,Lotad,Lotad,,Lotad,Water,Grass,Withered Wastelands; Bleak Beach; Rocky Ridges; Sparkling Skylands; Palette Town; Cloud Island,Hydrated red tall grass | Uplifting duckweed | Hot-spring Fishing Spot,"Withered Wastelands, Bleak Beach, Rocky Ridges, Sparkling Skylands, Palette Town, Cloud Island | Withered Wastelands, Bleak Beach, Rocky Ridges, Sparkling Skylands, Palette Town, Cloud Island | Withered Wastelands, Bleak Beach, Rocky Ridges, Sparkling Skylands, Palette Town, Cloud Island",Common | Common | Common,Morning/Day/Evening/Night | Morning/Day/Evening/Night | Morning/Day/Evening/Night,Sun/Cloud/Rain | Sun/Cloud/Rain | Sun/Cloud/Rain,"Hot-spring Fishing Spot - Fishing Rod x1, Seat (any) x1, Hot-spring Water x1 | Uplifting Duckweed - Duckweed x4, Water x2 | Hydrated Red Tall Grass - Red Tall Grass x4, Water x2",All day,All weather,Water,Humid,"Lots of water, Lots of nature, Cleanliness, Containers, Noisy stuff, Dry flavors",Underwater capable,Water Weed Pokémon,Befriend by building habitat: Hydrated red tall grass (Common); Uplifting duckweed (Common); Hot-spring Fishing Spot (Common),https://www.serebii.net/pokemonpokopia/pokedex/lotad.shtml | https://bulbapedia.bulbagarden.net/wiki/List_of_Pok%C3%A9mon_by_Pok%C3%A9dex_number_in_Pok%C3%A9mon_Pokopia
Main #173,Main,173,271,Lombre,Lombre,,Lombre,Water,Grass,Withered Wastelands; Bleak Beach; Rocky Ridges; Sparkling Skylands; Palette Town; Cloud Island,Hydrated red tall grass | Hot-spring Fishing Spot,"Withered Wastelands, Bleak Beach, Rocky Ridges, Sparkling Skylands, Palette Town, Cloud Island | Withered Wastelands, Bleak Beach, Rocky Ridges, Sparkling Skylands, Palette Town, Cloud Island",Rare | Common,Morning/Day/Evening/Night | Morning/Day/Evening/Night,Sun/Cloud/Rain | Sun/Cloud/Rain,"Hot-spring Fishing Spot - Fishing Rod x1, Seat (any) x1, Hot-spring Water x1 | Hydrated Red Tall Grass - Red Tall Grass x4, Water x2",All day,All weather,Water,Humid,"Lots of water, Lots of nature, Cleanliness, Containers, Noisy stuff, Bitter flavors",Underwater capable,Jolly Pokémon,Befriend by building habitat: Hydrated red tall grass (Rare); Hot-spring Fishing Spot (Common),https://www.serebii.net/pokemonpokopia/pokedex/lombre.shtml | https://bulbapedia.bulbagarden.net/wiki/List_of_Pok%C3%A9mon_by_Pok%C3%A9dex_number_in_Pok%C3%A9mon_Pokopia
Main #174,Main,174,272,Ludicolo,Ludicolo,,Ludicolo,Water,Grass,Withered Wastelands; Bleak Beach; Rocky Ridges; Sparkling Skylands; Palette Town; Cloud Island,Uplifting duckweed,"Withered Wastelands, Bleak Beach, Rocky Ridges, Sparkling Skylands, Palette Town, Cloud Island",Rare,Morning/Day/Evening/Night,Sun/Cloud/Rain,"Uplifting Duckweed - Duckweed x4, Water x2",All day,All weather,"Water, Hype",Humid,"Lots of water, Lots of nature, Play spaces, Containers, Noisy stuff, Dry flavors",Underwater capable,Carefree Pokémon,Befriend by building habitat: Uplifting duckweed (Rare),https://www.serebii.net/pokemonpokopia/pokedex/ludicolo.shtml | https://bulbapedia.bulbagarden.net/wiki/List_of_Pok%C3%A9mon_by_Pok%C3%A9dex_number_in_Pok%C3%A9mon_Pokopia
Main #175,Main,175,303,Mawile,Mawile,,Mawile,Steel,Fairy,Palette Town; Cloud Island,Working the register,"Palette Town, Cloud Island",Common,Morning/Day/Evening/Night,Sun/Cloud/Rain,"Working the Register - Table (any) x2, Cash Register x1 (Palette Town Only)",All day,All weather,"Trade, Build",Bright,"Metal stuff, Cute stuff, Colorful stuff, Looks like food, Group Activities, Dry flavors",No,Deceiver Pokémon,Befriend by building habitat: Working the register (Common),https://www.serebii.net/pokemonpokopia/pokedex/mawile.shtml | https://bulbapedia.bulbagarden.net/wiki/List_of_Pok%C3%A9mon_by_Pok%C3%A9dex_number_in_Pok%C3%A9mon_Pokopia
Main #176,Main,176,324,Torkoal,Torkoal,,Torkoal,Fire,,Withered Wastelands; Bleak Beach; Rocky Ridges; Sparkling Skylands; Palette Town; Cloud Island,Mossy hot spring,"Withered Wastelands, Bleak Beach, Rocky Ridges, Sparkling Skylands, Palette Town, Cloud Island",Common,Morning/Day/Evening/Night,Sun/Cloud/Rain,"Moss x4, Hot-spring Water x2",All day,All weather,Burn,Warm,"Lots of fire, Stone stuff, Metal stuff, Hard stuff, Watching stuff, Dry flavors",No,Coal Pokémon,Befriend by building habitat: Mossy hot spring (Common),https://www.serebii.net/pokemonpokopia/pokedex/torkoal.shtml | https://bulbapedia.bulbagarden.net/wiki/List_of_Pok%C3%A9mon_by_Pok%C3%A9dex_number_in_Pok%C3%A9mon_Pokopia
Main #177,Main,177,401,Kricketot,Kricketot,,Kricketot,Bug,,Withered Wastelands; Bleak Beach; Rocky Ridges; Sparkling Skylands; Palette Town; Cloud Island,Red tall grass | Music and magazines,"Withered Wastelands, Bleak Beach, Rocky Ridges, Sparkling Skylands, Palette Town, Cloud Island | Withered Wastelands, Bleak Beach, Rocky Ridges, Sparkling Skylands, Palette Town, Cloud Island",Common | Common,Morning/Day/Evening/Night | Morning/Day/Evening/Night,Sun/Cloud/Rain | Sun/Cloud/Rain,"Music and Magazines - CD Player x1, CD Rack x1, Magazine Rack x1 | Red Tall Grass - Red Tall Grass x4",All day,All weather,Hype,Dark,"Lots of nature, Wooden stuff, Noisy stuff, Colorful stuff, Watching stuff, Bitter flavors",No,Cricket Pokémon,Befriend by building habitat: Red tall grass (Common); Music and magazines (Common),https://www.serebii.net/pokemonpokopia/pokedex/kricketot.shtml | https://bulbapedia.bulbagarden.net/wiki/List_of_Pok%C3%A9mon_by_Pok%C3%A9dex_number_in_Pok%C3%A9mon_Pokopia
Main #178,Main,178,402,Kricketune,Kricketune,,Kricketune,Bug,,Withered Wastelands; Bleak Beach; Rocky Ridges; Sparkling Skylands; Palette Town; Cloud Island,Red tall grass | Music and magazines,"Withered Wastelands, Bleak Beach, Rocky Ridges, Sparkling Skylands, Palette Town, Cloud Island | Withered Wastelands, Bleak Beach, Rocky Ridges, Sparkling Skylands, Palette Town, Cloud Island",Rare | Common,Morning/Day/Evening/Night | Morning/Day/Evening/Night,Sun/Cloud/Rain | Sun/Cloud/Rain,"Music and Magazines - CD Player x1, CD Rack x1, Magazine Rack x1 | Red Tall Grass - Red Tall Grass x4",All day,All weather,Hype,Dark,"Lots of nature, Wooden stuff, Noisy stuff, Colorful stuff, Watching stuff, Spicy flavors",No,Cricket Pokémon,Befriend by building habitat: Red tall grass (Rare); Music and magazines (Common),https://www.serebii.net/pokemonpokopia/pokedex/kricketune.shtml | https://bulbapedia.bulbagarden.net/wiki/List_of_Pok%C3%A9mon_by_Pok%C3%A9dex_number_in_Pok%C3%A9mon_Pokopia
Main #179,Main,179,441,Chatot,Chatot,,Chatot,Normal,Flying,Withered Wastelands; Bleak Beach; Rocky Ridges; Sparkling Skylands; Palette Town; Cloud Island,Elevated red tall grass | Chirping recital,"Withered Wastelands, Bleak Beach, Rocky Ridges, Sparkling Skylands, Palette Town, Cloud Island | Withered Wastelands, Bleak Beach, Rocky Ridges, Sparkling Skylands, Palette Town, Cloud Island",Common | Common,Morning/Day/Evening | Morning/Day/Evening,Sun/Cloud/Rain | Sun/Cloud/Rain,"Elevated Red Tall Grass - Red Tall Grass x4, High-up Location | Chirping Recital - Perch x1, Standing Mic x1",,,"Hype, Fly",Warm,"Nice breezes, Fabric, Slender objects, Play spaces, Noisy stuff, Sweet flavors",No,Music Note Pokémon,Befriend by building habitat: Elevated red tall grass (Common); Chirping recital (Common). Restrictions: Elevated red tall grass [time: Morning/Day/Evening]; Chirping recital [time: Morning/Day/Evening],https://www.serebii.net/pokemonpokopia/pokedex/chatot.shtml | https://bulbapedia.bulbagarden.net/wiki/List_of_Pok%C3%A9mon_by_Pok%C3%A9dex_number_in_Pok%C3%A9mon_Pokopia
Main #180,Main,180,447,Riolu,Riolu,,Riolu,Fighting,,Withered Wastelands; Bleak Beach; Rocky Ridges; Sparkling Skylands; Palette Town; Cloud Island,Red tall grass | Box to the rhythm,"Withered Wastelands, Bleak Beach, Rocky Ridges, Sparkling Skylands, Palette Town, Cloud Island | Withered Wastelands, Bleak Beach, Rocky Ridges, Sparkling Skylands, Palette Town, Cloud Island",Common | Common,Morning/Day/Evening/Night | Morning/Day/Evening/Night,Sun/Cloud/Rain | Sun/Cloud/Rain,"Box to the Rhythm - Punching Bag x1, Table (any) x1, CD Player x1 | Red Tall Grass - Red Tall Grass x4",All day,All weather,Build,Dark,"Exercise, Fabric, Construction, Gatherings, Watching stuff, Spicy flavors",No,Emanation Pokémon,Befriend by building habitat: Red tall grass (Common); Box to the rhythm (Common),https://www.serebii.net/pokemonpokopia/pokedex/riolu.shtml | https://bulbapedia.bulbagarden.net/wiki/List_of_Pok%C3%A9mon_by_Pok%C3%A9dex_number_in_Pok%C3%A9mon_Pokopia
Main #181,Main,181,448,Lucario,Lucario,,Lucario,Fighting,Steel,Withered Wastelands; Bleak Beach; Rocky Ridges; Sparkling Skylands; Palette Town; Cloud Island,Box to the rhythm,"Withered Wastelands, Bleak Beach, Rocky Ridges, Sparkling Skylands, Palette Town, Cloud Island",Common,Morning/Day/Evening/Night,Sun/Cloud/Rain,"Box to the Rhythm - Punching Bag x1, Table (any) x1, CD Player x1",All day,All weather,Build,Dark,"Exercise, Metal stuff, Construction, Complicated stuff, Healing, Dry flavors",No,Aura Pokémon,Befriend by building habitat: Box to the rhythm (Common),https://www.serebii.net/pokemonpokopia/pokedex/lucario.shtml | https://bulbapedia.bulbagarden.net/wiki/List_of_Pok%C3%A9mon_by_Pok%C3%A9dex_number_in_Pok%C3%A9mon_Pokopia
Main #182,Main,182,479,Rotom (Stereo Rotom / DJ Rotom),Rotom,Stereo Rotom,Stereo Rotom,Electric,Normal,Withered Wastelands; Bleak Beach; Rocky Ridges; Sparkling Skylands; Palette Town; Cloud Island,Music and magazines,"Withered Wastelands, Bleak Beach, Rocky Ridges, Sparkling Skylands, Palette Town, Cloud Island",Rare,Morning/Day/Evening/Night,Sun/Cloud/Rain,"Music and Magazines - CD Player x1, CD Rack x1, Magazine Rack x1",All day,All weather,DJ,Bright,"Shiny stuff, Glass stuff, Noisy stuff, Group Activities, Blocky stuff, Bitter flavors",No,Plasma Pokémon,Story NPC (Stereo Rotom / DJ Rotom); befriend by building habitat: Music and magazines (Rare),https://www.serebii.net/pokemonpokopia/pokedex/stereorotom.shtml | https://bulbapedia.bulbagarden.net/wiki/List_of_Pok%C3%A9mon_by_Pok%C3%A9dex_number_in_Pok%C3%A9mon_Pokopia
Main #183,Main,183,636,Larvesta,Larvesta,,Larvesta,Bug,Fire,Withered Wastelands; Bleak Beach; Rocky Ridges; Sparkling Skylands; Palette Town; Cloud Island,Tree-shaded graceful flower bed,"Withered Wastelands, Bleak Beach, Rocky Ridges, Sparkling Skylands, Palette Town, Cloud Island",Common,Morning/Day/Evening/Night,Sun/Cloud/Rain,"Tree-shaded Graceful Flower Bed - Mountain Flowers x4, Pointy Tree x1",All day,All weather,"Burn, Litter",Dry,"Lots of nature, Lots of fire, Sharp stuff, Wooden stuff, Symbols, Bitter flavors",No,Torch Pokémon,Befriend by building habitat: Tree-shaded graceful flower bed (Common),https://www.serebii.net/pokemonpokopia/pokedex/larvesta.shtml | https://bulbapedia.bulbagarden.net/wiki/List_of_Pok%C3%A9mon_by_Pok%C3%A9dex_number_in_Pok%C3%A9mon_Pokopia
Main #184,Main,184,637,Volcarona,Volcarona,,Volcarona,Bug,Fire,Withered Wastelands; Bleak Beach; Rocky Ridges; Sparkling Skylands; Palette Town; Cloud Island,Tree-shaded graceful flower bed | Piping-hot lava,"Withered Wastelands, Bleak Beach, Rocky Ridges, Sparkling Skylands, Palette Town, Cloud Island | Withered Wastelands, Bleak Beach, Rocky Ridges, Sparkling Skylands, Palette Town, Cloud Island",Very Rare | Rare,Morning/Day/Evening/Night | Morning/Day/Evening/Night,Sun/Cloud/Rain | Sun/Cloud/Rain,"Piping-hot Lava - Molten Rock x1, Lava x2 | Tree-shaded Graceful Flower Bed - Mountain Flowers x4, Pointy Tree x1",All day,All weather,"Burn, Litter",Dry,"Lots of nature, Lots of fire, Letters and words, Wooden stuff, Symbols, Dry flavors",No,Sun Pokémon,Befriend by building habitat: Tree-shaded graceful flower bed (Very Rare); Piping-hot lava (Rare),https://www.serebii.net/pokemonpokopia/pokedex/volcarona.shtml | https://bulbapedia.bulbagarden.net/wiki/List_of_Pok%C3%A9mon_by_Pok%C3%A9dex_number_in_Pok%C3%A9mon_Pokopia
Main #185,Main,185,722,Rowlet,Rowlet,,Rowlet,Grass,Flying,Palette Town; Cloud Island,Fresh Veggie Field,"Palette Town, Cloud Island",Common,Morning/Day/Evening/Night,Sun/Cloud/Rain,Fresh Veggie Field - Vegetable Field (any) x8 (Palette Town Only),All day,All weather,Grow,Dark,"Lots of nature, Wooden stuff, Nice breezes, Containers, Spinning stuff, Dry flavors",No,Grass Quill Pokémon,Befriend by building habitat: Fresh Veggie Field (Common),https://www.serebii.net/pokemonpokopia/pokedex/rowlet.shtml | https://bulbapedia.bulbagarden.net/wiki/List_of_Pok%C3%A9mon_by_Pok%C3%A9dex_number_in_Pok%C3%A9mon_Pokopia
Main #186,Main,186,723,Dartrix,Dartrix,,Dartrix,Grass,Flying,Withered Wastelands; Bleak Beach; Rocky Ridges; Sparkling Skylands; Palette Town; Cloud Island,Pointy tree-shaded rocky tall grass,"Withered Wastelands, Bleak Beach, Rocky Ridges, Sparkling Skylands, Palette Town, Cloud Island",Common,Morning/Day/Evening/Night,Sun/Cloud/Rain,"Pointy Tree-shaded Rocky Tall Grass - Pointy Tree x1, Red Tall Grass x4, Large Boulder x1",All day,All weather,"Grow, Chop",Dark,"Lots of nature, Wooden stuff, Nice breezes, Slender objects, Cleanliness, Sour flavors",No,Blade Quill Pokémon,Befriend by building habitat: Pointy tree-shaded rocky tall grass (Common),https://www.serebii.net/pokemonpokopia/pokedex/dartrix.shtml | https://bulbapedia.bulbagarden.net/wiki/List_of_Pok%C3%A9mon_by_Pok%C3%A9dex_number_in_Pok%C3%A9mon_Pokopia
Main #187,Main,187,724,Decidueye,Decidueye,,Decidueye,Grass,Ghost,Withered Wastelands; Bleak Beach; Rocky Ridges; Sparkling Skylands; Palette Town; Cloud Island,Pointy tree-shaded rocky tall grass | Modern living,"Withered Wastelands, Bleak Beach, Rocky Ridges, Sparkling Skylands, Palette Town, Cloud Island | Withered Wastelands, Bleak Beach, Rocky Ridges, Sparkling Skylands, Palette Town, Cloud Island",Very Rare | Rare,Morning/Day/Evening/Night | Morning/Day/Evening/Night,Sun/Cloud/Rain | Sun/Cloud/Rain,"Modern Living - Industrial Bed x1, Industrial Desk x1, Industrial Chair x1 | Pointy Tree-shaded Rocky Tall Grass - Pointy Tree x1, Red Tall Grass x4, Large Boulder x1",All day,All weather,"Grow, Chop",Dark,"Lots of nature, Spooky stuff, Wooden stuff, Nice breezes, Letters and words, Dry flavors",No,Arrow Quill Pokémon,Befriend by building habitat: Pointy tree-shaded rocky tall grass (Very Rare); Modern living (Rare),https://www.serebii.net/pokemonpokopia/pokedex/decidueye.shtml | https://bulbapedia.bulbagarden.net/wiki/List_of_Pok%C3%A9mon_by_Pok%C3%A9dex_number_in_Pok%C3%A9mon_Pokopia
Main #188,Main,188,813,Scorbunny,Scorbunny,,Scorbunny,Fire,,Withered Wastelands; Bleak Beach; Rocky Ridges; Sparkling Skylands; Palette Town; Cloud Island,Red tall grass,"Withered Wastelands, Bleak Beach, Rocky Ridges, Sparkling Skylands, Palette Town, Cloud Island",Common,Morning/Day/Evening/Night,Sun/Cloud/Rain,Red Tall Grass - Red Tall Grass x4,All day,All weather,Burn,Warm,"Lots of fire, Stone stuff, Soft stuff, Group Activities, Sharp stuff, Dry flavors",No,Rabbit Pokémon,Befriend by building habitat: Red tall grass (Common),https://www.serebii.net/pokemonpokopia/pokedex/scorbunny.shtml | https://bulbapedia.bulbagarden.net/wiki/List_of_Pok%C3%A9mon_by_Pok%C3%A9dex_number_in_Pok%C3%A9mon_Pokopia
Main #189,Main,189,814,Raboot,Raboot,,Raboot,Fire,,Withered Wastelands; Bleak Beach; Rocky Ridges; Sparkling Skylands; Palette Town; Cloud Island,Open-air bath | Refreshing locker room,"Withered Wastelands, Bleak Beach, Rocky Ridges, Sparkling Skylands, Palette Town, Cloud Island | Withered Wastelands, Bleak Beach, Rocky Ridges, Sparkling Skylands, Palette Town, Cloud Island",Common | Common,Morning/Day/Evening/Night | Morning/Day/Evening/Night,Sun/Cloud/Rain | Sun/Cloud/Rain,"Refreshing Locker Room - Office Locker x2, Potted Plant (any) x1, Seat (wide) x1, Punching Game x1 | Open-air Bath - Hot-srping Spout x1, Hot-srping water x2",All day,All weather,Burn,Warm,"Lots of fire, Stone stuff, Play spaces, Group Activities, Containers, Dry flavors",No,Rabbit Pokémon,Befriend by building habitat: Open-air bath (Common); Refreshing locker room (Common),https://www.serebii.net/pokemonpokopia/pokedex/raboot.shtml | https://bulbapedia.bulbagarden.net/wiki/List_of_Pok%C3%A9mon_by_Pok%C3%A9dex_number_in_Pok%C3%A9mon_Pokopia
Main #190,Main,190,815,Cinderace,Cinderace,,Cinderace,Fire,,Withered Wastelands; Bleak Beach; Rocky Ridges; Sparkling Skylands; Palette Town; Cloud Island,Red tall grass | Refreshing locker room,"Withered Wastelands, Bleak Beach, Rocky Ridges, Sparkling Skylands, Palette Town, Cloud Island | Withered Wastelands, Bleak Beach, Rocky Ridges, Sparkling Skylands, Palette Town, Cloud Island",Very Rare | Rare,Morning/Day/Evening/Night | Morning/Day/Evening/Night,Sun/Cloud/Rain | Sun/Cloud/Rain,"Refreshing Locker Room - Office Locker x2, Potted Plant (any) x1, Seat (wide) x1, Punching Game x1 | Red Tall Grass - Red Tall Grass x4",All day,All weather,"Burn, Hype",Warm,"Lots of fire, Stone stuff, Play spaces, Group Activities, Round stuff, Spicy flavors",No,Striker Pokémon,Befriend by building habitat: Red tall grass (Very Rare); Refreshing locker room (Rare),https://www.serebii.net/pokemonpokopia/pokedex/cinderace.shtml | https://bulbapedia.bulbagarden.net/wiki/List_of_Pok%C3%A9mon_by_Pok%C3%A9dex_number_in_Pok%C3%A9mon_Pokopia
Main #191,Main,191,819,Skwovet,Skwovet,,Skwovet,Normal,,Palette Town; Cloud Island,Tree-shaded tall grass,"Palette Town, Cloud Island",Common,Morning/Day/Evening/Night,Sun/Cloud/Rain,"Tree-shaded Tall Grass - Large Tree (any) x1, Tall Grass x4  (Palette Town Only)",All day,All weather,"Search, Hype",Warm,"Soft stuff, Wooden stuff, Watching stuff, Looks like food, Round stuff, Dry flavors",No,Cheeky Pokémon,Befriend by building habitat: Tree-shaded tall grass (Common),https://www.serebii.net/pokemonpokopia/pokedex/skwovet.shtml | https://bulbapedia.bulbagarden.net/wiki/List_of_Pok%C3%A9mon_by_Pok%C3%A9dex_number_in_Pok%C3%A9mon_Pokopia
Main #192,Main,192,820,Greedent (Chef Dente),Greedent,Cook,Greedent,Normal,,Withered Wastelands; Bleak Beach; Rocky Ridges; Sparkling Skylands; Palette Town; Cloud Island,Chef's kitchen,"Withered Wastelands, Bleak Beach, Rocky Ridges, Sparkling Skylands, Palette Town, Cloud Island",Common,Morning/Day/Evening/Night,Sun/Cloud/Rain,"Chef's Kitchen - Cooking Stove x1, Modern Sink x1, Plain Tabe x1, Stylish Cooking Pot x1, Cutting Board x1, Plated Food x1",All day,All weather,Party,Warm,"Soft stuff, Metal stuff, Group Activities, Looks like food, Luxury, Sweet flavors",No,Greedy Pokémon,Story NPC (Chef Dente); befriend by building habitat: Chef's kitchen (Common),https://www.serebii.net/pokemonpokopia/pokedex/greedent.shtml | https://bulbapedia.bulbagarden.net/wiki/List_of_Pok%C3%A9mon_by_Pok%C3%A9dex_number_in_Pok%C3%A9mon_Pokopia
Main #193,Main,193,837,Rolycoly,Rolycoly,,Rolycoly,Rock,,Withered Wastelands; Bleak Beach; Rocky Ridges; Sparkling Skylands; Palette Town; Cloud Island,Railroad crossing,"Withered Wastelands, Bleak Beach, Rocky Ridges, Sparkling Skylands, Palette Town, Cloud Island",Common,Morning/Day/Evening/Night,Sun/Cloud/Rain,"Railroad Crossing - Railway Track x1, Crossing gate x1",All day,All weather,"Burn, Gather",Warm,"Stone stuff, Lots of fire, Hard stuff, Metal stuff, Rides, Sour flavors",No,Coal Pokémon,Befriend by building habitat: Railroad crossing (Common),https://www.serebii.net/pokemonpokopia/pokedex/rolycoly.shtml | https://bulbapedia.bulbagarden.net/wiki/List_of_Pok%C3%A9mon_by_Pok%C3%A9dex_number_in_Pok%C3%A9mon_Pokopia
Main #194,Main,194,838,Carkol,Carkol,,Carkol,Rock,Fire,Withered Wastelands; Bleak Beach; Rocky Ridges; Sparkling Skylands; Palette Town; Cloud Island,Railroad crossing,"Withered Wastelands, Bleak Beach, Rocky Ridges, Sparkling Skylands, Palette Town, Cloud Island",Common,Morning/Day/Evening/Night,Sun/Cloud/Rain,"Railroad Crossing - Railway Track x1, Crossing gate x1",All day,All weather,"Burn, Gather",Warm,"Stone stuff, Lots of fire, Hard stuff, Metal stuff, Rides, Spicy flavors",No,Coal Pokémon,Befriend by building habitat: Railroad crossing (Common),https://www.serebii.net/pokemonpokopia/pokedex/carkol.shtml | https://bulbapedia.bulbagarden.net/wiki/List_of_Pok%C3%A9mon_by_Pok%C3%A9dex_number_in_Pok%C3%A9mon_Pokopia
Main #195,Main,195,839,Coalossal,Coalossal,,Coalossal,Rock,Fire,Withered Wastelands; Bleak Beach; Rocky Ridges; Sparkling Skylands; Palette Town; Cloud Island,Railroad crossing | Heavy iron,"Withered Wastelands, Bleak Beach, Rocky Ridges, Sparkling Skylands, Palette Town, Cloud Island | Withered Wastelands, Bleak Beach, Rocky Ridges, Sparkling Skylands, Palette Town, Cloud Island",Very Rare | Rare,Morning/Day/Evening/Night | Morning/Day/Evening/Night,Sun/Cloud/Rain | Sun/Cloud/Rain,"Railroad Crossing - Railway Track x1, Crossing gate x1 | Heavy Iron - Iron Bed x1, Iron Table x1, Iron Chair x1, Lantern x1",All day,All weather,"Burn, Gather",Warm,"Stone stuff, Lots of fire, Hard stuff, Metal stuff, Rides, Spicy flavors",No,Coal Pokémon,Befriend by building habitat: Railroad crossing (Very Rare); Heavy iron (Rare),https://www.serebii.net/pokemonpokopia/pokedex/coalossal.shtml | https://bulbapedia.bulbagarden.net/wiki/List_of_Pok%C3%A9mon_by_Pok%C3%A9dex_number_in_Pok%C3%A9mon_Pokopia
Main #196,Main,196,848,Toxel,Toxel,,Toxel,Electric,Poison,Rocky Ridges; Cloud Island,Lazy-photo album scrolling,"Rocky Ridges, Cloud Island",Common,Morning/Day/Evening/Night,Sun/Cloud/Rain,"Lazy Photo-album Scrolling - Tablet x1, Paper Party Cups x1",All day,All weather,Generate,Humid,"Electronics, Shiny stuff, Noisy stuff, Glass stuff, Garbage, Sweet flavors",No,Baby Pokémon,Befriend by building habitat: Lazy-photo album scrolling (Common),https://www.serebii.net/pokemonpokopia/pokedex/toxel.shtml | https://bulbapedia.bulbagarden.net/wiki/List_of_Pok%C3%A9mon_by_Pok%C3%A9dex_number_in_Pok%C3%A9mon_Pokopia
Main #197,Main,197,849,Toxtricity (Amped Form),Toxtricity,Amped Form,Toxtricity Amped Form,Electric,Poison,Withered Wastelands; Bleak Beach; Rocky Ridges; Sparkling Skylands; Palette Town; Cloud Island,Amped rock stage,"Withered Wastelands, Bleak Beach, Rocky Ridges, Sparkling Skylands, Palette Town, Cloud Island",Common,Morning/Day/Evening/Night,Sun/Cloud/Rain,"Amped / Low Key Rock Stage - Speaker x2, Small Stage x1, Standing Mic x1, Cool Electric Guitar OR Cool Bass Guitar x1",All day,All weather,"Generate, Hype",Humid,"Electronics, Play spaces, Noisy stuff, Slender objects, Sharp stuff, Spicy flavors",No,Punk Pokémon,Befriend by building habitat: Amped rock stage (Common),https://www.serebii.net/pokemonpokopia/pokedex/toxtricityampedform.shtml | https://bulbapedia.bulbagarden.net/wiki/List_of_Pok%C3%A9mon_by_Pok%C3%A9dex_number_in_Pok%C3%A9mon_Pokopia
Main #198,Main,198,926,Fidough,Fidough,,Fidough,Fairy,,Withered Wastelands; Bleak Beach; Rocky Ridges; Sparkling Skylands; Palette Town; Cloud Island,Graceful flower bed | Best bread bakery,"Withered Wastelands, Bleak Beach, Rocky Ridges, Sparkling Skylands, Palette Town, Cloud Island | Withered Wastelands, Bleak Beach, Rocky Ridges, Sparkling Skylands, Palette Town, Cloud Island",Common | Common,Morning/Day/Evening | Morning/Day/Evening,Sun/Cloud/Rain | Sun/Cloud/Rain,"Best Bread Bakery - Bread Oven x1, Counter x2, Plated Food x1 | Graceful Flower Bed - Mountain Flowers x4","Morning, Daytime, Evening",All weather,Search,Warm,"Cute stuff, Watching stuff, Soft stuff, Lots of fire, Letters and words, Sweet flavors",No,Puppy Pokémon,Befriend by building habitat: Graceful flower bed (Common); Best bread bakery (Common). Restrictions: Graceful flower bed [time: Morning/Day/Evening]; Best bread bakery [time: Morning/Day/Evening],https://www.serebii.net/pokemonpokopia/pokedex/fidough.shtml | https://bulbapedia.bulbagarden.net/wiki/List_of_Pok%C3%A9mon_by_Pok%C3%A9dex_number_in_Pok%C3%A9mon_Pokopia
Main #199,Main,199,927,Dachsbun,Dachsbun,,Dachsbun,Fairy,,Withered Wastelands; Bleak Beach; Rocky Ridges; Sparkling Skylands; Palette Town; Cloud Island,Graceful flower bed | Best bread bakery,"Withered Wastelands, Bleak Beach, Rocky Ridges, Sparkling Skylands, Palette Town, Cloud Island | Withered Wastelands, Bleak Beach, Rocky Ridges, Sparkling Skylands, Palette Town, Cloud Island",Rare | Rare,Morning/Day/Evening | Morning/Day/Evening,Sun/Cloud/Rain | Sun/Cloud/Rain,"Pointy Tree-shaded Rocky Tall Grass - Pointy Tree x1, Red Tall Grass x4, Large Boulder x1 | Graceful Flower Bed - Mountain Flowers x4","Morning, Daytime, Evening",All weather,"Search, Trade",Warm,"Cute stuff, Watching stuff, Group Activities, Lots of fire, Looks like food, Sour flavors",No,Dog Pokémon,Befriend by building habitat: Graceful flower bed (Rare); Best bread bakery (Rare). Restrictions: Graceful flower bed [time: Morning/Day/Evening]; Best bread bakery [time: Morning/Day/Evening],https://www.serebii.net/pokemonpokopia/pokedex/dachsbun.shtml | https://bulbapedia.bulbagarden.net/wiki/List_of_Pok%C3%A9mon_by_Pok%C3%A9dex_number_in_Pok%C3%A9mon_Pokopia
Main #200,Main,200,935,Charcadet,Charcadet,,Charcadet,Fire,,Withered Wastelands; Bleak Beach; Rocky Ridges; Sparkling Skylands; Palette Town; Cloud Island,Piping-hot lava,"Withered Wastelands, Bleak Beach, Rocky Ridges, Sparkling Skylands, Palette Town, Cloud Island",Common,Morning/Day/Evening/Night,Sun/Cloud/Rain,"Best Bread Bakery - Bread Oven x1, Counter x2, Plated Food x1",All day,All weather,Burn,Warm,"Lots of fire, Stone stuff, Strange stuff, Exercise, Luxury, Sweet flavors",No,Fire Child Pokémon,Befriend by building habitat: Piping-hot lava (Common),https://www.serebii.net/pokemonpokopia/pokedex/charcadet.shtml | https://bulbapedia.bulbagarden.net/wiki/List_of_Pok%C3%A9mon_by_Pok%C3%A9dex_number_in_Pok%C3%A9mon_Pokopia
Main #201,Main,201,936,Armarouge,Armarouge,,Armarouge,Fire,Psychic,Withered Wastelands; Bleak Beach; Rocky Ridges; Sparkling Skylands; Palette Town; Cloud Island,Auspicious knight's shrine,"Withered Wastelands, Bleak Beach, Rocky Ridges, Sparkling Skylands, Palette Town, Cloud Island",Rare,Morning/Day/Evening/Night,Sun/Cloud/Rain,"Auspicious Knight's Shrine - Pedestal / Exhibition Stand x1, Auspicious Armor x1, Stepping Stones x2, Firepit x2",All day,All weather,"Burn, Trade",Warm,"Lots of fire, Stone stuff, Strange stuff, Exercise, Luxury, Spicy flavors",No,Fire Warrior Pokémon,Befriend by building habitat: Auspicious knight's shrine (Rare),https://www.serebii.net/pokemonpokopia/pokedex/armarouge.shtml | https://bulbapedia.bulbagarden.net/wiki/List_of_Pok%C3%A9mon_by_Pok%C3%A9dex_number_in_Pok%C3%A9mon_Pokopia
Main #202,Main,202,937,Ceruledge,Ceruledge,,Ceruledge,Fire,Ghost,Withered Wastelands; Bleak Beach; Rocky Ridges; Sparkling Skylands; Palette Town; Cloud Island,Malicious knight's shrine,"Withered Wastelands, Bleak Beach, Rocky Ridges, Sparkling Skylands, Palette Town, Cloud Island",Common,Morning/Day/Evening/Night,Sun/Cloud/Rain,"Malicious Knight's Shrine - Pedestal / Exhibition Stand x1, Malicious Armor x1, Stepping Stones x2, Firepit x2",All day,All weather,"Burn, Trade",Warm,"Lots of fire, Stone stuff, Spooky stuff, Strange stuff, Luxury, Bitter flavors",No,Fire Blades Pokémon,Befriend by building habitat: Malicious knight's shrine (Common),https://www.serebii.net/pokemonpokopia/pokedex/ceruledge.shtml | https://bulbapedia.bulbagarden.net/wiki/List_of_Pok%C3%A9mon_by_Pok%C3%A9dex_number_in_Pok%C3%A9mon_Pokopia
Main #203,Main,203,969,Glimmet,Glimmet,,Glimmet,Rock,Poison,Withered Wastelands; Bleak Beach; Rocky Ridges; Sparkling Skylands; Palette Town; Cloud Island,Creepy white rocks | Container snacking,"Withered Wastelands, Bleak Beach, Rocky Ridges, Sparkling Skylands, Palette Town, Cloud Island | Withered Wastelands, Bleak Beach, Rocky Ridges, Sparkling Skylands, Palette Town, Cloud Island",Common | Common,Morning/Day/Evening/Night | Morning/Day/Evening/Night,Sun/Cloud/Rain | Sun/Cloud/Rain,"Creepy White Rocks - Stalagmites x1, Moss x4, Wooden Crate x1, Lantern x1 | Container Snacking - Barrel x1, Wooden Crate x1, Lantern x1, Plated Food x1",All day,All weather,Litter,Dark,"Stone stuff, Hard stuff, Garbage, Shiny stuff, Complicated stuff, Bitter flavors",No,Ore Pokémon,Befriend by building habitat: Creepy white rocks (Common); Container snacking (Common),https://www.serebii.net/pokemonpokopia/pokedex/glimmet.shtml | https://bulbapedia.bulbagarden.net/wiki/List_of_Pok%C3%A9mon_by_Pok%C3%A9dex_number_in_Pok%C3%A9mon_Pokopia
Main #204,Main,204,970,Glimmora,Glimmora,,Glimmora,Rock,Poison,Withered Wastelands; Bleak Beach; Rocky Ridges; Sparkling Skylands; Palette Town; Cloud Island,Creepy white rocks | Container snacking,"Withered Wastelands, Bleak Beach, Rocky Ridges, Sparkling Skylands, Palette Town, Cloud Island | Withered Wastelands, Bleak Beach, Rocky Ridges, Sparkling Skylands, Palette Town, Cloud Island",Rare | Common,Morning/Day/Evening/Night | Morning/Day/Evening/Night,Sun/Cloud/Rain | Sun/Cloud/Rain,"Container Snacking - Barrel x1, Wooden Crate x1, Lantern x1, Plated Food x1 | Creepy White Rocks - Stalagmites x1, Moss x4, Wooden Crate x1, Lantern x1",All day,All weather,Litter,Dark,"Stone stuff, Hard stuff, Garbage, Shiny stuff, Complicated stuff, Bitter flavors",No,Ore Pokémon,Befriend by building habitat: Creepy white rocks (Rare); Container snacking (Common),https://www.serebii.net/pokemonpokopia/pokedex/glimmora.shtml | https://bulbapedia.bulbagarden.net/wiki/List_of_Pok%C3%A9mon_by_Pok%C3%A9dex_number_in_Pok%C3%A9mon_Pokopia
Main #205,Main,205,999,Gimmighoul,Gimmighoul,,Gimmighoul,Ghost,,Withered Wastelands; Bleak Beach; Rocky Ridges; Sparkling Skylands; Palette Town; Cloud Island,Mini museum,"Withered Wastelands, Bleak Beach, Rocky Ridges, Sparkling Skylands, Palette Town, Cloud Island",Common,Morning/Day/Evening/Night,Sun/Cloud/Rain,"Mini Museum - Post (any) x3, Pedestal / Exhibition Stand x1, Lost Relic (large) x1",All day,All weather,Collect,Dark,"Spooky stuff, Metal stuff, Strange stuff, Shiny stuff, Complicated stuff, Bitter flavors",No,Coin Chest Pokémon,Befriend by building habitat: Mini museum (Common),https://www.serebii.net/pokemonpokopia/pokedex/gimmighoul.shtml | https://bulbapedia.bulbagarden.net/wiki/List_of_Pok%C3%A9mon_by_Pok%C3%A9dex_number_in_Pok%C3%A9mon_Pokopia
Main #206,Main,206,1000,Gholdengo,Gholdengo,,Gholdengo,Steel,Ghost,Withered Wastelands; Bleak Beach; Rocky Ridges; Sparkling Skylands; Palette Town; Cloud Island,Absolute luxury,"Withered Wastelands, Bleak Beach, Rocky Ridges, Sparkling Skylands, Palette Town, Cloud Island",Rare,Morning/Day/Evening/Night,Sun/Cloud/Rain,"Absolute Luxury - Luxury Bed x1, Lxury Sofa x1, Luxury Lamp x1, Luxury Table x1",All day,All weather,Collect,Bright,"Spooky stuff, Metal stuff, Strange stuff, Shiny stuff, Complicated stuff, Dry flavors",No,Coin Entity Pokémon,Befriend by building habitat: Absolute luxury (Rare),https://www.serebii.net/pokemonpokopia/pokedex/gholdengo.shtml | https://bulbapedia.bulbagarden.net/wiki/List_of_Pok%C3%A9mon_by_Pok%C3%A9dex_number_in_Pok%C3%A9mon_Pokopia
Main #207,Main,207,37,Vulpix,Vulpix,,Vulpix,Fire,,Withered Wastelands; Bleak Beach; Rocky Ridges; Sparkling Skylands; Palette Town; Cloud Island,Fluffy flower bed,"Withered Wastelands, Bleak Beach, Rocky Ridges, Sparkling Skylands, Palette Town, Cloud Island",Common,Morning/Day/Evening/Night,Sun/Cloud/Rain,Fluffy Flower Bed - Skyland Flowers x4,All day,All weather,Burn,Warm,"Lots of fire, Soft stuff, Cute stuff, Round stuff, Pretty flowers, Bitter flavors",No,Fox Pokémon,Befriend by building habitat: Fluffy flower bed (Common),https://www.serebii.net/pokemonpokopia/pokedex/vulpix.shtml | https://bulbapedia.bulbagarden.net/wiki/List_of_Pok%C3%A9mon_by_Pok%C3%A9dex_number_in_Pok%C3%A9mon_Pokopia
Main #208,Main,208,38,Ninetales,Ninetales,,Ninetales,Fire,,Withered Wastelands; Bleak Beach; Rocky Ridges; Sparkling Skylands; Palette Town; Cloud Island,Fluffy flower bed | Nine flames,"Withered Wastelands, Bleak Beach, Rocky Ridges, Sparkling Skylands, Palette Town, Cloud Island | Withered Wastelands, Bleak Beach, Rocky Ridges, Sparkling Skylands, Palette Town, Cloud Island",Rare | Common,Morning/Day/Evening/Night | Morning/Day/Evening/Night,Sun/Cloud/Rain | Sun/Cloud/Rain,Nine Flames - Firepit x9 | Fluffy Flower Bed - Skyland Flowers x4,All day,All weather,Burn,Warm,"Lots of fire, Soft stuff, Watching stuff, Luxury, Pretty flowers, Dry flavors",No,Fox Pokémon,Befriend by building habitat: Fluffy flower bed (Rare); Nine flames (Common),https://www.serebii.net/pokemonpokopia/pokedex/ninetales.shtml | https://bulbapedia.bulbagarden.net/wiki/List_of_Pok%C3%A9mon_by_Pok%C3%A9dex_number_in_Pok%C3%A9mon_Pokopia
Main #209,Main,209,60,Poliwag,Poliwag,,Poliwag,Water,,Withered Wastelands; Bleak Beach; Rocky Ridges; Sparkling Skylands; Palette Town; Cloud Island,Squeaky clean,"Withered Wastelands, Bleak Beach, Rocky Ridges, Sparkling Skylands, Palette Town, Cloud Island",Common,Morning/Day/Evening/Night,Sun/Cloud/Rain,"Squeaky Clean - Bathtub x1, Cleaning Supplies x1",All day,All weather,Water,Humid,"Lots of water, Cleanliness, Round stuff, Rides, Spinning stuff, Sweet flavors",Underwater capable,Tadpole Pokémon,Befriend by building habitat: Squeaky clean (Common),https://www.serebii.net/pokemonpokopia/pokedex/poliwag.shtml | https://bulbapedia.bulbagarden.net/wiki/List_of_Pok%C3%A9mon_by_Pok%C3%A9dex_number_in_Pok%C3%A9mon_Pokopia
Main #210,Main,210,61,Poliwhirl,Poliwhirl,,Poliwhirl,Water,,Withered Wastelands; Bleak Beach; Rocky Ridges; Sparkling Skylands; Palette Town; Cloud Island,Hydrated fluffy flower bed,"Withered Wastelands, Bleak Beach, Rocky Ridges, Sparkling Skylands, Palette Town, Cloud Island",Rare,Morning/Day/Evening/Night,Sun/Cloud/Rain,"Hydrated Fluffy Flower Bed - Skyland Flowers x4, Water x2",All day,All weather,Water,Humid,"Lots of water, Cleanliness, Lots of nature, Exercise, Spinning stuff, Bitter flavors",Underwater capable,Tadpole Pokémon,Befriend by building habitat: Hydrated fluffy flower bed (Rare),https://www.serebii.net/pokemonpokopia/pokedex/poliwhirl.shtml | https://bulbapedia.bulbagarden.net/wiki/List_of_Pok%C3%A9mon_by_Pok%C3%A9dex_number_in_Pok%C3%A9mon_Pokopia
Main #211,Main,211,62,Poliwrath,Poliwrath,,Poliwrath,Water,Fighting,Withered Wastelands; Bleak Beach; Rocky Ridges; Sparkling Skylands; Palette Town; Cloud Island,Sewer hole inspection | Dojo training,"Withered Wastelands, Bleak Beach, Rocky Ridges, Sparkling Skylands, Palette Town, Cloud Island | Withered Wastelands, Bleak Beach, Rocky Ridges, Sparkling Skylands, Palette Town, Cloud Island", | Common,Morning/Day/Evening/Night | Morning/Day/Evening/Night,Sun/Cloud/Rain | Sun/Cloud/Rain,"Dojo Training - Hanging Scroll x2, Strength Rock x2 | Sewer-hole Inspection - Iron Pipes x1, Sewer-hole Cover x1, Excavation Tools x1, Traffic Cone x1",All day,All weather,"Water, Build",Humid,"Lots of water, Cleanliness, Construction, Exercise, Group Activities, Spicy flavors",Underwater capable,Tadpole Pokémon,Befriend by building habitat: Sewer hole inspection; Dojo training (Common),https://www.serebii.net/pokemonpokopia/pokedex/poliwrath.shtml | https://bulbapedia.bulbagarden.net/wiki/List_of_Pok%C3%A9mon_by_Pok%C3%A9dex_number_in_Pok%C3%A9mon_Pokopia
Main #212,Main,212,186,Politoed,Politoed,,Politoed,Water,,Withered Wastelands; Bleak Beach; Rocky Ridges; Sparkling Skylands; Palette Town; Cloud Island,Hydrated graceful flower bed | Flower garden stump stage | Harmonious hot spring,"Withered Wastelands, Bleak Beach, Rocky Ridges, Sparkling Skylands, Palette Town, Cloud Island | Withered Wastelands, Bleak Beach, Rocky Ridges, Sparkling Skylands, Palette Town, Cloud Island | Withered Wastelands, Bleak Beach, Rocky Ridges, Sparkling Skylands, Palette Town, Cloud Island",Rare | Rare | Common,Morning/Day/Evening/Night | Morning/Day/Evening/Night | Morning/Day/Evening/Night,Sun/Cloud/Rain | Sun/Cloud/Rain | Sun/Cloud/Rain,"Harmonious Hot Spring - Hot-spring Spot x1, Water basin x12, Hot-spring Water x2 | Flower Garden Stump Stage - Mountain Flowers x4. Tree Stump (any) x1, Mushroom Lamp x2 | Hydrated Graceful Flower Bed - Moutain Flowers x4, Water x2",All day,All weather,"Water, Hype",Humid,"Lots of water, Play spaces, Noisy stuff, Gatherings, Group Activities, Sour flavors",Underwater capable,Frog Pokémon,Befriend by building habitat: Hydrated graceful flower bed (Rare); Flower garden stump stage (Rare); Harmonious hot spring (Common),https://www.serebii.net/pokemonpokopia/pokedex/politoed.shtml | https://bulbapedia.bulbagarden.net/wiki/List_of_Pok%C3%A9mon_by_Pok%C3%A9dex_number_in_Pok%C3%A9mon_Pokopia
Main #213,Main,213,63,Abra,Abra,,Abra,Psychic,,Withered Wastelands; Bleak Beach; Rocky Ridges; Sparkling Skylands; Palette Town; Cloud Island,Surging psychic power | Fortune-teller's table,"Withered Wastelands, Bleak Beach, Rocky Ridges, Sparkling Skylands, Palette Town, Cloud Island | Withered Wastelands, Bleak Beach, Rocky Ridges, Sparkling Skylands, Palette Town, Cloud Island",Common | Common,Morning/Day/Evening/Night | Morning/Day/Evening/Night,Sun/Cloud/Rain | Sun/Cloud/Rain,"Fortune-teller's Table - Seat (any) x1, Table (any) x1, Crystal Ball x1 | Surging Psychic Power - Simple Cushion x1, Crystal Ball x1",All day,All weather,Teleport,Dark,"Strange stuff, Wobbly stuff, Metal stuff, Soft stuff, Watching stuff, Dry flavors",No,Psi Pokémon,Befriend by building habitat: Surging psychic power (Common); Fortune-teller's table (Common),https://www.serebii.net/pokemonpokopia/pokedex/abra.shtml | https://bulbapedia.bulbagarden.net/wiki/List_of_Pok%C3%A9mon_by_Pok%C3%A9dex_number_in_Pok%C3%A9mon_Pokopia
Main #214,Main,214,64,Kadabra,Kadabra,,Kadabra,Psychic,,Withered Wastelands; Bleak Beach; Rocky Ridges; Sparkling Skylands; Palette Town; Cloud Island,Fortune-teller's table,"Withered Wastelands, Bleak Beach, Rocky Ridges, Sparkling Skylands, Palette Town, Cloud Island",Rare,Morning/Day/Evening/Night,Sun/Cloud/Rain,"Fortune-teller's Table - Seat (any) x1, Table (any) x1, Crystal Ball x1",All day,All weather,Teleport,Dark,"Strange stuff, Wobbly stuff, Metal stuff, Containers, Watching stuff, Dry flavors",No,Psi Pokémon,Befriend by building habitat: Fortune-teller's table (Rare),https://www.serebii.net/pokemonpokopia/pokedex/kadabra.shtml | https://bulbapedia.bulbagarden.net/wiki/List_of_Pok%C3%A9mon_by_Pok%C3%A9dex_number_in_Pok%C3%A9mon_Pokopia
Main #215,Main,215,65,Alakazam,Alakazam,,Alakazam,Psychic,,Sparkling Skylands; Cloud Island,Surging psychic power | Experiment Space,"Sparkling Skylands, Cloud Island | Sparkling Skylands, Cloud Island",Rare | Common,Morning/Day/Evening/Night | Morning/Day/Evening/Night,Sun/Cloud/Rain | Sun/Cloud/Rain,"Experiment Space - Science Experiment x1, Microscope x1, Papers x1 | Surging Psychic Power - Simple Cushion x1, Crystal Ball x1",All day,All weather,"Teleport, Trade",Dark,"Strange stuff, Wobbly stuff, Metal stuff, Letters and words, Watching stuff, Bitter flavors",No,Psi Pokémon,Befriend by building habitat: Surging psychic power (Rare); Experiment Space (Common),https://www.serebii.net/pokemonpokopia/pokedex/alakazam.shtml | https://bulbapedia.bulbagarden.net/wiki/List_of_Pok%C3%A9mon_by_Pok%C3%A9dex_number_in_Pok%C3%A9mon_Pokopia
Main #216,Main,216,439,Mime Jr.,Mime Jr.,,Mime Jr.,Psychic,Fairy,Withered Wastelands; Bleak Beach; Rocky Ridges; Sparkling Skylands; Palette Town; Cloud Island,Spotless Washing station | Public reading material,"Withered Wastelands, Bleak Beach, Rocky Ridges, Sparkling Skylands, Palette Town, Cloud Island | Withered Wastelands, Bleak Beach, Rocky Ridges, Sparkling Skylands, Palette Town, Cloud Island",Common | Common,Morning/Day/Evening/Night | Morning/Day/Evening/Night,Sun/Cloud/Rain | Sun/Cloud/Rain,"Spotless Washing Station - Towel Rack x1, Wall Mirror x1, Sink x1 | Public Reading Material - Magazine Rack x1, Newspaper x1",All day,All weather,Gather,Bright,"Strange stuff, Cute stuff, Rides, Play spaces, Colorful stuff, Sweet flavors",No,Mime Pokémon,Befriend by building habitat: Spotless Washing station (Common); Public reading material (Common),https://www.serebii.net/pokemonpokopia/pokedex/mimejr..shtml | https://bulbapedia.bulbagarden.net/wiki/List_of_Pok%C3%A9mon_by_Pok%C3%A9dex_number_in_Pok%C3%A9mon_Pokopia
Main #217,Main,217,122,Mr. Mime,Mr. Mime,,Mr. Mime,Psychic,Fairy,Withered Wastelands; Bleak Beach; Rocky Ridges; Sparkling Skylands; Palette Town; Cloud Island,Spotless Washing station,"Withered Wastelands, Bleak Beach, Rocky Ridges, Sparkling Skylands, Palette Town, Cloud Island",Common,Morning/Day/Evening/Night,Sun/Cloud/Rain,"Spotless Washing Station - Towel Rack x1, Wall Mirror x1, Sink x1",All day,All weather,"Gather, Build",Bright,"Strange stuff, Cute stuff, Rides, Wobbly stuff, Watching stuff, Bitter flavors",No,Barrier Pokémon,Befriend by building habitat: Spotless Washing station (Common),https://www.serebii.net/pokemonpokopia/pokedex/mr.mime.shtml | https://bulbapedia.bulbagarden.net/wiki/List_of_Pok%C3%A9mon_by_Pok%C3%A9dex_number_in_Pok%C3%A9mon_Pokopia
Main #218,Main,218,137,Porygon,Porygon,,Porygon,Normal,,Withered Wastelands; Bleak Beach; Rocky Ridges; Sparkling Skylands; Palette Town; Cloud Island,Researcher's desk,"Withered Wastelands, Bleak Beach, Rocky Ridges, Sparkling Skylands, Palette Town, Cloud Island",Common,Morning/Day/Evening/Night,Sun/Cloud/Rain,"Work Desk - Office Desk x1, Mug x1, Laptop x1, Office Chair x1",All day,All weather,Recycle,Bright,"Soft stuff, Strange stuff, Blocky stuff, Construction, Colorful stuff, Bitter flavors",No,Virtual Pokémon,Befriend by building habitat: Researcher's desk (Common),https://www.serebii.net/pokemonpokopia/pokedex/porygon.shtml | https://bulbapedia.bulbagarden.net/wiki/List_of_Pok%C3%A9mon_by_Pok%C3%A9dex_number_in_Pok%C3%A9mon_Pokopia
Main #219,Main,219,233,Porygon2,Porygon2,,Porygon2,Normal,,Withered Wastelands; Bleak Beach; Rocky Ridges; Sparkling Skylands; Palette Town; Cloud Island,Work desk,"Withered Wastelands, Bleak Beach, Rocky Ridges, Sparkling Skylands, Palette Town, Cloud Island",Rare,Morning/Day/Evening/Night,Sun/Cloud/Rain,"Work Desk - Office Desk x1, Mug x1, Laptop x1, Office Chair x1",All day,All weather,Recycle,Bright,"Soft stuff, Strange stuff, Round stuff, Construction, Colorful stuff, Sour flavors",No,Virtual Pokémon,Befriend by building habitat: Work desk (Rare),https://www.serebii.net/pokemonpokopia/pokedex/porygon2.shtml | https://bulbapedia.bulbagarden.net/wiki/List_of_Pok%C3%A9mon_by_Pok%C3%A9dex_number_in_Pok%C3%A9mon_Pokopia
Main #220,Main,220,474,Porygon-Z,Porygon-Z,,Porygon-Z,Normal,,Withered Wastelands; Bleak Beach; Rocky Ridges; Sparkling Skylands; Palette Town; Cloud Island,Game Corner battle zone,"Withered Wastelands, Bleak Beach, Rocky Ridges, Sparkling Skylands, Palette Town, Cloud Island",Rare,Morning/Day/Evening/Night,Sun/Cloud/Rain,"Game Corner Battle Zone - Arcade Machine x2, Seat (any) x2",All day,All weather,Rarify,Bright,"Soft stuff, Strange stuff, Fabric, Watching stuff, Colorful stuff, Dry flavors",No,Virtual Pokémon,Befriend by building habitat: Game Corner battle zone (Rare),https://www.serebii.net/pokemonpokopia/pokedex/porygon-z.shtml | https://bulbapedia.bulbagarden.net/wiki/List_of_Pok%C3%A9mon_by_Pok%C3%A9dex_number_in_Pok%C3%A9mon_Pokopia
Main #221,Main,221,147,Dratini,Dratini,,Dratini,Dragon,,Withered Wastelands; Bleak Beach; Rocky Ridges; Sparkling Skylands; Palette Town; Cloud Island,Hydrated fluffy flower bed | Simple bathroom,"Withered Wastelands, Bleak Beach, Rocky Ridges, Sparkling Skylands, Palette Town, Cloud Island | Withered Wastelands, Bleak Beach, Rocky Ridges, Sparkling Skylands, Palette Town, Cloud Island",Common | Common,Morning/Day/Evening/Night | Morning/Day/Evening/Night,Sun/Cloud/Rain | Sun/Cloud/Rain,"Hydrated Fluffy Flower Bed - Skyland Flowers x4, Water x2 | Simple Bathroom - Shower x1, Bathtub x1",All day,All weather,Water,Humid,"Lots of water, Lots of fire, Cleanliness, Cute stuff, Slender objects, Sweet flavors",Underwater capable,Dragon Pokémon,Befriend by building habitat: Hydrated fluffy flower bed (Common); Simple bathroom (Common),https://www.serebii.net/pokemonpokopia/pokedex/dratini.shtml | https://bulbapedia.bulbagarden.net/wiki/List_of_Pok%C3%A9mon_by_Pok%C3%A9dex_number_in_Pok%C3%A9mon_Pokopia
Main #222,Main,222,148,Dragonair,Dragonair,,Dragonair,Dragon,,Withered Wastelands; Bleak Beach; Rocky Ridges; Sparkling Skylands; Palette Town; Cloud Island,Hydrated fluffy flower bed | Simple bathroom,"Withered Wastelands, Bleak Beach, Rocky Ridges, Sparkling Skylands, Palette Town, Cloud Island | Withered Wastelands, Bleak Beach, Rocky Ridges, Sparkling Skylands, Palette Town, Cloud Island",Very Rare | Rare,Morning/Day/Evening/Night | Morning/Day/Evening/Night,Sun/Cloud/Rain | Sun/Cloud/Rain,"Simple Bathroom - Shower x1, Bathtub x1 | Hydrated Fluffy Flower Bed - Skyland Flowers x4, Water x2",All day,All weather,Water,Humid,"Lots of water, Lots of fire, Cleanliness, Glass stuff, Slender objects, Sweet flavors",Underwater capable,Dragon Pokémon,Befriend by building habitat: Hydrated fluffy flower bed (Very Rare); Simple bathroom (Rare),https://www.serebii.net/pokemonpokopia/pokedex/dragonair.shtml | https://bulbapedia.bulbagarden.net/wiki/List_of_Pok%C3%A9mon_by_Pok%C3%A9dex_number_in_Pok%C3%A9mon_Pokopia
Main #223,Main,223,149,Dragonite,Dragonite,,Dragonite,Dragon,Flying,Withered Wastelands; Bleak Beach; Rocky Ridges; Sparkling Skylands; Palette Town; Cloud Island,Waterside dinghy,"Withered Wastelands, Bleak Beach, Rocky Ridges, Sparkling Skylands, Palette Town, Cloud Island",Common,Morning/Day/Evening/Night,Sun/Cloud/Rain,"Waterside Dinghy - Canoe x1, Duckweed x2, Water x2, High-up Location",All day,All weather,"Water, Fly",Humid,"Lots of fire, Nice breezes, Cleanliness, Symbols, Pretty flowers, Dry flavors",No,Dragon Pokémon,Befriend by building habitat: Waterside dinghy (Common),https://www.serebii.net/pokemonpokopia/pokedex/dragonite.shtml | https://bulbapedia.bulbagarden.net/wiki/List_of_Pok%C3%A9mon_by_Pok%C3%A9dex_number_in_Pok%C3%A9mon_Pokopia
Main #224,Main,224,155,Cyndaquil,Cyndaquil,,Cyndaquil,Fire,,Withered Wastelands; Bleak Beach; Rocky Ridges; Sparkling Skylands; Palette Town; Cloud Island,Concrete pipe secret base,"Withered Wastelands, Bleak Beach, Rocky Ridges, Sparkling Skylands, Palette Town, Cloud Island",Common,Morning/Day/Evening/Night,Sun/Cloud/Rain,"Concrete Pipe Secret Base - Concrete Pipe x2, Tall Grass (any) x4 | Fireplace Nap Spot - Stone Fireplace x1, Seat (wide) x1",All day,All weather,Burn,Warm,"Lots of fire, Fabric, Slender objects, Metal stuff, Rides, Sweet flavors",No,Fire Mouse Pokémon,Befriend by building habitat: Concrete pipe secret base (Common),https://www.serebii.net/pokemonpokopia/pokedex/cyndaquil.shtml | https://bulbapedia.bulbagarden.net/wiki/List_of_Pok%C3%A9mon_by_Pok%C3%A9dex_number_in_Pok%C3%A9mon_Pokopia
Main #225,Main,225,156,Quilava,Quilava,,Quilava,Fire,,Withered Wastelands; Bleak Beach; Rocky Ridges; Sparkling Skylands; Palette Town; Cloud Island,Concrete pipe secret base | Fireplace nap spot,"Withered Wastelands, Bleak Beach, Rocky Ridges, Sparkling Skylands, Palette Town, Cloud Island | Withered Wastelands, Bleak Beach, Rocky Ridges, Sparkling Skylands, Palette Town, Cloud Island",Common | Common,Morning/Day/Evening/Night | Morning/Day/Evening/Night,Sun/Cloud/Rain | Sun/Cloud/Rain,"Fireplace Nap Spot - Stone Fireplace x1, Seat (wide) x1 | Concrete Pipe Secret Base - Concrete Pipe x2, Tall Grass (any) x4",All day,All weather,Burn,Warm,"Lots of fire, Fabric, Slender objects, Metal stuff, Rides, Sweet flavors",No,Volcano Pokémon,Befriend by building habitat: Concrete pipe secret base (Common); Fireplace nap spot (Common),https://www.serebii.net/pokemonpokopia/pokedex/quilava.shtml | https://bulbapedia.bulbagarden.net/wiki/List_of_Pok%C3%A9mon_by_Pok%C3%A9dex_number_in_Pok%C3%A9mon_Pokopia
Main #226,Main,226,157,Typhlosion,Typhlosion,,Typhlosion,Fire,,Withered Wastelands; Bleak Beach; Rocky Ridges; Sparkling Skylands; Palette Town; Cloud Island,Fireplace nap spot | Top pop,"Withered Wastelands, Bleak Beach, Rocky Ridges, Sparkling Skylands, Palette Town, Cloud Island | Withered Wastelands, Bleak Beach, Rocky Ridges, Sparkling Skylands, Palette Town, Cloud Island",Rare | Rare,Morning/Day/Evening/Night | Morning/Day/Evening/Night,Sun/Cloud/Rain | Sun/Cloud/Rain,"Top Pop - Pop Art Bed x1, Pop Art Sofa x1, Pop Art Table x1 | Fireplace Nap Spot - Stone Fireplace x1, Seat (wide) x1",All day,All weather,"Burn, Trade",Warm,"Lots of fire, Fabric, Slender objects, Metal stuff, Rides, Dry flavors",No,Volcano Pokémon,Befriend by building habitat: Fireplace nap spot (Rare); Top pop (Rare),https://www.serebii.net/pokemonpokopia/pokedex/typhlosion.shtml | https://bulbapedia.bulbagarden.net/wiki/List_of_Pok%C3%A9mon_by_Pok%C3%A9dex_number_in_Pok%C3%A9mon_Pokopia
Main #227,Main,227,200,Misdreavus,Misdreavus,,Misdreavus,Ghost,,Withered Wastelands; Bleak Beach; Rocky Ridges; Sparkling Skylands; Palette Town; Cloud Island,Fluffy flower bed | Office storeroom,"Withered Wastelands, Bleak Beach, Rocky Ridges, Sparkling Skylands, Palette Town, Cloud Island | Withered Wastelands, Bleak Beach, Rocky Ridges, Sparkling Skylands, Palette Town, Cloud Island",Common | Common,Night | Night,Sun/Cloud/Rain | Sun/Cloud/Rain,"Fluffy Flower Bed - Skyland Flowers x4 | Office Storeroom - Office Shelf x1, Step Stool x1, Cardboard Boxes x1",Nighttime,All weather,Trade,Dark,"Spooky stuff, Strange stuff, Shiny stuff, Colorful stuff, Watching stuff, Dry flavors",No,Screech Pokémon,Befriend by building habitat: Fluffy flower bed (Common); Office storeroom (Common). Restrictions: Fluffy flower bed [time: Night]; Office storeroom [time: Night],https://www.serebii.net/pokemonpokopia/pokedex/misdreavus.shtml | https://bulbapedia.bulbagarden.net/wiki/List_of_Pok%C3%A9mon_by_Pok%C3%A9dex_number_in_Pok%C3%A9mon_Pokopia
Main #228,Main,228,429,Mismagius,Mismagius,,Mismagius,Ghost,,Withered Wastelands; Bleak Beach; Rocky Ridges; Sparkling Skylands; Palette Town; Cloud Island,Fluffy flower bed | Home theater | Office storeroom,"Withered Wastelands, Bleak Beach, Rocky Ridges, Sparkling Skylands, Palette Town, Cloud Island | Withered Wastelands, Bleak Beach, Rocky Ridges, Sparkling Skylands, Palette Town, Cloud Island | Withered Wastelands, Bleak Beach, Rocky Ridges, Sparkling Skylands, Palette Town, Cloud Island",Very Rare | Rare | Rare,Night | Night | Night,Sun/Cloud/Rain | Sun/Cloud/Rain | Sun/Cloud/Rain,"Home Theatre - Television x1, Stand (any) x1, Speakers x2 | Office Storeroom - Office Shelf x1, Step Stool x1, Cardboard Boxes x1 | Fluffy Flower Bed - Skyland Flowers x4",Nighttime,All weather,"Gather, Trade",Dark,"Spooky stuff, Strange stuff, Noisy stuff, Wobbly stuff, Group Activities, Bitter flavors",No,Magical Pokémon,Befriend by building habitat: Fluffy flower bed (Very Rare); Home theater (Rare); Office storeroom (Rare). Restrictions: Fluffy flower bed [time: Night]; Home theater [time: Night]; Office storeroom [time: Night],https://www.serebii.net/pokemonpokopia/pokedex/mismagius.shtml | https://bulbapedia.bulbagarden.net/wiki/List_of_Pok%C3%A9mon_by_Pok%C3%A9dex_number_in_Pok%C3%A9mon_Pokopia
Main #229,Main,229,203,Girafarig,Girafarig,,Girafarig,Normal,Psychic,Withered Wastelands; Bleak Beach; Rocky Ridges; Sparkling Skylands; Palette Town; Cloud Island,Tree-shaded fluffy flower bed,"Withered Wastelands, Bleak Beach, Rocky Ridges, Sparkling Skylands, Palette Town, Cloud Island",Common,Morning/Day/Evening/Night,Sun/Cloud/Rain,"Tree-shaded Fluffy Flower Bed - Large Tree (any) x1, Skyland Flowers x4",All day,All weather,Gather,Warm,"Soft stuff, Strange stuff, Rides, Watching stuff, Slender objects, Sour flavors",No,Long Neck Pokémon,Befriend by building habitat: Tree-shaded fluffy flower bed (Common),https://www.serebii.net/pokemonpokopia/pokedex/girafarig.shtml | https://bulbapedia.bulbagarden.net/wiki/List_of_Pok%C3%A9mon_by_Pok%C3%A9dex_number_in_Pok%C3%A9mon_Pokopia
Main #230,Main,230,981,Farigiraf,Farigiraf,,Farigiraf,Normal,Psychic,Withered Wastelands; Bleak Beach; Rocky Ridges; Sparkling Skylands; Palette Town; Cloud Island,Tree-shaded fluffy flower bed,"Withered Wastelands, Bleak Beach, Rocky Ridges, Sparkling Skylands, Palette Town, Cloud Island",Rare,Morning/Day/Evening/Night,Sun/Cloud/Rain,"Tree-shaded Fluffy Flower Bed - Large Tree (any) x1, Skyland Flowers x4",All day,All weather,"Gather, Search",Warm,"Soft stuff, Strange stuff, Rides, Watching stuff, Slender objects, Sour flavors",No,Long Neck Pokémon,Befriend by building habitat: Tree-shaded fluffy flower bed (Rare),https://www.serebii.net/pokemonpokopia/pokedex/farigiraf.shtml | https://bulbapedia.bulbagarden.net/wiki/List_of_Pok%C3%A9mon_by_Pok%C3%A9dex_number_in_Pok%C3%A9mon_Pokopia
Main #231,Main,231,280,Ralts,Ralts,,Ralts,Psychic,Fairy,Withered Wastelands; Bleak Beach; Rocky Ridges; Sparkling Skylands; Palette Town; Cloud Island,Study Area,"Withered Wastelands, Bleak Beach, Rocky Ridges, Sparkling Skylands, Palette Town, Cloud Island",Common,Morning/Day/Evening/Night,Sun/Cloud/Rain,"Study Area - Bookcase x1, Seat (any) x1, Table (any) x1, Pencil Holder x1",All day,All weather,Teleport,Bright,"Strange stuff, Cute stuff, Healing, Watching stuff, Symbols, Sweet flavors",No,Feeling Pokémon,Befriend by building habitat: Study Area (Common),https://www.serebii.net/pokemonpokopia/pokedex/ralts.shtml | https://bulbapedia.bulbagarden.net/wiki/List_of_Pok%C3%A9mon_by_Pok%C3%A9dex_number_in_Pok%C3%A9mon_Pokopia
Main #232,Main,232,281,Kirlia,Kirlia,,Kirlia,Psychic,Fairy,Withered Wastelands; Bleak Beach; Rocky Ridges; Sparkling Skylands; Palette Town; Cloud Island,Study Area | Moisturizing makeup stand,"Withered Wastelands, Bleak Beach, Rocky Ridges, Sparkling Skylands, Palette Town, Cloud Island | Withered Wastelands, Bleak Beach, Rocky Ridges, Sparkling Skylands, Palette Town, Cloud Island",Rare | Common,Morning/Day/Evening/Night | Morning/Day/Evening/Night,Sun/Cloud/Rain | Sun/Cloud/Rain,"Moisturizing Makeup Stand - Dresser (any) x1, Seat (any) x1, Humidifier x1 | Study Area - Bookcase x1, Seat (any) x1, Table (any) x1, Pencil Holder x1",All day,All weather,Teleport,Bright,"Strange stuff, Cute stuff, Healing, Watching stuff, Symbols, Sweet flavors",No,Emotion Pokémon,Befriend by building habitat: Study Area (Rare); Moisturizing makeup stand (Common),https://www.serebii.net/pokemonpokopia/pokedex/kirlia.shtml | https://bulbapedia.bulbagarden.net/wiki/List_of_Pok%C3%A9mon_by_Pok%C3%A9dex_number_in_Pok%C3%A9mon_Pokopia
Main #233,Main,233,282,Gardevoir,Gardevoir,,Gardevoir,Psychic,Fairy,Withered Wastelands; Bleak Beach; Rocky Ridges; Sparkling Skylands; Palette Town; Cloud Island,Moisturizing makeup stand | Mini library,"Withered Wastelands, Bleak Beach, Rocky Ridges, Sparkling Skylands, Palette Town, Cloud Island | Withered Wastelands, Bleak Beach, Rocky Ridges, Sparkling Skylands, Palette Town, Cloud Island",Rare | Rare,Morning/Day/Evening/Night | Morning/Day/Evening/Night,Sun/Cloud/Rain | Sun/Cloud/Rain,"Mini Library - Bookcase x2, Step Stool x1, Table (any) x1, Lighting (any) x1 | Moisturizing Makeup Stand - Dresser (any) x1, Seat (any) x1, Humidifier x1",All day,All weather,"Teleport, Trade",Bright,"Strange stuff, Luxury, Healing, Watching stuff, Symbols, Sour flavors",No,Embrace Pokémon,Befriend by building habitat: Moisturizing makeup stand (Rare); Mini library (Rare),https://www.serebii.net/pokemonpokopia/pokedex/gardevoir.shtml | https://bulbapedia.bulbagarden.net/wiki/List_of_Pok%C3%A9mon_by_Pok%C3%A9dex_number_in_Pok%C3%A9mon_Pokopia
Main #234,Main,234,475,Gallade,Gallade,,Gallade,Psychic,Fighting,Withered Wastelands; Bleak Beach; Rocky Ridges; Sparkling Skylands; Palette Town; Cloud Island,Dojo training,"Withered Wastelands, Bleak Beach, Rocky Ridges, Sparkling Skylands, Palette Town, Cloud Island",Rare,Morning/Day/Evening/Night,Sun/Cloud/Rain,"Dojo Training - Hanging Scroll x2, Strength Rock x2",All day,All weather,"Teleport, Build",Bright,"Strange stuff, Exercise, Healing, Construction, Fabric, Spicy flavors",No,Blade Pokémon,Befriend by building habitat: Dojo training (Rare),https://www.serebii.net/pokemonpokopia/pokedex/gallade.shtml | https://bulbapedia.bulbagarden.net/wiki/List_of_Pok%C3%A9mon_by_Pok%C3%A9dex_number_in_Pok%C3%A9mon_Pokopia
Main #235,Main,235,311,Plusle,Plusle,,Plusle,Electric,,Withered Wastelands; Bleak Beach; Rocky Ridges; Sparkling Skylands; Palette Town; Cloud Island,Picturesque photo cutout board,"Withered Wastelands, Bleak Beach, Rocky Ridges, Sparkling Skylands, Palette Town, Cloud Island",Rare,Morning/Day/Evening/Night,Sun/Cloud/Rain,"Picturesque Photo Cutout Board - Photo Cutout Board x1, Spotlight x2, High-up location",All day,All weather,Generate,Bright,"Electronics, Glass stuff, Soft stuff, Cute stuff, Group Activities, Sweet flavors",No,Cheering Pokémon,Befriend by building habitat: Picturesque photo cutout board (Rare),https://www.serebii.net/pokemonpokopia/pokedex/plusle.shtml | https://bulbapedia.bulbagarden.net/wiki/List_of_Pok%C3%A9mon_by_Pok%C3%A9dex_number_in_Pok%C3%A9mon_Pokopia
Main #236,Main,236,312,Minun,Minun,,Minun,Electric,,Withered Wastelands; Bleak Beach; Rocky Ridges; Sparkling Skylands; Palette Town; Cloud Island,Picturesque photo cutout board,"Withered Wastelands, Bleak Beach, Rocky Ridges, Sparkling Skylands, Palette Town, Cloud Island",Rare,Morning/Day/Evening/Night,Sun/Cloud/Rain,"Picturesque Photo Cutout Board - Photo Cutout Board x1, Spotlight x2, High-up location",All day,All weather,Generate,Bright,"Electronics, Glass stuff, Soft stuff, Cute stuff, Group Activities, Spicy flavors",No,Cheering Pokémon,Befriend by building habitat: Picturesque photo cutout board (Rare),https://www.serebii.net/pokemonpokopia/pokedex/minun.shtml | https://bulbapedia.bulbagarden.net/wiki/List_of_Pok%C3%A9mon_by_Pok%C3%A9dex_number_in_Pok%C3%A9mon_Pokopia
Main #237,Main,237,328,Trapinch,Trapinch,,Trapinch,Ground,,Withered Wastelands; Bleak Beach; Rocky Ridges; Sparkling Skylands; Palette Town; Cloud Island,Pink tall grass,"Withered Wastelands, Bleak Beach, Rocky Ridges, Sparkling Skylands, Palette Town, Cloud Island",Common,Morning/Day/Evening/Night,Sun/Cloud/Rain,Pink Tall Grass - Pink Tall Grass x4,All day,All weather,"Bulldoze, Litter",Dry,"Lots of dirt, Hard stuff, Strange stuff, Watching stuff, Exercise, Spicy flavors",No,Ant Pit Pokémon,Befriend by building habitat: Pink tall grass (Common),https://www.serebii.net/pokemonpokopia/pokedex/trapinch.shtml | https://bulbapedia.bulbagarden.net/wiki/List_of_Pok%C3%A9mon_by_Pok%C3%A9dex_number_in_Pok%C3%A9mon_Pokopia
Main #238,Main,238,329,Vibrava,Vibrava,,Vibrava,Ground,Dragon,Withered Wastelands; Bleak Beach; Rocky Ridges; Sparkling Skylands; Palette Town; Cloud Island,Pink tall grass,"Withered Wastelands, Bleak Beach, Rocky Ridges, Sparkling Skylands, Palette Town, Cloud Island",Rare,Morning/Day/Evening/Night,Sun/Cloud/Rain,Pink Tall Grass - Pink Tall Grass x4,All day,All weather,"Bulldoze, Fly",Dry,"Lots of dirt, Lots of fire, Lots of nature, Luxury, Noisy stuff, Bitter flavors",No,Vibration Pokémon,Befriend by building habitat: Pink tall grass (Rare),https://www.serebii.net/pokemonpokopia/pokedex/vibrava.shtml | https://bulbapedia.bulbagarden.net/wiki/List_of_Pok%C3%A9mon_by_Pok%C3%A9dex_number_in_Pok%C3%A9mon_Pokopia
Main #239,Main,239,330,Flygon,Flygon,,Flygon,Ground,Dragon,Withered Wastelands; Bleak Beach; Rocky Ridges; Sparkling Skylands; Palette Town; Cloud Island,Pink tall grass,"Withered Wastelands, Bleak Beach, Rocky Ridges, Sparkling Skylands, Palette Town, Cloud Island",Rare,Morning/Day/Evening/Night,Sun/Cloud/Rain,Pink Tall Grass - Pink Tall Grass x4,All day,All weather,"Bulldoze, Fly",Dry,"Lots of dirt, Lots of fire, Lots of nature, Stone stuff, Wooden stuff, Sour flavors",No,Mystic Pokémon,Befriend by building habitat: Pink tall grass (Rare),https://www.serebii.net/pokemonpokopia/pokedex/flygon.shtml | https://bulbapedia.bulbagarden.net/wiki/List_of_Pok%C3%A9mon_by_Pok%C3%A9dex_number_in_Pok%C3%A9mon_Pokopia
Main #240,Main,240,333,Swablu,Swablu,,Swablu,Normal,Flying,Withered Wastelands; Bleak Beach; Rocky Ridges; Sparkling Skylands; Palette Town; Cloud Island,Pink tall grass,"Withered Wastelands, Bleak Beach, Rocky Ridges, Sparkling Skylands, Palette Town, Cloud Island",Common,Morning/Day/Evening/Night,Sun/Cloud/Rain,Pink Tall Grass - Pink Tall Grass x4,All day,All weather,Litter,Bright,"Soft stuff, Nice breezes, Cute stuff, Watching stuff, Cleanliness, Sweet flavors",No,Cotton Bird Pokémon,Befriend by building habitat: Pink tall grass (Common),https://www.serebii.net/pokemonpokopia/pokedex/swablu.shtml | https://bulbapedia.bulbagarden.net/wiki/List_of_Pok%C3%A9mon_by_Pok%C3%A9dex_number_in_Pok%C3%A9mon_Pokopia
Main #241,Main,241,334,Altaria,Altaria,,Altaria,Dragon,Flying,Withered Wastelands; Bleak Beach; Rocky Ridges; Sparkling Skylands; Palette Town; Cloud Island,Birdsong garden,"Withered Wastelands, Bleak Beach, Rocky Ridges, Sparkling Skylands, Palette Town, Cloud Island",Common,Morning/Day/Evening/Night,Sun/Cloud/Rain,"Birdsong Garden - Stylish Hedge x1, Wooden Birdhouse x1",All day,All weather,"Litter, Fly",Bright,"Soft stuff, Nice breezes, Cute stuff, Watching stuff, Noisy stuff, Sour flavors",No,Humming Pokémon,Befriend by building habitat: Birdsong garden (Common),https://www.serebii.net/pokemonpokopia/pokedex/altaria.shtml | https://bulbapedia.bulbagarden.net/wiki/List_of_Pok%C3%A9mon_by_Pok%C3%A9dex_number_in_Pok%C3%A9mon_Pokopia
Main #242,Main,242,355,Duskull,Duskull,,Duskull,Ghost,,Withered Wastelands; Bleak Beach; Rocky Ridges; Sparkling Skylands; Palette Town; Cloud Island,Pink tall grass,"Withered Wastelands, Bleak Beach, Rocky Ridges, Sparkling Skylands, Palette Town, Cloud Island",Common,Night,Sun/Cloud/Rain,Pink Tall Grass - Pink Tall Grass x4,Nighttime,All weather,Gather,Dark,"Spooky stuff, Strange stuff, Rides, Glass stuff, Fabric, Bitter flavors",No,Requiem Pokémon,Befriend by building habitat: Pink tall grass (Common). Restrictions: Pink tall grass [time: Night],https://www.serebii.net/pokemonpokopia/pokedex/duskull.shtml | https://bulbapedia.bulbagarden.net/wiki/List_of_Pok%C3%A9mon_by_Pok%C3%A9dex_number_in_Pok%C3%A9mon_Pokopia
Main #243,Main,243,356,Dusclops,Dusclops,,Dusclops,Ghost,,Withered Wastelands; Bleak Beach; Rocky Ridges; Sparkling Skylands; Palette Town; Cloud Island,Trash site TV,"Withered Wastelands, Bleak Beach, Rocky Ridges, Sparkling Skylands, Palette Town, Cloud Island",Rare,Night,Sun/Cloud/Rain,"Trash Site TV - Garbage Bags x2, Television x1",Nighttime,All weather,Gather,Dark,"Spooky stuff, Strange stuff, Rides, Soft stuff, Containers, Sour flavors",No,Beckon Pokémon,Befriend by building habitat: Trash site TV (Rare). Restrictions: Trash site TV [time: Night],https://www.serebii.net/pokemonpokopia/pokedex/dusclops.shtml | https://bulbapedia.bulbagarden.net/wiki/List_of_Pok%C3%A9mon_by_Pok%C3%A9dex_number_in_Pok%C3%A9mon_Pokopia
Main #244,Main,244,477,Dusknoir,Dusknoir,,Dusknoir,Ghost,,Withered Wastelands; Bleak Beach; Rocky Ridges; Sparkling Skylands; Palette Town; Cloud Island,Trash site TV,"Withered Wastelands, Bleak Beach, Rocky Ridges, Sparkling Skylands, Palette Town, Cloud Island",Rare,Night,Sun/Cloud/Rain,"Trash Site TV - Garbage Bags x2, Television x1",Nighttime,All weather,"Gather, Trade",Dark,"Spooky stuff, Strange stuff, Rides, Group Activities, Containers, Bitter flavors",No,Gripper Pokémon,Befriend by building habitat: Trash site TV (Rare). Restrictions: Trash site TV [time: Night],https://www.serebii.net/pokemonpokopia/pokedex/dusknoir.shtml | https://bulbapedia.bulbagarden.net/wiki/List_of_Pok%C3%A9mon_by_Pok%C3%A9dex_number_in_Pok%C3%A9mon_Pokopia
Main #245,Main,245,374,Beldum,Beldum,,Beldum,Steel,Psychic,Withered Wastelands; Bleak Beach; Rocky Ridges; Sparkling Skylands; Palette Town; Cloud Island,Cycling rest stop,"Withered Wastelands, Bleak Beach, Rocky Ridges, Sparkling Skylands, Palette Town, Cloud Island",Common,Morning/Day/Evening/Night,Sun/Cloud/Rain,"Cycling Rest Stop - Bike x1, Vending Machine x1",All day,All weather,Recycle,Cool,"Metal stuff, Strange stuff, Hard stuff, Complicated stuff, Stone stuff, Sour flavors",No,Iron Ball Pokémon,Befriend by building habitat: Cycling rest stop (Common),https://www.serebii.net/pokemonpokopia/pokedex/beldum.shtml | https://bulbapedia.bulbagarden.net/wiki/List_of_Pok%C3%A9mon_by_Pok%C3%A9dex_number_in_Pok%C3%A9mon_Pokopia
Main #246,Main,246,375,Metang,Metang,,Metang,Steel,Psychic,Withered Wastelands; Bleak Beach; Rocky Ridges; Sparkling Skylands; Palette Town; Cloud Island,Professor's apprentice program,"Withered Wastelands, Bleak Beach, Rocky Ridges, Sparkling Skylands, Palette Town, Cloud Island",Common,Morning/Day/Evening/Night,Sun/Cloud/Rain,"Professor's Apprentice Program - Whiteboard x1, Table (any) x1. Jumbled Cords x1, Laptop x1",All day,All weather,Recycle,Cool,"Metal stuff, Strange stuff, Hard stuff, Complicated stuff, Stone stuff, Bitter flavors",No,Iron Claw Pokémon,Befriend by building habitat: Professor's apprentice program (Common),https://www.serebii.net/pokemonpokopia/pokedex/metang.shtml | https://bulbapedia.bulbagarden.net/wiki/List_of_Pok%C3%A9mon_by_Pok%C3%A9dex_number_in_Pok%C3%A9mon_Pokopia
Main #247,Main,247,376,Metagross,Metagross,,Metagross,Steel,Psychic,Withered Wastelands; Bleak Beach; Rocky Ridges; Sparkling Skylands; Palette Town; Cloud Island,Gamer's paradise,"Withered Wastelands, Bleak Beach, Rocky Ridges, Sparkling Skylands, Palette Town, Cloud Island",Rare,Morning/Day/Evening/Night,Sun/Cloud/Rain,"Gamer's Paradise - Gaming Bed x1, Table (any) x1, Gaming PC x1, Gaming Fridge x1, Gaming Chair x1",All day,All weather,"Recycle, Crush",Cool,"Metal stuff, Strange stuff, Hard stuff, Exercise, Luxury, Dry flavors",No,Iron Leg Pokémon,Befriend by building habitat: Gamer's paradise (Rare),https://www.serebii.net/pokemonpokopia/pokedex/metagross.shtml | https://bulbapedia.bulbagarden.net/wiki/List_of_Pok%C3%A9mon_by_Pok%C3%A9dex_number_in_Pok%C3%A9mon_Pokopia
Main #248,Main,248,495,Snivy,Snivy,,Snivy,Grass,,Withered Wastelands; Bleak Beach; Rocky Ridges; Sparkling Skylands; Palette Town; Cloud Island,Playland,"Withered Wastelands, Bleak Beach, Rocky Ridges, Sparkling Skylands, Palette Town, Cloud Island",Common,Morning/Day/Evening/Night,Sun/Cloud/Rain,"Playland - Slide x1, Toy (any) x1",All day,All weather,"Grow, Litter",Humid,"Lots of nature, Wooden stuff, Lots of water, Wobbly stuff, Shiny stuff, Sour flavors",No,Grass Snake Pokémon,Befriend by building habitat: Playland (Common),https://www.serebii.net/pokemonpokopia/pokedex/snivy.shtml | https://bulbapedia.bulbagarden.net/wiki/List_of_Pok%C3%A9mon_by_Pok%C3%A9dex_number_in_Pok%C3%A9mon_Pokopia
Main #249,Main,249,496,Servine,Servine,,Servine,Grass,,Withered Wastelands; Bleak Beach; Rocky Ridges; Sparkling Skylands; Palette Town; Cloud Island,Tree-shaded fluffy flower bed,"Withered Wastelands, Bleak Beach, Rocky Ridges, Sparkling Skylands, Palette Town, Cloud Island",Rare,Morning/Day/Evening/Night,Sun/Cloud/Rain,"Tree-shaded Fluffy Flower Bed - Large Tree (any) x1, Skyland Flowers x4",All day,All weather,"Grow, Litter",Humid,"Lots of nature, Wooden stuff, Lots of water, Cleanliness, Shiny stuff, Bitter flavors",No,Grass Snake Pokémon,Befriend by building habitat: Tree-shaded fluffy flower bed (Rare),https://www.serebii.net/pokemonpokopia/pokedex/servine.shtml | https://bulbapedia.bulbagarden.net/wiki/List_of_Pok%C3%A9mon_by_Pok%C3%A9dex_number_in_Pok%C3%A9mon_Pokopia
Main #250,Main,250,497,Serperior,Serperior,,Serperior,Grass,,Withered Wastelands; Bleak Beach; Rocky Ridges; Sparkling Skylands; Palette Town; Cloud Island,Tree-shaded fluffy flower bed | Public reading material,"Withered Wastelands, Bleak Beach, Rocky Ridges, Sparkling Skylands, Palette Town, Cloud Island | Withered Wastelands, Bleak Beach, Rocky Ridges, Sparkling Skylands, Palette Town, Cloud Island",Very Rare | Rare,Morning/Day/Evening/Night | Morning/Day/Evening/Night,Sun/Cloud/Rain | Sun/Cloud/Rain,"Public Reading Material - Magazine Rack x1, Newspaper x1 | Tree-shaded Fluffy Flower Bed - Large Tree (any) x1, Skyland Flowers x4",All day,All weather,"Grow, Litter",Humid,"Lots of nature, Wooden stuff, Lots of water, Containers, Slender objects, Dry flavors",No,Regal Pokémon,Befriend by building habitat: Tree-shaded fluffy flower bed (Very Rare); Public reading material (Rare),https://www.serebii.net/pokemonpokopia/pokedex/serperior.shtml | https://bulbapedia.bulbagarden.net/wiki/List_of_Pok%C3%A9mon_by_Pok%C3%A9dex_number_in_Pok%C3%A9mon_Pokopia
Main #251,Main,251,656,Froakie,Froakie,,Froakie,Water,,Withered Wastelands; Bleak Beach; Rocky Ridges; Sparkling Skylands; Palette Town; Cloud Island,Hydrated pink tall grass,"Withered Wastelands, Bleak Beach, Rocky Ridges, Sparkling Skylands, Palette Town, Cloud Island",Common,Morning/Day/Evening/Night,Sun/Cloud/Rain,"Hydrated Pink Tall Grass - Pink Tall Grass x4, Water x2",All day,All weather,Water,Humid,"Lots of water, Ocean vibes, Cleanliness, Watching stuff, Containers, Spicy flavors",Underwater capable,Bubble Frog Pokémon,Befriend by building habitat: Hydrated pink tall grass (Common),https://www.serebii.net/pokemonpokopia/pokedex/froakie.shtml | https://bulbapedia.bulbagarden.net/wiki/List_of_Pok%C3%A9mon_by_Pok%C3%A9dex_number_in_Pok%C3%A9mon_Pokopia
Main #252,Main,252,657,Frogadier,Frogadier,,Frogadier,Water,,Withered Wastelands; Bleak Beach; Rocky Ridges; Sparkling Skylands; Palette Town; Cloud Island,Hydrated pink tall grass | Prank button,"Withered Wastelands, Bleak Beach, Rocky Ridges, Sparkling Skylands, Palette Town, Cloud Island | Withered Wastelands, Bleak Beach, Rocky Ridges, Sparkling Skylands, Palette Town, Cloud Island",Common | Rare,Morning/Day/Evening/Night | Morning/Day/Evening/Night,Sun/Cloud/Rain | Sun/Cloud/Rain,"Prank Button - Floor Switch x1, Boo-in-the-Box x1 | Hydrated Pink Tall Grass - Pink Tall Grass x4, Water x2",All day,All weather,Water,Humid,"Lots of water, Ocean vibes, Cleanliness, Watching stuff, Exercise, Spicy flavors",Underwater capable,Bubble Frog Pokémon,Befriend by building habitat: Hydrated pink tall grass (Common); Prank button (Rare),https://www.serebii.net/pokemonpokopia/pokedex/frogadier.shtml | https://bulbapedia.bulbagarden.net/wiki/List_of_Pok%C3%A9mon_by_Pok%C3%A9dex_number_in_Pok%C3%A9mon_Pokopia
Main #253,Main,253,658,Greninja,Greninja,,Greninja,Water,Dark,Withered Wastelands; Bleak Beach; Rocky Ridges; Sparkling Skylands; Palette Town; Cloud Island,Hydrated pink tall grass | Prank button,"Withered Wastelands, Bleak Beach, Rocky Ridges, Sparkling Skylands, Palette Town, Cloud Island | Withered Wastelands, Bleak Beach, Rocky Ridges, Sparkling Skylands, Palette Town, Cloud Island",Rare | Rare,Morning/Day/Evening/Night | Morning/Day/Evening/Night,Sun/Cloud/Rain | Sun/Cloud/Rain,"Prank Button - Floor Switch x1, Boo-in-the-Box x1 | Hydrated Pink Tall Grass - Pink Tall Grass x4, Water x2",All day,All weather,"Water, Chop",Humid,"Lots of water, Ocean vibes, Cleanliness, Shiny stuff, Exercise, Bitter flavors",Underwater capable,Ninja Pokémon,Befriend by building habitat: Hydrated pink tall grass (Rare); Prank button (Rare),https://www.serebii.net/pokemonpokopia/pokedex/greninja.shtml | https://bulbapedia.bulbagarden.net/wiki/List_of_Pok%C3%A9mon_by_Pok%C3%A9dex_number_in_Pok%C3%A9mon_Pokopia
Main #254,Main,254,702,Dedenne,Dedenne,,Dedenne,Electric,Fairy,Sparkling Skylands; Cloud Island,Tire Park,"Sparkling Skylands, Cloud Island",Common,Morning/Day/Evening/Night,Sun/Cloud/Rain,"Tire Park - Slide x1, Tires x1, Tire Toy x2",All day,All weather,Search,Bright,"Electronics, Cute stuff, Watching stuff, Group Activities, Looks like food, Sweet flavors",No,Antenna Pokémon,Befriend by building habitat: Tire Park (Common),https://www.serebii.net/pokemonpokopia/pokedex/dedenne.shtml | https://bulbapedia.bulbagarden.net/wiki/List_of_Pok%C3%A9mon_by_Pok%C3%A9dex_number_in_Pok%C3%A9mon_Pokopia
Main #255,Main,255,714,Noibat,Noibat,,Noibat,Flying,Dragon,Withered Wastelands; Bleak Beach; Rocky Ridges; Sparkling Skylands; Palette Town; Cloud Island,Rhythmic Living room,"Withered Wastelands, Bleak Beach, Rocky Ridges, Sparkling Skylands, Palette Town, Cloud Island",Common,Morning/Day/Evening/Night,Sun/Cloud/Rain,"Rhythmic Living Room - Speaker x2, Music Mat (any) x4, Television x1",All day,All weather,Search,Dark,"Nice breezes, Lots of fire, Watching stuff, Luxury, Looks like food, Spicy flavors",No,Sound Wave Pokémon,Befriend by building habitat: Rhythmic Living room (Common),https://www.serebii.net/pokemonpokopia/pokedex/noibat.shtml | https://bulbapedia.bulbagarden.net/wiki/List_of_Pok%C3%A9mon_by_Pok%C3%A9dex_number_in_Pok%C3%A9mon_Pokopia
Main #256,Main,256,715,Noivern,Noivern,,Noivern,Flying,Dragon,Withered Wastelands; Bleak Beach; Rocky Ridges; Sparkling Skylands; Palette Town; Cloud Island,Rhythmic Living room,"Withered Wastelands, Bleak Beach, Rocky Ridges, Sparkling Skylands, Palette Town, Cloud Island",Rare,Morning/Day/Evening/Night,Sun/Cloud/Rain,"Rhythmic Living Room - Speaker x2, Music Mat (any) x4, Television x1",All day,All weather,"Search, Fly",Dark,"Nice breezes, Lots of fire, Watching stuff, Play spaces, Looks like food, Dry flavors",No,Sound Wave Pokémon,Befriend by building habitat: Rhythmic Living room (Rare),https://www.serebii.net/pokemonpokopia/pokedex/noivern.shtml | https://bulbapedia.bulbagarden.net/wiki/List_of_Pok%C3%A9mon_by_Pok%C3%A9dex_number_in_Pok%C3%A9mon_Pokopia
Main #257,Main,257,821,Rookidee,Rookidee,,Rookidee,Flying,,Withered Wastelands; Bleak Beach; Rocky Ridges; Sparkling Skylands; Palette Town; Cloud Island,Fluffy flower bed,"Withered Wastelands, Bleak Beach, Rocky Ridges, Sparkling Skylands, Palette Town, Cloud Island",Common,Morning/Day/Evening/Night,Sun/Cloud/Rain,Fluffy Flower Bed - Skyland Flowers x4,All day,All weather,Chop,Bright,"Nice breezes, Shiny stuff, Containers, Slender objects, Wooden stuff, Sour flavors",No,Tiny Bird Pokémon,Befriend by building habitat: Fluffy flower bed (Common),https://www.serebii.net/pokemonpokopia/pokedex/rookidee.shtml | https://bulbapedia.bulbagarden.net/wiki/List_of_Pok%C3%A9mon_by_Pok%C3%A9dex_number_in_Pok%C3%A9mon_Pokopia
Main #258,Main,258,822,Corvisquire,Corvisquire,,Corvisquire,Flying,,Withered Wastelands; Bleak Beach; Rocky Ridges; Sparkling Skylands; Palette Town; Cloud Island,Elevated pink tall grass,"Withered Wastelands, Bleak Beach, Rocky Ridges, Sparkling Skylands, Palette Town, Cloud Island",Common,Morning/Day/Evening/Night,Sun/Cloud/Rain,"Elevated Pink Tall Grass - Pink Tall Grass x4, High-up Location x1",All day,All weather,Chop,Bright,"Nice breezes, Shiny stuff, Containers, Slender objects, Wooden stuff, Dry flavors",No,Raven Pokémon,Befriend by building habitat: Elevated pink tall grass (Common),https://www.serebii.net/pokemonpokopia/pokedex/corvisquire.shtml | https://bulbapedia.bulbagarden.net/wiki/List_of_Pok%C3%A9mon_by_Pok%C3%A9dex_number_in_Pok%C3%A9mon_Pokopia
Main #259,Main,259,823,Corviknight,Corviknight,,Corviknight,Flying,Steel,Withered Wastelands; Bleak Beach; Rocky Ridges; Sparkling Skylands; Palette Town; Cloud Island,Elevated pink tall grass | Sewer hole inspection,"Withered Wastelands, Bleak Beach, Rocky Ridges, Sparkling Skylands, Palette Town, Cloud Island | Withered Wastelands, Bleak Beach, Rocky Ridges, Sparkling Skylands, Palette Town, Cloud Island",Very Rare | ,Morning/Day/Evening/Night | Morning/Day/Evening/Night,Sun/Cloud/Rain | Sun/Cloud/Rain,"Sewer-hole Inspection - Iron Pipes x1, Sewer-hole Cover x1, Excavation Tools x1, Traffic Cone x1 | Elevated Pink Tall Grass - Pink Tall Grass x4, High-up Location x1",All day,All weather,"Chop, Fly",Bright,"Nice breezes, Metal stuff, Shiny stuff, Containers, Wooden stuff, Bitter flavors",No,Raven Pokémon,Befriend by building habitat: Elevated pink tall grass (Very Rare); Sewer hole inspection,https://www.serebii.net/pokemonpokopia/pokedex/corviknight.shtml | https://bulbapedia.bulbagarden.net/wiki/List_of_Pok%C3%A9mon_by_Pok%C3%A9dex_number_in_Pok%C3%A9mon_Pokopia
Main #260,Main,260,885,Dreepy,Dreepy,,Dreepy,Dragon,Ghost,Withered Wastelands; Bleak Beach; Rocky Ridges; Sparkling Skylands; Palette Town; Cloud Island,Tree-shaded pink tall grass,"Withered Wastelands, Bleak Beach, Rocky Ridges, Sparkling Skylands, Palette Town, Cloud Island",Common,Morning/Day/Evening/Night,Sun/Cloud/Rain,"Tree-shaded Pink Tall Grass - Large Tree (any), Pink Tall Grass x4",All day,All weather,"Gather, Search",Humid,"Lots of fire, Spooky stuff, Rides, Strange stuff, Group Activities, Spicy flavors",No,Lingering Pokémon,Befriend by building habitat: Tree-shaded pink tall grass (Common),https://www.serebii.net/pokemonpokopia/pokedex/dreepy.shtml | https://bulbapedia.bulbagarden.net/wiki/List_of_Pok%C3%A9mon_by_Pok%C3%A9dex_number_in_Pok%C3%A9mon_Pokopia
Main #261,Main,261,886,Drakloak,Drakloak,,Drakloak,Dragon,Ghost,Withered Wastelands; Bleak Beach; Rocky Ridges; Sparkling Skylands; Palette Town; Cloud Island,Tree-shaded pink tall grass | Office storeroom,"Withered Wastelands, Bleak Beach, Rocky Ridges, Sparkling Skylands, Palette Town, Cloud Island | Withered Wastelands, Bleak Beach, Rocky Ridges, Sparkling Skylands, Palette Town, Cloud Island",Rare | Common,Morning/Day/Evening/Night | Morning/Day/Evening/Night,Sun/Cloud/Rain | Sun/Cloud/Rain,"Office Storeroom - Office Shelf x1, Step Stool x1, Cardboard Boxes x1 | Tree-shaded Pink Tall Grass - Large Tree (any), Pink Tall Grass x4",All day,All weather,"Gather, Search",Humid,"Lots of fire, Spooky stuff, Rides, Strange stuff, Group Activities, Sweet flavors",No,Caretaker Pokémon,Befriend by building habitat: Tree-shaded pink tall grass (Rare); Office storeroom (Common),https://www.serebii.net/pokemonpokopia/pokedex/drakloak.shtml | https://bulbapedia.bulbagarden.net/wiki/List_of_Pok%C3%A9mon_by_Pok%C3%A9dex_number_in_Pok%C3%A9mon_Pokopia
Main #262,Main,262,887,Dragapult,Dragapult,,Dragapult,Dragon,Ghost,Withered Wastelands; Bleak Beach; Rocky Ridges; Sparkling Skylands; Palette Town; Cloud Island,Office storeroom,"Withered Wastelands, Bleak Beach, Rocky Ridges, Sparkling Skylands, Palette Town, Cloud Island",Rare,Morning/Day/Evening/Night,Sun/Cloud/Rain,"Office Storeroom - Office Shelf x1, Step Stool x1, Cardboard Boxes x1",All day,All weather,"Gather, Trade",Humid,"Lots of fire, Spooky stuff, Rides, Strange stuff, Group Activities, Spicy flavors",No,Stealth Pokémon,Befriend by building habitat: Office storeroom (Rare),https://www.serebii.net/pokemonpokopia/pokedex/dragapult.shtml | https://bulbapedia.bulbagarden.net/wiki/List_of_Pok%C3%A9mon_by_Pok%C3%A9dex_number_in_Pok%C3%A9mon_Pokopia
Main #263,Main,263,906,Sprigatito,Sprigatito,,Sprigatito,Grass,,Withered Wastelands; Bleak Beach; Rocky Ridges; Sparkling Skylands; Palette Town; Cloud Island,Tree-shaded pink tall grass | Interrogation desk,"Withered Wastelands, Bleak Beach, Rocky Ridges, Sparkling Skylands, Palette Town, Cloud Island | Withered Wastelands, Bleak Beach, Rocky Ridges, Sparkling Skylands, Palette Town, Cloud Island",Common | Common,Morning/Day/Evening/Night | Morning/Day/Evening/Night,Sun/Cloud/Rain | Sun/Cloud/Rain,"Tree-shaded Pink Tall Grass - Large Tree (any), Pink Tall Grass x4 | Interrogation Desk - Arcanine Doll x1, Folding Chari x2, Industrial Desk x1, Desk Light x1",All day,All weather,Grow,Bright,"Lots of nature, Pretty flowers, Containers, Colorful stuff, Cute stuff, Sweet flavors",No,Grass Cat Pokémon,Befriend by building habitat: Tree-shaded pink tall grass (Common); Interrogation desk (Common),https://www.serebii.net/pokemonpokopia/pokedex/sprigatito.shtml | https://bulbapedia.bulbagarden.net/wiki/List_of_Pok%C3%A9mon_by_Pok%C3%A9dex_number_in_Pok%C3%A9mon_Pokopia
Main #264,Main,264,907,Floragato,Floragato,,Floragato,Grass,,Withered Wastelands; Bleak Beach; Rocky Ridges; Sparkling Skylands; Palette Town; Cloud Island,Interrogation desk,"Withered Wastelands, Bleak Beach, Rocky Ridges, Sparkling Skylands, Palette Town, Cloud Island",Common,Morning/Day/Evening/Night,Sun/Cloud/Rain,"Interrogation Desk - Arcanine Doll x1, Folding Chari x2, Industrial Desk x1, Desk Light x1",All day,All weather,Grow,Bright,"Lots of nature, Pretty flowers, Sharp stuff, Colorful stuff, Cute stuff, Sour flavors",No,Grass Cat Pokémon,Befriend by building habitat: Interrogation desk (Common),https://www.serebii.net/pokemonpokopia/pokedex/floragato.shtml | https://bulbapedia.bulbagarden.net/wiki/List_of_Pok%C3%A9mon_by_Pok%C3%A9dex_number_in_Pok%C3%A9mon_Pokopia
Main #265,Main,265,908,Meowscarada,Meowscarada,,Meowscarada,Grass,Dark,Withered Wastelands; Bleak Beach; Rocky Ridges; Sparkling Skylands; Palette Town; Cloud Island,Heart-pounding surprise box,"Withered Wastelands, Bleak Beach, Rocky Ridges, Sparkling Skylands, Palette Town, Cloud Island",Rare,Morning/Day/Evening/Night,Sun/Cloud/Rain,"Heart-pounding Surprise Box - Boo-in-the-Box x1, Spotlight x2, Big Drum x1",All day,All weather,"Grow, Hype",Bright,"Lots of nature, Pretty flowers, Shiny stuff, Luxury, Cute stuff, Dry flavors",No,Magician Pokémon,Befriend by building habitat: Heart-pounding surprise box (Rare),https://www.serebii.net/pokemonpokopia/pokedex/meowscarada.shtml | https://bulbapedia.bulbagarden.net/wiki/List_of_Pok%C3%A9mon_by_Pok%C3%A9dex_number_in_Pok%C3%A9mon_Pokopia
Main #266,Main,266,940,Wattrel,Wattrel,,Wattrel,Electric,Flying,Withered Wastelands; Bleak Beach; Rocky Ridges; Sparkling Skylands; Palette Town; Cloud Island,Elevated pink tall grass,"Withered Wastelands, Bleak Beach, Rocky Ridges, Sparkling Skylands, Palette Town, Cloud Island",Common,Morning/Day/Evening/Night,Sun/Cloud/Rain,"Elevated Pink Tall Grass - Pink Tall Grass x4, High-up Location x1",All day,All weather,Generate,Bright,"Electronics, Nice breezes, Ocean vibes, Gatherings, Complicated stuff, Spicy flavors",No,Storm Petrel Pokémon,Befriend by building habitat: Elevated pink tall grass (Common),https://www.serebii.net/pokemonpokopia/pokedex/wattrel.shtml | https://bulbapedia.bulbagarden.net/wiki/List_of_Pok%C3%A9mon_by_Pok%C3%A9dex_number_in_Pok%C3%A9mon_Pokopia
Main #267,Main,267,941,Kilowattrel,Kilowattrel,,Kilowattrel,Electric,Flying,Withered Wastelands; Bleak Beach; Rocky Ridges; Sparkling Skylands; Palette Town; Cloud Island,Elevated pink tall grass,"Withered Wastelands, Bleak Beach, Rocky Ridges, Sparkling Skylands, Palette Town, Cloud Island",Rare,Morning/Day/Evening/Night,Sun/Cloud/Rain,"Elevated Pink Tall Grass - Pink Tall Grass x4, High-up Location x1",All day,All weather,"Generate, Fly",Bright,"Electronics, Nice breezes, Ocean vibes, Gatherings, Slender objects, Dry flavors",No,Frigatebird Pokémon,Befriend by building habitat: Elevated pink tall grass (Rare),https://www.serebii.net/pokemonpokopia/pokedex/kilowattrel.shtml | https://bulbapedia.bulbagarden.net/wiki/List_of_Pok%C3%A9mon_by_Pok%C3%A9dex_number_in_Pok%C3%A9mon_Pokopia
Main #268,Main,268,957,Tinkatink,Tinkatink,,Tinkatink,Fairy,Steel,Palette Town; Cloud Island,Large luggage carrier | Oversized dumping ground,"Palette Town, Cloud Island | Palette Town, Cloud Island",Common | Common,Morning/Day/Evening/Night | Morning/Day/Evening/Night,Sun/Cloud/Rain | Sun/Cloud/Rain,"Large Luggage Carrier - Cart x1, Wooden Crate x2 (Palette Town Only) | Oversized Dumping Ground - Iron Beam or Column x3, Tires x1, Microwave Oven x1, Waste Bin (any) x1 (Palette Town Only)",All day,All weather,Build,Bright,"Cute stuff, Metal stuff, Construction, Looks like food, Exercise, Sweet flavors",No,Metalsmith Pokémon,Befriend by building habitat: Large luggage carrier (Common); Oversized dumping ground (Common),https://www.serebii.net/pokemonpokopia/pokedex/tinkatink.shtml | https://bulbapedia.bulbagarden.net/wiki/List_of_Pok%C3%A9mon_by_Pok%C3%A9dex_number_in_Pok%C3%A9mon_Pokopia
Main #269,Main,269,958,Tinkatuff,Tinkatuff,,Tinkatuff,Fairy,Steel,Withered Wastelands; Bleak Beach; Rocky Ridges; Sparkling Skylands; Palette Town; Cloud Island,Large luggage carrier | Sewer hole inspection,"Palette Town, Cloud Island | Withered Wastelands, Bleak Beach, Rocky Ridges, Sparkling Skylands, Palette Town, Cloud Island",Rare | ,Morning/Day/Evening/Night | Morning/Day/Evening/Night,Sun/Cloud/Rain | Sun/Cloud/Rain,"Sewer-hole Inspection - Iron Pipes x1, Sewer-hole Cover x1, Excavation Tools x1, Traffic Cone x1 | Large Luggage Carrier - Cart x1, Wooden Crate x2",All day,All weather,Build,Bright,"Cute stuff, Metal stuff, Construction, Group Activities, Exercise, Sour flavors",No,Hammer Pokémon,Befriend by building habitat: Large luggage carrier (Rare); Sewer hole inspection,https://www.serebii.net/pokemonpokopia/pokedex/tinkatuff.shtml | https://bulbapedia.bulbagarden.net/wiki/List_of_Pok%C3%A9mon_by_Pok%C3%A9dex_number_in_Pok%C3%A9mon_Pokopia
Main #270,Main,270,959,Tinkaton (Tinkmaster),Tinkaton,Supervisor,Tinkaton,Fairy,Steel,Withered Wastelands; Bleak Beach; Rocky Ridges; Sparkling Skylands; Palette Town; Cloud Island,Oversized dumping ground,"Withered Wastelands, Bleak Beach, Rocky Ridges, Sparkling Skylands, Palette Town, Cloud Island",Common,Morning/Day/Evening/Night,Sun/Cloud/Rain,"Oversized Dumping Ground - Iron Beam or Column x3, Tires x1, Microwave Oven x1, Waste Bin (any) x1",??,??,Engineer,Bright,"Cute stuff, Metal stuff, Construction, Blocky stuff, Exercise, Spicy flavors",Underwater capable,Hammer Pokémon,Story NPC (Tinkmaster); befriend by building habitat: Oversized dumping ground (Common),https://www.serebii.net/pokemonpokopia/pokedex/tinkaton.shtml | https://bulbapedia.bulbagarden.net/wiki/List_of_Pok%C3%A9mon_by_Pok%C3%A9dex_number_in_Pok%C3%A9mon_Pokopia
Main #271,Main,271,142,Aerodactyl,Aerodactyl,,Aerodactyl,Rock,Flying,Withered Wastelands; Bleak Beach; Rocky Ridges; Sparkling Skylands; Palette Town; Cloud Island,Wing Fossil Display,"Withered Wastelands, Bleak Beach, Rocky Ridges, Sparkling Skylands, Palette Town, Cloud Island",Common,Morning/Day/Evening/Night,Sun/Cloud/Rain,"Wing Fossil Display - Pedestal / Exhibition Stand x2, Wing Fossil (Head, Body, Right Wing, Left Wing, Tail)",All day,All weather,Fly,Dry,"Stone stuff, Nice breezes, Hard stuff, Shiny stuff, Spinning stuff, Sour flavors",No,Fossil Pokémon,Befriend by building habitat: Wing Fossil Display (Common),https://www.serebii.net/pokemonpokopia/pokedex/aerodactyl.shtml | https://bulbapedia.bulbagarden.net/wiki/List_of_Pok%C3%A9mon_by_Pok%C3%A9dex_number_in_Pok%C3%A9mon_Pokopia
Main #272,Main,272,408,Cranidos,Cranidos,,Cranidos,Rock,,Withered Wastelands; Bleak Beach; Rocky Ridges; Sparkling Skylands; Palette Town; Cloud Island,Skull Fossil display,"Withered Wastelands, Bleak Beach, Rocky Ridges, Sparkling Skylands, Palette Town, Cloud Island",Common,Morning/Day/Evening/Night,Sun/Cloud/Rain,"Skull Fossil Display - Pedestal / Exhibition Stand x1, Skull Fossil x1",All day,All weather,Crush,Dry,"Stone stuff, Hard stuff, Wobbly stuff, Group Activities, Exercise, Spicy flavors",No,Head Butt Pokémon,Befriend by building habitat: Skull Fossil display (Common),https://www.serebii.net/pokemonpokopia/pokedex/cranidos.shtml | https://bulbapedia.bulbagarden.net/wiki/List_of_Pok%C3%A9mon_by_Pok%C3%A9dex_number_in_Pok%C3%A9mon_Pokopia
Main #273,Main,273,409,Rampardos,Rampardos,,Rampardos,Rock,,Withered Wastelands; Bleak Beach; Rocky Ridges; Sparkling Skylands; Palette Town; Cloud Island,Headbutt Fossil display,"Withered Wastelands, Bleak Beach, Rocky Ridges, Sparkling Skylands, Palette Town, Cloud Island",Common,Morning/Day/Evening/Night,Sun/Cloud/Rain,"Headbut Fossil Display - Pedestal / Exhibition Stand x2, Headbut Fossil (Head, Body, Tail)",All day,All weather,"Crush, Litter",Dry,"Stone stuff, Hard stuff, Metal stuff, Luxury, Exercise, Dry flavors",No,Head Butt Pokémon,Befriend by building habitat: Headbutt Fossil display (Common),https://www.serebii.net/pokemonpokopia/pokedex/rampardos.shtml | https://bulbapedia.bulbagarden.net/wiki/List_of_Pok%C3%A9mon_by_Pok%C3%A9dex_number_in_Pok%C3%A9mon_Pokopia
Main #274,Main,274,410,Shieldon,Shieldon,,Shieldon,Rock,Steel,Withered Wastelands; Bleak Beach; Rocky Ridges; Sparkling Skylands; Palette Town; Cloud Island,Armor Fossil display,"Withered Wastelands, Bleak Beach, Rocky Ridges, Sparkling Skylands, Palette Town, Cloud Island",Common,Morning/Day/Evening/Night,Sun/Cloud/Rain,"Armor Fossil Display - Pedestal / Exhibition Stand x1, Armor Fossil x1",All day,All weather,Crush,Dry,"Stone stuff, Hard stuff, Metal stuff, Luxury, Round stuff, Sweet flavors",No,Shield Pokémon,Befriend by building habitat: Armor Fossil display (Common),https://www.serebii.net/pokemonpokopia/pokedex/shieldon.shtml | https://bulbapedia.bulbagarden.net/wiki/List_of_Pok%C3%A9mon_by_Pok%C3%A9dex_number_in_Pok%C3%A9mon_Pokopia
Main #275,Main,275,411,Bastiodon,Bastiodon,,Bastiodon,Rock,Steel,Withered Wastelands; Bleak Beach; Rocky Ridges; Sparkling Skylands; Palette Town; Cloud Island,Shield Fossil display,"Withered Wastelands, Bleak Beach, Rocky Ridges, Sparkling Skylands, Palette Town, Cloud Island",Common,Morning/Day/Evening/Night,Sun/Cloud/Rain,"Shield Fossil Display - Pedestal / Exhibition Stand x2, Shield Fossil (Head, Body, Tail)",All day,All weather,"Crush, Litter",Dry,"Stone stuff, Hard stuff, Metal stuff, Luxury, Exercise, Bitter flavors",No,Shield Pokémon,Befriend by building habitat: Shield Fossil display (Common),https://www.serebii.net/pokemonpokopia/pokedex/bastiodon.shtml | https://bulbapedia.bulbagarden.net/wiki/List_of_Pok%C3%A9mon_by_Pok%C3%A9dex_number_in_Pok%C3%A9mon_Pokopia
Main #276,Main,276,696,Tyrunt,Tyrunt,,Tyrunt,Rock,Dragon,Withered Wastelands; Bleak Beach; Rocky Ridges; Sparkling Skylands; Palette Town; Cloud Island,Jaw Fossil display,"Withered Wastelands, Bleak Beach, Rocky Ridges, Sparkling Skylands, Palette Town, Cloud Island",Common,Morning/Day/Evening/Night,Sun/Cloud/Rain,"Jaw Fossil Display - Pedestal / Exhibition Stand x1, Jaw Fossil x1",All day,All weather,Crush,Dry,"Stone stuff, Hard stuff, Lots of fire, Luxury, Exercise, Sweet flavors",No,Royal Heir Pokémon,Befriend by building habitat: Jaw Fossil display (Common),https://www.serebii.net/pokemonpokopia/pokedex/tyrunt.shtml | https://bulbapedia.bulbagarden.net/wiki/List_of_Pok%C3%A9mon_by_Pok%C3%A9dex_number_in_Pok%C3%A9mon_Pokopia
Main #277,Main,277,697,Tyrantrum,Tyrantrum,,Tyrantrum,Rock,Dragon,Withered Wastelands; Bleak Beach; Rocky Ridges; Sparkling Skylands; Palette Town; Cloud Island,Despot fossil display,"Withered Wastelands, Bleak Beach, Rocky Ridges, Sparkling Skylands, Palette Town, Cloud Island",Common,Morning/Day/Evening/Night,Sun/Cloud/Rain,"Despot Fossil Display - Pedestal / Exhibition Stand x1, Despot Fossil (Head, Body, Legs, Tail)",All day,All weather,"Crush, Litter",Dry,"Stone stuff, Hard stuff, Lots of fire, Luxury, Exercise, Sour flavors",No,Despot Pokémon,Befriend by building habitat: Despot fossil display (Common),https://www.serebii.net/pokemonpokopia/pokedex/tyrantrum.shtml | https://bulbapedia.bulbagarden.net/wiki/List_of_Pok%C3%A9mon_by_Pok%C3%A9dex_number_in_Pok%C3%A9mon_Pokopia
Main #278,Main,278,698,Amaura,Amaura,,Amaura,Rock,Ice,Withered Wastelands; Bleak Beach; Rocky Ridges; Sparkling Skylands; Palette Town; Cloud Island,Sail Fossil display,"Withered Wastelands, Bleak Beach, Rocky Ridges, Sparkling Skylands, Palette Town, Cloud Island",Common,Morning/Day/Evening/Night,Sun/Cloud/Rain,"Sail Fossil Display - Pedestal / Exhibition Stand x1, Sail Fossil x1",All day,All weather,Crush,Cool,"Stone stuff, Hard stuff, Shiny stuff, Group Activities, Containers, Dry flavors",No,Tundra Pokémon,Befriend by building habitat: Sail Fossil display (Common),https://www.serebii.net/pokemonpokopia/pokedex/amaura.shtml | https://bulbapedia.bulbagarden.net/wiki/List_of_Pok%C3%A9mon_by_Pok%C3%A9dex_number_in_Pok%C3%A9mon_Pokopia
Main #279,Main,279,699,Aurorus,Aurorus,,Aurorus,Rock,Ice,Withered Wastelands; Bleak Beach; Rocky Ridges; Sparkling Skylands; Palette Town; Cloud Island,Tundra fossil display,"Withered Wastelands, Bleak Beach, Rocky Ridges, Sparkling Skylands, Palette Town, Cloud Island",Common,Morning/Day/Evening/Night,Sun/Cloud/Rain,"Tundra Fossil Display - Pedestal / Exhibition Stand x2, Tundra Fossil (Head, Body, Tail)",All day,All weather,"Crush, Litter",Cool,"Stone stuff, Hard stuff, Shiny stuff, Noisy stuff, Symbols, Sour flavors",No,Tundra Pokémon,Befriend by building habitat: Tundra fossil display (Common),https://www.serebii.net/pokemonpokopia/pokedex/aurorus.shtml | https://bulbapedia.bulbagarden.net/wiki/List_of_Pok%C3%A9mon_by_Pok%C3%A9dex_number_in_Pok%C3%A9mon_Pokopia
Main #280,Main,280,133,Eevee,Eevee,,Eevee,Normal,,Withered Wastelands; Bleak Beach; Rocky Ridges; Sparkling Skylands; Palette Town; Cloud Island,Pretty flower bed,"Withered Wastelands, Bleak Beach, Rocky Ridges, Sparkling Skylands, Palette Town, Cloud Island",Common,Morning/Day/Evening/Night,Sun/Cloud/Rain,Pretty Flower Bed - Wildflowers x4 (Palette Town Only),All day,All weather,Trade,Warm,"Soft stuff, Stone stuff, Cute stuff, Letters and words, Group Activities, Sweet flavors",No,Evolution Pokémon,Befriend by building habitat: Pretty flower bed (Common),https://www.serebii.net/pokemonpokopia/pokedex/eevee.shtml | https://bulbapedia.bulbagarden.net/wiki/List_of_Pok%C3%A9mon_by_Pok%C3%A9dex_number_in_Pok%C3%A9mon_Pokopia
Main #281,Main,281,134,Vaporeon,Vaporeon,,Vaporeon,Water,,Palette Town; Cloud Island,Boundless blue beverage,"Palette Town, Cloud Island",Common,Morning/Day/Evening/Night,Sun/Cloud/Rain,"Boundless Blue Beverage - Seat (any) x1, Table (any) x1, Soda Float x1 (Palette Town Only)",All day,All weather,Water,Humid,"Lots of water, Cleanliness, Cute stuff, Pretty flowers, Watching stuff, Sweet flavors",Underwater capable,Bubble Jet Pokémon,Befriend by building habitat: Boundless blue beverage (Common),https://www.serebii.net/pokemonpokopia/pokedex/vaporeon.shtml | https://bulbapedia.bulbagarden.net/wiki/List_of_Pok%C3%A9mon_by_Pok%C3%A9dex_number_in_Pok%C3%A9mon_Pokopia
Main #282,Main,282,135,Jolteon,Jolteon,,Jolteon,Electric,,Palette Town; Cloud Island,Electrifying potatoes,"Palette Town, Cloud Island",Common,Morning/Day/Evening/Night,Sun/Cloud/Rain,"Electrifying Potatoes - Seat (any) x1, Table (any) x1, Fried Potatoes x1  (Palette Town Only)",All day,All weather,Generate,Bright,"Electronics, Shiny stuff, Cute stuff, Glass stuff, Sharp stuff, Spicy flavors",No,Lightning Pokémon,Befriend by building habitat: Electrifying potatoes (Common),https://www.serebii.net/pokemonpokopia/pokedex/jolteon.shtml | https://bulbapedia.bulbagarden.net/wiki/List_of_Pok%C3%A9mon_by_Pok%C3%A9dex_number_in_Pok%C3%A9mon_Pokopia
Main #283,Main,283,136,Flareon,Flareon,,Flareon,Fire,,Palette Town; Cloud Island,Burning-hot spice,"Palette Town, Cloud Island",Common,Morning/Day/Evening/Night,Sun/Cloud/Rain,"Burning-hot Spice - Seat (any) x1, Table (any) x1, Pizza x1  (Palette Town Only)",All day,All weather,Burn,Warm,"Lots of fire, Wooden stuff, Cute stuff, Metal stuff, Rides, Spicy flavors",No,Flame Pokémon,Befriend by building habitat: Burning-hot spice (Common),https://www.serebii.net/pokemonpokopia/pokedex/flareon.shtml | https://bulbapedia.bulbagarden.net/wiki/List_of_Pok%C3%A9mon_by_Pok%C3%A9dex_number_in_Pok%C3%A9mon_Pokopia
Main #284,Main,284,196,Espeon,Espeon,,Espeon,Psychic,,Palette Town; Cloud Island,Elegant daytime treats,"Palette Town, Cloud Island",Common,Morning/Day/Evening/Night,Sun/Cloud/Rain,"Elegant Daytime Treats - Seat (any) x1, Table (any) x1, Afternoon Tea Set x1  (Palette Town Only)","Morning, Daytime, Evening",All weather,Gather,Bright,"Strange stuff, Nice breezes, Cute stuff, Complicated stuff, Watching stuff, Sweet flavors",No,Sun Pokémon,Befriend by building habitat: Elegant daytime treats (Common),https://www.serebii.net/pokemonpokopia/pokedex/espeon.shtml | https://bulbapedia.bulbagarden.net/wiki/List_of_Pok%C3%A9mon_by_Pok%C3%A9dex_number_in_Pok%C3%A9mon_Pokopia
Main #285,Main,285,197,Umbreon,Umbreon,,Umbreon,Dark,,Palette Town; Cloud Island,Dark-chocolate cookies,"Palette Town, Cloud Island",Common,Morning/Day/Evening/Night,Sun/Cloud/Rain,"Dark-chocolate Cookies - Seat (any) x1, Table (any) x1, Chocolate Cookies x1  (Palette Town Only)",Nighttime,All weather,Search,Dark,"Shiny stuff, Luxury, Cute stuff, Letters and words, Watching stuff, Bitter flavors",No,Moonlight Pokémon,Befriend by building habitat: Dark-chocolate cookies (Common),https://www.serebii.net/pokemonpokopia/pokedex/umbreon.shtml | https://bulbapedia.bulbagarden.net/wiki/List_of_Pok%C3%A9mon_by_Pok%C3%A9dex_number_in_Pok%C3%A9mon_Pokopia
Main #286,Main,286,470,Leafeon,Leafeon,,Leafeon,Grass,,Palette Town; Cloud Island,Leafy greens sandwich,"Palette Town, Cloud Island",Common,Morning/Day/Evening/Night,Sun/Cloud/Rain,"Leafy Greens Sandwich - Seat (any) x1, Table (any) x1, Sandwiches x1  (Palette Town Only)",All day,All weather,Grow,Bright,"Lots of nature, Pretty flowers, Cute stuff, Fabric, Healing, Sour flavors",No,Verdant Pokémon,Befriend by building habitat: Leafy greens sandwich (Common),https://www.serebii.net/pokemonpokopia/pokedex/leafeon.shtml | https://bulbapedia.bulbagarden.net/wiki/List_of_Pok%C3%A9mon_by_Pok%C3%A9dex_number_in_Pok%C3%A9mon_Pokopia
Main #287,Main,287,471,Glaceon,Glaceon,,Glaceon,Ice,,Palette Town; Cloud Island,Chilly shaved ice,"Palette Town, Cloud Island",Common,Morning/Day/Evening/Night,Sun/Cloud/Rain,"Chilly Shaved Ice - Seat (any) x1, Table (any) x1, Shaved Ice x1  (Palette Town Only)",All day,All weather,Trade,Cool,"Lots of water, Shiny stuff, Cute stuff, Glass stuff, Group Activities, Sweet flavors",No,Fresh Snow Pokémon,Befriend by building habitat: Chilly shaved ice (Common),https://www.serebii.net/pokemonpokopia/pokedex/glaceon.shtml | https://bulbapedia.bulbagarden.net/wiki/List_of_Pok%C3%A9mon_by_Pok%C3%A9dex_number_in_Pok%C3%A9mon_Pokopia
Main #288,Main,288,700,Sylveon,Sylveon,,Sylveon,Fairy,,Palette Town; Cloud Island,Lovely ribbon cake,"Palette Town, Cloud Island",Common,Morning/Day/Evening/Night,Sun/Cloud/Rain,"Lovely Ribbon Cake - Seat (any) x1, Table (any) x1, Ribbon Cake x1 (Palette Town Only)",All day,All weather,Hype,Warm,"Cute stuff, Lots of nature, Fabric, Noisy stuff, Round stuff, Sweet flavors",No,Intertwining Pokémon,Befriend by building habitat: Lovely ribbon cake (Common),https://www.serebii.net/pokemonpokopia/pokedex/sylveon.shtml | https://bulbapedia.bulbagarden.net/wiki/List_of_Pok%C3%A9mon_by_Pok%C3%A9dex_number_in_Pok%C3%A9mon_Pokopia
Main #289,Main,289,382,Kyogre,Kyogre,,Kyogre,Water,,Withered Wastelands; Palette Town,,,,,,N/A,N/A,N/A,???,Humid,"Lots of water, Ocean vibes, Luxury, Shiny stuff, Glass stuff, Dry flavors",No,Sea Basin Pokémon,Legendary: story encounter while progressing the Withered Wastelands storyline; can be met again in Withered Wastelands or Palette Town (Game8).,https://www.serebii.net/pokemonpokopia/pokedex/kyogre.shtml | https://game8.co/games/Pokemon-Pokopia/archives/585161 | https://www.nintendolife.com/guides/pokemon-pokopia-complete-pokedex-all-pokemon-habitats
Main #290,Main,290,243,Raikou,Raikou,,Raikou,Electric,,Bleak Beach; Dream Islands,,,,,,N/A (found via Pikachu Doll),N/A,N/A,Generate,Bright,"Electronics, Nice breezes, Shiny stuff, Glass stuff, Luxury, Dry flavors",No,Thunder Pokémon,Legendary: story encounter while progressing the Bleak Beach storyline; afterwards met again on a Dream Island unlocked with a Pikachu Doll (Game8; Nintendo Life: found via Pikachu Doll).,https://www.serebii.net/pokemonpokopia/pokedex/raikou.shtml | https://game8.co/games/Pokemon-Pokopia/archives/585161 | https://www.nintendolife.com/guides/pokemon-pokopia-complete-pokedex-all-pokemon-habitats
Main #291,Main,291,244,Entei,Entei,,Entei,Fire,,Dream Islands,,,,,,N/A (Found via Arcanine Doll),N/A,N/A,Burn,Warm,"Lots of fire, Stone stuff, Symbols, Exercise, Luxury, Bitter flavors",No,Volcano Pokémon,Legendary: encountered randomly on a Dream Island unlocked with an Arcanine Doll (Game8; Nintendo Life).,https://www.serebii.net/pokemonpokopia/pokedex/entei.shtml | https://game8.co/games/Pokemon-Pokopia/archives/585161 | https://www.nintendolife.com/guides/pokemon-pokopia-complete-pokedex-all-pokemon-habitats
Main #292,Main,292,245,Suicune,Suicune,,Suicune,Water,,Dream Islands,,,,,,N/A (found via Eevee Doll),N/A,N/A,Water,Humid,"Lots of water, Ocean vibes, Cleanliness, Watching stuff, Healing, Sour flavors",No,Aurora Pokémon,Legendary: encountered randomly on a Dream Island unlocked with an Eevee Doll (Game8; Nintendo Life).,https://www.serebii.net/pokemonpokopia/pokedex/suicune.shtml | https://game8.co/games/Pokemon-Pokopia/archives/585161 | https://www.nintendolife.com/guides/pokemon-pokopia-complete-pokedex-all-pokemon-habitats
Main #293,Main,293,721,Volcanion,Volcanion,,Volcanion,Fire,Water,Rocky Ridges,,,,,,N/A (Throw Party at Rocky Ridges),N/A,N/A,Burn,Warm,"Lots of fire, Lots of water, Stone stuff, Containers, Symbols, Spicy flavors",No,Steam Pokémon,Legendary: story encounter while progressing the Rocky Ridges storyline; afterwards invite it into a home by throwing a party using Fireworks (Game8; Nintendo Life: throw a party at Rocky Ridges).,https://www.serebii.net/pokemonpokopia/pokedex/volcanion.shtml | https://game8.co/games/Pokemon-Pokopia/archives/585161 | https://www.nintendolife.com/guides/pokemon-pokopia-complete-pokedex-all-pokemon-habitats
Main #294,Main,294,144,Articuno,Articuno,,Articuno,Ice,Flying,Palette Town,,,,,,N/A (must build Frozen Chambers),N/A,N/A,Fly,Cool,"Lots of water, Nice breezes, Shiny stuff, Symbols, Luxury, Sour flavors",No,Freeze Pokémon,Legendary: acquire the Freezing Chambers kit and build the structure in Palette Town (Game8; Nintendo Life: must build Frozen Chambers).,https://www.serebii.net/pokemonpokopia/pokedex/articuno.shtml | https://game8.co/games/Pokemon-Pokopia/archives/585161 | https://www.nintendolife.com/guides/pokemon-pokopia-complete-pokedex-all-pokemon-habitats
Main #295,Main,295,145,Zapdos,Zapdos,,Zapdos,Electric,Flying,Palette Town,,,,,,N/A (must build Abandoned Power Plant),N/A,N/A,Fly,Bright,"Electronics, Nice breezes, Glass stuff, Symbols, Luxury, Spicy flavors",No,Electric Pokémon,Legendary: acquire the Abandoned Power Plant kit and build the structure in Palette Town (Game8; Nintendo Life).,https://www.serebii.net/pokemonpokopia/pokedex/zapdos.shtml | https://game8.co/games/Pokemon-Pokopia/archives/585161 | https://www.nintendolife.com/guides/pokemon-pokopia-complete-pokedex-all-pokemon-habitats
Main #296,Main,296,146,Moltres,Moltres,,Moltres,Fire,Flying,Palette Town,,,,,,N/A (must build Altar of Flame),N/A,N/A,Fly,Warm,"Lots of fire, Nice breezes, Stone stuff, Symbols, Luxury, Spicy flavors",No,Flame Pokémon,Legendary: acquire the Altar of Flame kit and build the structure in Palette Town (Game8; Nintendo Life).,https://www.serebii.net/pokemonpokopia/pokedex/moltres.shtml | https://game8.co/games/Pokemon-Pokopia/archives/585161 | https://www.nintendolife.com/guides/pokemon-pokopia-complete-pokedex-all-pokemon-habitats
Main #297,Main,297,249,Lugia,Lugia,,Lugia,Psychic,Flying,,,,,,,N/A (use Tidal Bell),N/A,N/A,???,Humid,"Strange stuff, Nice breezes, Lots of water, Ocean vibes, Symbols, Dry flavors",No,Diving Pokémon,"Legendary: befriend all three Legendary Birds (Articuno, Zapdos, Moltres), then summon Lugia with the Sea Bell (Game8) / Tidal Bell (Nintendo Life).",https://www.serebii.net/pokemonpokopia/pokedex/lugia.shtml | https://game8.co/games/Pokemon-Pokopia/archives/585161 | https://www.nintendolife.com/guides/pokemon-pokopia-complete-pokedex-all-pokemon-habitats
Main #298,Main,298,250,Ho-Oh,Ho-Oh,,Ho-Oh,Fire,Flying,,,,,,,N/A (use Clear Bell),N/A,N/A,???,Warm,"Lots of fire, Wooden stuff, Nice breezes, Lots of nature, Symbols, Spicy flavors",No,Rainbow Pokémon,"Legendary: befriend all three Legendary Beasts (Raikou, Entei, Suicune), then summon Ho-Oh with the Transparent Bell (Game8) / Clear Bell (Nintendo Life).",https://www.serebii.net/pokemonpokopia/pokedex/ho-oh.shtml | https://game8.co/games/Pokemon-Pokopia/archives/585161 | https://www.nintendolife.com/guides/pokemon-pokopia-complete-pokedex-all-pokemon-habitats
Main #299,Main,299,150,Mewtwo,Mewtwo,,Mewtwo,Psychic,,Sparkling Skylands; Dream Islands,,,,,,N/A (Found via Dragonite Doll),N/A,N/A,Teleport,Dark,"Strange stuff, Watching stuff, Letters and words, Complicated stuff, Stone stuff, Dry flavors",No,Genetic Pokémon,Legendary: story encounter while progressing the Sparkling Skylands storyline; afterwards met on a Dream Island unlocked with a Dragonite Doll (Game8; Nintendo Life).,https://www.serebii.net/pokemonpokopia/pokedex/mewtwo.shtml | https://game8.co/games/Pokemon-Pokopia/archives/585161 | https://www.nintendolife.com/guides/pokemon-pokopia-complete-pokedex-all-pokemon-habitats
Main #300,Main,300,151,Mew,Mew,,Mew,Psychic,,Withered Wastelands,,,,,,N/A (Mysterious Slate Puzzle),N/A,N/A,Teleport,Warm,"Strange stuff, Watching stuff, Luxury, Complicated stuff, Play spaces, Sweet flavors",No,New Species Pokémon,Mythical: collect all 27 Mysterious Slates and place them on the wall in Withered Wastelands (Game8; Nintendo Life: Mysterious Slate puzzle).,https://www.serebii.net/pokemonpokopia/pokedex/mew.shtml | https://game8.co/games/Pokemon-Pokopia/archives/585161 | https://www.nintendolife.com/guides/pokemon-pokopia-complete-pokedex-all-pokemon-habitats
Basin #001,Basin,1,90,Shellder,Shellder,,Shellder,Water,,Withered Wastelands; Bleak Beach; Rocky Ridges; Sparkling Skylands; Palette Town; Cloud Island; Bubbly Basin,Basin tall grass and coral | Sandy digging spot,"Withered Wastelands, Bleak Beach, Rocky Ridges, Sparkling Skylands, Palette Town, Cloud Island, Bubbly Basin | Withered Wastelands, Bleak Beach, Rocky Ridges, Sparkling Skylands, Palette Town, Cloud Island, Bubbly Basin",Common | Common,Morning/Day/Evening/Night | Morning/Day/Evening/Night,Sun/Cloud/Rain | Sun/Cloud/Rain,"Basin Tall Grass & Coral (Seabed Tall Grass x4, Small Coral x1, Tall Coral x1) | Sandy Digging Spot (Sandpile x1, Sand Toys x1)",All day,All weather,"Scrub, Litter",Dark,"Lots of water, Shiny stuff, Round stuff, Hard stuff, Containers, Bitter flavors",Underwater capable,Bivalve Pokémon,Expansion Pass (Bubbly Basin DLC) required; befriend by building habitat: Basin tall grass and coral (Common); Sandy digging spot (Common),https://www.serebii.net/pokemonpokopia/pokedex/shellder.shtml | https://bulbapedia.bulbagarden.net/wiki/List_of_Pok%C3%A9mon_by_Pok%C3%A9dex_(Basin)_number_in_Pok%C3%A9mon_Pokopia
Basin #002,Basin,2,91,Cloyster,Cloyster,,Cloyster,Water,Ice,Withered Wastelands; Bleak Beach; Rocky Ridges; Sparkling Skylands; Palette Town; Cloud Island; Bubbly Basin,Swaying flower bed and seaweed,"Withered Wastelands, Bleak Beach, Rocky Ridges, Sparkling Skylands, Palette Town, Cloud Island, Bubbly Basin",Common,Morning/Day/Evening/Night,Sun/Cloud/Rain,"Swaying Flower Bed & Seaweed (Chinmey Rocks x1, Seabed Flowers x4, Lush Seaweed x2)",All day,All weather,"Scrub, Litter",Cool,"Lots of water, Shiny stuff, Round stuff, Sharp stuff, Containers, Sour Flavors",Underwater capable,Bivalve Pokémon,Expansion Pass (Bubbly Basin DLC) required; befriend by building habitat: Swaying flower bed and seaweed (Common),https://www.serebii.net/pokemonpokopia/pokedex/cloyster.shtml | https://bulbapedia.bulbagarden.net/wiki/List_of_Pok%C3%A9mon_by_Pok%C3%A9dex_(Basin)_number_in_Pok%C3%A9mon_Pokopia
Basin #003,Basin,3,116,Horsea,Horsea,,Horsea,Water,,Withered Wastelands; Bleak Beach; Rocky Ridges; Sparkling Skylands; Palette Town; Cloud Island; Bubbly Basin,Coral congregation,"Withered Wastelands, Bleak Beach, Rocky Ridges, Sparkling Skylands, Palette Town, Cloud Island, Bubbly Basin",Common,Morning/Day/Evening/Night,Sun/Cloud/Rain,"Coral Congregation (Colorful Corals x1, Tall Coral x1, Small Coral x1)",All day,All weather,Water,Humid,"Lots of Water, Slender objects, Spinning stuff, Play spaces, Group activities, Sweet flavors",Underwater capable,Dragon Pokémon,Expansion Pass (Bubbly Basin DLC) required; befriend by building habitat: Coral congregation (Common),https://www.serebii.net/pokemonpokopia/pokedex/horsea.shtml | https://bulbapedia.bulbagarden.net/wiki/List_of_Pok%C3%A9mon_by_Pok%C3%A9dex_(Basin)_number_in_Pok%C3%A9mon_Pokopia
Basin #004,Basin,4,117,Seadra,Seadra,,Seadra,Water,,Withered Wastelands; Bleak Beach; Rocky Ridges; Sparkling Skylands; Palette Town; Cloud Island; Bubbly Basin,Coral congregation,"Withered Wastelands, Bleak Beach, Rocky Ridges, Sparkling Skylands, Palette Town, Cloud Island, Bubbly Basin",Common,Morning/Day/Evening/Night,Sun/Cloud/Rain,"Coral Congregation (Colorful Corals x1, Tall Coral x1, Small Coral x1)",All day,All weather,"Water, Litter",Humid,"Lots of water, Slender objects, Spinning stuff, Ocean vibes, Sharp stuff, Spicy flavors",Underwater capable,Dragon Pokémon,Expansion Pass (Bubbly Basin DLC) required; befriend by building habitat: Coral congregation (Common),https://www.serebii.net/pokemonpokopia/pokedex/seadra.shtml | https://bulbapedia.bulbagarden.net/wiki/List_of_Pok%C3%A9mon_by_Pok%C3%A9dex_(Basin)_number_in_Pok%C3%A9mon_Pokopia
Basin #005,Basin,5,230,Kingdra,Kingdra,,Kingdra,Water,Dragon,Withered Wastelands; Bleak Beach; Rocky Ridges; Sparkling Skylands; Palette Town; Cloud Island; Bubbly Basin,Coral congregation | Marine makeup stand,"Withered Wastelands, Bleak Beach, Rocky Ridges, Sparkling Skylands, Palette Town, Cloud Island, Bubbly Basin | Withered Wastelands, Bleak Beach, Rocky Ridges, Sparkling Skylands, Palette Town, Cloud Island, Bubbly Basin",Very Rare | Rare,Morning/Day/Evening/Night | Morning/Day/Evening/Night,Sun/Cloud/Rain | Sun/Cloud/Rain,"Marine Makeup Stand (Marine Closet x1, Marine Dresser x1, Marine Chair x1) | Coral Congregation (Colorful Corals x1, Tall Coral x1, Small Coral x1)",All day,All weather,"Water, Litter",Dark,"Lots of water, Slender objects, Luxury, Exercise, Nice breezes, Dry flavors",Underwater capable,Dragon Pokémon,Expansion Pass (Bubbly Basin DLC) required; befriend by building habitat: Coral congregation (Very Rare); Marine makeup stand (Rare),https://www.serebii.net/pokemonpokopia/pokedex/kingdra.shtml | https://bulbapedia.bulbagarden.net/wiki/List_of_Pok%C3%A9mon_by_Pok%C3%A9dex_(Basin)_number_in_Pok%C3%A9mon_Pokopia
Basin #006,Basin,6,120,Staryu,Staryu,,Staryu,Water,,Withered Wastelands; Bleak Beach; Rocky Ridges; Sparkling Skylands; Palette Town; Cloud Island; Bubbly Basin,Swaying flower bed,"Withered Wastelands, Bleak Beach, Rocky Ridges, Sparkling Skylands, Palette Town, Cloud Island, Bubbly Basin",Common,Night,Sun/Cloud/Rain,Swaying Flower Bed (Seabed Flowers x4),Nighttime,All weather,Teleport,Bright,"Lots of water, Strange stuff, Spinning stuff, Colorful stuff, Sharp stuff, Bitter flavors",Underwater capable,Starshape Pokémon,Expansion Pass (Bubbly Basin DLC) required; befriend by building habitat: Swaying flower bed (Common). Restrictions: Swaying flower bed [time: Night],https://www.serebii.net/pokemonpokopia/pokedex/staryu.shtml | https://bulbapedia.bulbagarden.net/wiki/List_of_Pok%C3%A9mon_by_Pok%C3%A9dex_(Basin)_number_in_Pok%C3%A9mon_Pokopia
Basin #007,Basin,7,121,Starmie,Starmie,,Starmie,Water,Psychic,Withered Wastelands; Bleak Beach; Rocky Ridges; Sparkling Skylands; Palette Town; Cloud Island; Bubbly Basin,Mermaid's Gym,"Withered Wastelands, Bleak Beach, Rocky Ridges, Sparkling Skylands, Palette Town, Cloud Island, Bubbly Basin",Rare,Morning/Day/Evening/Night,Sun/Cloud/Rain,"Mermaid's Gym (Marine Sofa x1, Pedestal / Exhibition Stand x6, Decorative Great Ball x1, Decorative Heal Ball x1, Decorative Dive Ball x1, Decorative Net Ball x1, Decorative Lure Ball x1, Decorative Quick Ball x1)",All day,All weather,"Teleport, Gather",Bright,"Lots of water, Strange stuff, Spinning stuff, Colorful stuff, Complicated stuff, Bitter flavors",Underwater capable,Mysterious Pokémon,Expansion Pass (Bubbly Basin DLC) required; befriend by building habitat: Mermaid's Gym (Rare),https://www.serebii.net/pokemonpokopia/pokedex/starmie.shtml | https://bulbapedia.bulbagarden.net/wiki/List_of_Pok%C3%A9mon_by_Pok%C3%A9dex_(Basin)_number_in_Pok%C3%A9mon_Pokopia
Basin #008,Basin,8,158,Totodile,Totodile,,Totodile,Water,,Withered Wastelands; Bleak Beach; Rocky Ridges; Sparkling Skylands; Palette Town; Cloud Island; Bubbly Basin,Basin tall grass | Canoe dock | Bubbly bathtub,"Withered Wastelands, Bleak Beach, Rocky Ridges, Sparkling Skylands, Palette Town, Cloud Island, Bubbly Basin | Withered Wastelands, Bleak Beach, Rocky Ridges, Sparkling Skylands, Palette Town, Cloud Island, Bubbly Basin | Withered Wastelands, Bleak Beach, Rocky Ridges, Sparkling Skylands, Palette Town, Cloud Island, Bubbly Basin",Common | Common | Common,Morning/Day/Evening/Night | Morning/Day/Evening/Night | Morning/Day/Evening/Night,Sun/Cloud/Rain | Sun/Cloud/Rain | Sun/Cloud/Rain,"Basin Tall Grass (Seabed Tall Grass x4) | Canoe Dock (Canoe x1, Floating Logs x2, Water x2) | Bubbly Bathtub (Bathtub x1, Bubble Machine (lit) x1)",All day,All weather,Chop,Bright,"Lots of water, Sharp stuff, Play spaces, Group activities, Wobbly stuff, Spicy flavors",Underwater capable,Big Jaw Pokémon,Expansion Pass (Bubbly Basin DLC) required; befriend by building habitat: Basin tall grass (Common); Canoe dock (Common); Bubbly bathtub (Common),https://www.serebii.net/pokemonpokopia/pokedex/totodile.shtml | https://bulbapedia.bulbagarden.net/wiki/List_of_Pok%C3%A9mon_by_Pok%C3%A9dex_(Basin)_number_in_Pok%C3%A9mon_Pokopia
Basin #009,Basin,9,159,Croconaw,Croconaw,,Croconaw,Water,,Withered Wastelands; Bleak Beach; Rocky Ridges; Sparkling Skylands; Palette Town; Cloud Island; Bubbly Basin,Chimney rocks dig site | Canoe dock,"Withered Wastelands, Bleak Beach, Rocky Ridges, Sparkling Skylands, Palette Town, Cloud Island, Bubbly Basin | Withered Wastelands, Bleak Beach, Rocky Ridges, Sparkling Skylands, Palette Town, Cloud Island, Bubbly Basin",Common | Common,Morning/Day/Evening/Night | Morning/Day/Evening/Night,Sun/Cloud/Rain | Sun/Cloud/Rain,"Chimney Rocks Dig Site (Chimney Rocks x1, Wheelbarrow x1, Excavation Tools x1, Traffic Cone x1)",All day,All weather,"Chop, Crush",Bright,"Lots of water, Sharp stuff, Exercise, Slender objects, Fabric, Spicy flavors",Underwater capable,Big Jaw Pokémon,Expansion Pass (Bubbly Basin DLC) required; befriend by building habitat: Chimney rocks dig site (Common); Canoe dock (Common),https://www.serebii.net/pokemonpokopia/pokedex/croconaw.shtml | https://bulbapedia.bulbagarden.net/wiki/List_of_Pok%C3%A9mon_by_Pok%C3%A9dex_(Basin)_number_in_Pok%C3%A9mon_Pokopia
Basin #010,Basin,10,160,Feraligatr,Feraligatr,,Feraligatr,Water,,Withered Wastelands; Bleak Beach; Rocky Ridges; Sparkling Skylands; Palette Town; Cloud Island; Bubbly Basin,Basin tall grass | Biteable punching bag,"Withered Wastelands, Bleak Beach, Rocky Ridges, Sparkling Skylands, Palette Town, Cloud Island, Bubbly Basin | Withered Wastelands, Bleak Beach, Rocky Ridges, Sparkling Skylands, Palette Town, Cloud Island, Bubbly Basin",Very Rare | Rare,Morning/Day/Evening/Night | Morning/Day/Evening/Night,Sun/Cloud/Rain | Sun/Cloud/Rain,"Biteable Punching Bag (Sandpile x1, Punching Bag x1, Table (any) x1, Gold Teeth x1) | Basin Tall Grass (Seabed Tall Grass x4)",All day,All weather,"Chop, Crush",Bright,"Lots of water, Sharp stuff, Exercise, Luxury, Nice breezes, Sour Flavors",Underwater capable,Big Jaw Pokémon,Expansion Pass (Bubbly Basin DLC) required; befriend by building habitat: Basin tall grass (Very Rare); Biteable punching bag (Rare),https://www.serebii.net/pokemonpokopia/pokedex/feraligatr.shtml | https://bulbapedia.bulbagarden.net/wiki/List_of_Pok%C3%A9mon_by_Pok%C3%A9dex_(Basin)_number_in_Pok%C3%A9mon_Pokopia
Basin #011,Basin,11,170,Chinchou,Chinchou,,Chinchou,Water,Electric,Withered Wastelands; Bleak Beach; Rocky Ridges; Sparkling Skylands; Palette Town; Cloud Island; Bubbly Basin,Fluffy relaxation,"Withered Wastelands, Bleak Beach, Rocky Ridges, Sparkling Skylands, Palette Town, Cloud Island, Bubbly Basin",Common,Morning/Day/Evening/Night,Sun/Cloud/Rain,"Fluffy Relaxation (Cushion Bed x1, Lighting (any) x1, Doll (any) x1)",All day,All weather,Generate,Humid,"Lots of water, Electronics, Wobbly stuff, Glass stuff, Shiny stuff, Dry flavors",Underwater capable,Angler Pokémon,Expansion Pass (Bubbly Basin DLC) required; befriend by building habitat: Fluffy relaxation (Common),https://www.serebii.net/pokemonpokopia/pokedex/chinchou.shtml | https://bulbapedia.bulbagarden.net/wiki/List_of_Pok%C3%A9mon_by_Pok%C3%A9dex_(Basin)_number_in_Pok%C3%A9mon_Pokopia
Basin #012,Basin,12,171,Lanturn,Lanturn,,Lanturn,Water,Electric,Withered Wastelands; Bleak Beach; Rocky Ridges; Sparkling Skylands; Palette Town; Cloud Island; Bubbly Basin,Nostalgia zone,"Withered Wastelands, Bleak Beach, Rocky Ridges, Sparkling Skylands, Palette Town, Cloud Island, Bubbly Basin",Rare,Morning/Day/Evening/Night,Sun/Cloud/Rain,"Nostalgia Zone (Antique Chest x1, Music Box x1, Photo Frame x1, Sea Moss x2, Wooden Crate x1, Lantern (lit) x1)",All day,All weather,"Generate, Water",Dark,"Lots of water, Electronics, Wobbly stuff, Glass stuff, Cleanliness, Spicy flavors",Underwater capable,Light Pokémon,Expansion Pass (Bubbly Basin DLC) required; befriend by building habitat: Nostalgia zone (Rare),https://www.serebii.net/pokemonpokopia/pokedex/lanturn.shtml | https://bulbapedia.bulbagarden.net/wiki/List_of_Pok%C3%A9mon_by_Pok%C3%A9dex_(Basin)_number_in_Pok%C3%A9mon_Pokopia
Basin #013,Basin,13,222,Corsola,Corsola,,Corsola,Water,Rock,Withered Wastelands; Bleak Beach; Rocky Ridges; Sparkling Skylands; Palette Town; Cloud Island; Bubbly Basin,Basin tall grass and coral | Coral congregation,"Withered Wastelands, Bleak Beach, Rocky Ridges, Sparkling Skylands, Palette Town, Cloud Island, Bubbly Basin | Withered Wastelands, Bleak Beach, Rocky Ridges, Sparkling Skylands, Palette Town, Cloud Island, Bubbly Basin",Common | Rare,Morning/Day/Evening/Night | Morning/Day/Evening/Night,Sun/Cloud/Rain | Sun/Cloud/Rain,"Basin Tall Grass & Coral (Seabed Tall Grass x4, Small Coral x1, Tall Coral x1) | Coral Congregation (Colorful Corals x1, Tall Coral x1, Small Coral x1)",All day,All weather,Grow,Warm,"Lots of water, Stone stuff, Lots of nature, Glass stuff, Cleanliness, Sweet flavors",Underwater capable,Coral Pokémon,Expansion Pass (Bubbly Basin DLC) required; befriend by building habitat: Basin tall grass and coral (Common); Coral congregation (Rare),https://www.serebii.net/pokemonpokopia/pokedex/corsola.shtml | https://bulbapedia.bulbagarden.net/wiki/List_of_Pok%C3%A9mon_by_Pok%C3%A9dex_(Basin)_number_in_Pok%C3%A9mon_Pokopia
Basin #014,Basin,14,258,Mudkip,Mudkip,,Mudkip,Water,,Withered Wastelands; Bleak Beach; Rocky Ridges; Sparkling Skylands; Palette Town; Cloud Island; Bubbly Basin,Basin tall grass | Fluffy relaxation,"Withered Wastelands, Bleak Beach, Rocky Ridges, Sparkling Skylands, Palette Town, Cloud Island, Bubbly Basin | Withered Wastelands, Bleak Beach, Rocky Ridges, Sparkling Skylands, Palette Town, Cloud Island, Bubbly Basin",Common | Common,Morning/Day/Evening/Night | Morning/Day/Evening/Night,Sun/Cloud/Rain | Sun/Cloud/Rain,"Basin Tall Grass (Seabed Tall Grass x4) | Fluffy Relaxation (Cushion Bed x1, Lighting (any) x1, Doll (any) x1)",All day,All weather,Water,Bright,"Lots of water, Lots of dirt, Soft stuff, Play spaces, Stone stuff, Dry flavors",Underwater capable,Mud Fish Pokémon,Expansion Pass (Bubbly Basin DLC) required; befriend by building habitat: Basin tall grass (Common); Fluffy relaxation (Common),https://www.serebii.net/pokemonpokopia/pokedex/mudkip.shtml | https://bulbapedia.bulbagarden.net/wiki/List_of_Pok%C3%A9mon_by_Pok%C3%A9dex_(Basin)_number_in_Pok%C3%A9mon_Pokopia
Basin #015,Basin,15,259,Marshtomp,Marshtomp,,Marshtomp,Water,Ground,Withered Wastelands; Bleak Beach; Rocky Ridges; Sparkling Skylands; Palette Town; Cloud Island; Bubbly Basin,Creepy chimney rocks | Muddy playtime,"Withered Wastelands, Bleak Beach, Rocky Ridges, Sparkling Skylands, Palette Town, Cloud Island, Bubbly Basin | Withered Wastelands, Bleak Beach, Rocky Ridges, Sparkling Skylands, Palette Town, Cloud Island, Bubbly Basin",Rare | Common,Morning/Day/Evening/Night | Morning/Day/Evening/Night,Sun/Cloud/Rain | Sun/Cloud/Rain,"Muddy Playtime (Windup Inkay x1, Towel Rack x1, Floating Logs x1, Muddy Water x2) | Creepy Chimney Rocks (Chimney Rocks x1, Sea Moss x4, Barrel x1, Lantern (lit) x1)",All day,All weather,"Water, Build",Bright,"Lots of water, Lots of dirt, Soft stuff, Construction, Watching stuff, Dry flavors",Underwater capable,Mud Fish Pokémon,Expansion Pass (Bubbly Basin DLC) required; befriend by building habitat: Creepy chimney rocks (Rare); Muddy playtime (Common),https://www.serebii.net/pokemonpokopia/pokedex/marshtomp.shtml | https://bulbapedia.bulbagarden.net/wiki/List_of_Pok%C3%A9mon_by_Pok%C3%A9dex_(Basin)_number_in_Pok%C3%A9mon_Pokopia
Basin #016,Basin,16,260,Swampert,Swampert,,Swampert,Water,Ground,Withered Wastelands; Bleak Beach; Rocky Ridges; Sparkling Skylands; Palette Town; Cloud Island; Bubbly Basin,Basin tall grass and coral | Muddy spa,"Withered Wastelands, Bleak Beach, Rocky Ridges, Sparkling Skylands, Palette Town, Cloud Island, Bubbly Basin | Withered Wastelands, Bleak Beach, Rocky Ridges, Sparkling Skylands, Palette Town, Cloud Island, Bubbly Basin",Very Rare | Rare,Morning/Day/Evening/Night | Morning/Day/Evening/Night,Sun/Cloud/Rain | Sun/Cloud/Rain,"Muddy Spa (Seat (wide) x1, Gyarados Fountain x1, Bathtime Set x1, Muddy Water x2) | Basin Tall Grass & Coral (Seabed Tall Grass x4, Small Coral x1, Tall Coral x1)",All day,All weather,"Build, Bulldoze",Bright,"Lots of water, Lots of dirt, Soft stuff, Construction, Exercise, Dry flavors",Underwater capable,Mud Fish Pokémon,Expansion Pass (Bubbly Basin DLC) required; befriend by building habitat: Basin tall grass and coral (Very Rare); Muddy spa (Rare),https://www.serebii.net/pokemonpokopia/pokedex/swampert.shtml | https://bulbapedia.bulbagarden.net/wiki/List_of_Pok%C3%A9mon_by_Pok%C3%A9dex_(Basin)_number_in_Pok%C3%A9mon_Pokopia
Basin #017,Basin,17,318,Carvanha,Carvanha,,Carvanha,Water,Dark,Withered Wastelands; Bleak Beach; Rocky Ridges; Sparkling Skylands; Palette Town; Cloud Island; Bubbly Basin,Seaweed and netting,"Withered Wastelands, Bleak Beach, Rocky Ridges, Sparkling Skylands, Palette Town, Cloud Island, Bubbly Basin",Common,Morning/Day/Evening/Night,Sun/Cloud/Rain,"Seaweed & Netting (Netting x4, Lush Seaweed x2)",All day,All weather,Chop,Warm,"Lots of water, Sharp stuff, Exercise, Ocean vibes, Group activities, Spicy flavors",Underwater capable,Savage Pokémon,Expansion Pass (Bubbly Basin DLC) required; befriend by building habitat: Seaweed and netting (Common),https://www.serebii.net/pokemonpokopia/pokedex/carvanha.shtml | https://bulbapedia.bulbagarden.net/wiki/List_of_Pok%C3%A9mon_by_Pok%C3%A9dex_(Basin)_number_in_Pok%C3%A9mon_Pokopia
Basin #018,Basin,18,319,Sharpedo,Sharpedo,,Sharpedo,Water,Dark,Withered Wastelands; Bleak Beach; Rocky Ridges; Sparkling Skylands; Palette Town; Cloud Island; Bubbly Basin,Chimney rocks dig site,"Withered Wastelands, Bleak Beach, Rocky Ridges, Sparkling Skylands, Palette Town, Cloud Island, Bubbly Basin",Common,Morning/Day/Evening/Night,Sun/Cloud/Rain,"Chimney Rocks Dig Site (Chimney Rocks x1, Wheelbarrow x1, Excavation Tools x1, Traffic Cone x1)",All day,All weather,"Crush, Scrub",Humid,"Lots of water, Sharp stuff, Exercise, Ocean vibes, Symbols, Spicy flavors",Underwater capable,Brutal Pokémon,Expansion Pass (Bubbly Basin DLC) required; befriend by building habitat: Chimney rocks dig site (Common),https://www.serebii.net/pokemonpokopia/pokedex/sharpedo.shtml | https://bulbapedia.bulbagarden.net/wiki/List_of_Pok%C3%A9mon_by_Pok%C3%A9dex_(Basin)_number_in_Pok%C3%A9mon_Pokopia
Basin #019,Basin,19,339,Barboach,Barboach,,Barboach,Water,Ground,Withered Wastelands; Bleak Beach; Rocky Ridges; Sparkling Skylands; Palette Town; Cloud Island; Bubbly Basin,Sandy speech | Ocean rest spot | Muddy playtime,"Withered Wastelands, Bleak Beach, Rocky Ridges, Sparkling Skylands, Palette Town, Cloud Island, Bubbly Basin | Withered Wastelands, Bleak Beach, Rocky Ridges, Sparkling Skylands, Palette Town, Cloud Island, Bubbly Basin | Withered Wastelands, Bleak Beach, Rocky Ridges, Sparkling Skylands, Palette Town, Cloud Island, Bubbly Basin",Common | Common | Common,Morning/Day/Evening/Night | Morning/Day/Evening/Night | Morning/Day/Evening/Night,Sun/Cloud/Rain | Sun/Cloud/Rain | Sun/Cloud/Rain,"Ocean Rest Spot (Small Coral x1, Seashell Seat x1, Lampion x1) | Sandy Speech (Sandpile x1, Table (any) x1, Tabletop Mic x1) | Muddy Playtime (Windup Inkay x1, Towel Rack x1, Floating Logs x1, Muddy Water x2)",All day,All weather,Search,Humid,"Lots of water, Lots of dirt, Watching stuff, Soft stuff, Slender objects, Bitter flavors",Underwater capable,Whiskers Pokémon,Expansion Pass (Bubbly Basin DLC) required; befriend by building habitat: Sandy speech (Common); Ocean rest spot (Common); Muddy playtime (Common),https://www.serebii.net/pokemonpokopia/pokedex/barboach.shtml | https://bulbapedia.bulbagarden.net/wiki/List_of_Pok%C3%A9mon_by_Pok%C3%A9dex_(Basin)_number_in_Pok%C3%A9mon_Pokopia
Basin #020,Basin,20,340,Whiscash,Whiscash,,Whiscash,Water,Ground,Withered Wastelands; Bleak Beach; Rocky Ridges; Sparkling Skylands; Palette Town; Cloud Island; Bubbly Basin,Gorgeous Sleeping Area,"Withered Wastelands, Bleak Beach, Rocky Ridges, Sparkling Skylands, Palette Town, Cloud Island, Bubbly Basin",Rare,Morning/Day/Evening/Night,Sun/Cloud/Rain,"Gorgeous Sleeping Area (Ornate Partition x1, Ornate Bed x1, Ornate Stand x1)",All day,All weather,"Search, Bulldoze",Humid,"Lots of water, Lots of dirt, Watching stuff, Soft stuff, Wobbly stuff, Dry flavors",Underwater capable,Whiskers Pokémon,Expansion Pass (Bubbly Basin DLC) required; befriend by building habitat: Gorgeous Sleeping Area (Rare),https://www.serebii.net/pokemonpokopia/pokedex/whiscash.shtml | https://bulbapedia.bulbagarden.net/wiki/List_of_Pok%C3%A9mon_by_Pok%C3%A9dex_(Basin)_number_in_Pok%C3%A9mon_Pokopia
Basin #021,Basin,21,341,Corphish,Corphish,,Corphish,Water,,Withered Wastelands; Bleak Beach; Rocky Ridges; Sparkling Skylands; Palette Town; Cloud Island; Bubbly Basin,Sandy basin tall grass | Sandy digging spot,"Withered Wastelands, Bleak Beach, Rocky Ridges, Sparkling Skylands, Palette Town, Cloud Island, Bubbly Basin | Withered Wastelands, Bleak Beach, Rocky Ridges, Sparkling Skylands, Palette Town, Cloud Island, Bubbly Basin",Common | Common,Morning/Day/Evening/Night | Morning/Day/Evening/Night,Sun/Cloud/Rain | Sun/Cloud/Rain,"Sandy Basin Tall Grass (Sandpile x1, Seabed Tall Grass x4) | Sandy Digging Spot (Sandpile x1, Sand Toys x1)",All day,All weather,Build,Humid,"Lots of water, Construction, Exercise, Lots of nature, Play spaces, Bitter flavors",Underwater capable,Ruffian Pokémon,Expansion Pass (Bubbly Basin DLC) required; befriend by building habitat: Sandy basin tall grass (Common); Sandy digging spot (Common),https://www.serebii.net/pokemonpokopia/pokedex/corphish.shtml | https://bulbapedia.bulbagarden.net/wiki/List_of_Pok%C3%A9mon_by_Pok%C3%A9dex_(Basin)_number_in_Pok%C3%A9mon_Pokopia
Basin #022,Basin,22,342,Crawdaunt,Crawdaunt,,Crawdaunt,Water,Dark,Withered Wastelands; Bleak Beach; Rocky Ridges; Sparkling Skylands; Palette Town; Cloud Island; Bubbly Basin,Sandy digging spot,"Withered Wastelands, Bleak Beach, Rocky Ridges, Sparkling Skylands, Palette Town, Cloud Island, Bubbly Basin",Rare,Morning/Day/Evening/Night,Sun/Cloud/Rain,"Sandy Digging Spot (Sandpile x1, Sand Toys x1)",All day,All weather,"Build, Crush",Humid,"Lots of water, Construction, Exercise, Healing, Luxury, Spicy flavors",Underwater capable,Rogue Pokémon,Expansion Pass (Bubbly Basin DLC) required; befriend by building habitat: Sandy digging spot (Rare),https://www.serebii.net/pokemonpokopia/pokedex/crawdaunt.shtml | https://bulbapedia.bulbagarden.net/wiki/List_of_Pok%C3%A9mon_by_Pok%C3%A9dex_(Basin)_number_in_Pok%C3%A9mon_Pokopia
Basin #023,Basin,23,370,Luvdisc,Luvdisc,,Luvdisc,Water,,Withered Wastelands; Bleak Beach; Rocky Ridges; Sparkling Skylands; Palette Town; Cloud Island; Bubbly Basin,Swaying flower bed and coral | Treasure chest and sparkling jewels | Fluffy relaxation,"Withered Wastelands, Bleak Beach, Rocky Ridges, Sparkling Skylands, Palette Town, Cloud Island, Bubbly Basin | Withered Wastelands, Bleak Beach, Rocky Ridges, Sparkling Skylands, Palette Town, Cloud Island, Bubbly Basin | Withered Wastelands, Bleak Beach, Rocky Ridges, Sparkling Skylands, Palette Town, Cloud Island, Bubbly Basin",Common | Common | Common,Morning/Day/Evening/Night | Morning/Day/Evening/Night | Morning/Day/Evening/Night,Sun/Cloud/Rain | Sun/Cloud/Rain | Sun/Cloud/Rain,"Treasure Chest & Sparkling Jewels (Big Treasure Chest x1, Sparkling Jewelry x1, Lantern (lit) x1) | Swaying Flower Bed & Coral (Colorful Corals x1, Seabed Flowers x4) | Fluffy Relaxation (Cushion Bed x1, Lighting (any) x1, Doll (any) x1)",All day,All weather,Hype,Warm,"Lots of water, Cute stuff, Healing, Group activities, Play spaces, Sweet Flavors",Underwater capable,Rendezvous Pokémon,Expansion Pass (Bubbly Basin DLC) required; befriend by building habitat: Swaying flower bed and coral (Common); Treasure chest and sparkling jewels (Common); Fluffy relaxation (Common),https://www.serebii.net/pokemonpokopia/pokedex/luvdisc.shtml | https://bulbapedia.bulbagarden.net/wiki/List_of_Pok%C3%A9mon_by_Pok%C3%A9dex_(Basin)_number_in_Pok%C3%A9mon_Pokopia
Basin #024,Basin,24,418,Buizel,Buizel,,Buizel,Water,,Withered Wastelands; Bleak Beach; Rocky Ridges; Sparkling Skylands; Palette Town; Cloud Island; Bubbly Basin,Basin tall grass | Smoothie-making spot,"Withered Wastelands, Bleak Beach, Rocky Ridges, Sparkling Skylands, Palette Town, Cloud Island, Bubbly Basin | Withered Wastelands, Bleak Beach, Rocky Ridges, Sparkling Skylands, Palette Town, Cloud Island, Bubbly Basin",Rare | Common,Morning/Day/Evening/Night | Morning/Day/Evening/Night,Sun/Cloud/Rain | Sun/Cloud/Rain,"Smoothie-Making Spot (Blender x1, Plated Food x1, Table (any) x1) | Basin Tall Grass (Seabed Tall Grass x4)",All day,All weather,"Chop, Trade",Bright,"Lots of water, Soft stuff, Spinning stuff, Play spaces, Group activities, Dry flavors",Underwater capable,Sea Weasel Pokémon,Expansion Pass (Bubbly Basin DLC) required; befriend by building habitat: Basin tall grass (Rare); Smoothie-making spot (Common),https://www.serebii.net/pokemonpokopia/pokedex/buizel.shtml | https://bulbapedia.bulbagarden.net/wiki/List_of_Pok%C3%A9mon_by_Pok%C3%A9dex_(Basin)_number_in_Pok%C3%A9mon_Pokopia
Basin #025,Basin,25,419,Floatzel,Floatzel,,Floatzel,Water,,Cloud Island; Bubbly Basin,Marine shop,"Cloud Island, Bubbly Basin",Common,Morning/Day/Evening/Night,Sun/Cloud/Rain,"Marine Shop (Cash Register (lit) x1, Table (any) x2, Water x1)",All day,All weather,"Trade, Build",Bright,"Lots of water, Soft stuff, Spinning stuff, Healing, Cleanliness, Spicy flavors",Underwater capable,Sea Weasel Pokémon,Expansion Pass (Bubbly Basin DLC) required; befriend by building habitat: Marine shop (Common),https://www.serebii.net/pokemonpokopia/pokedex/floatzel.shtml | https://bulbapedia.bulbagarden.net/wiki/List_of_Pok%C3%A9mon_by_Pok%C3%A9dex_(Basin)_number_in_Pok%C3%A9mon_Pokopia
Basin #026,Basin,26,456,Finneon,Finneon,,Finneon,Water,,Withered Wastelands; Bleak Beach; Rocky Ridges; Sparkling Skylands; Palette Town; Cloud Island; Bubbly Basin,Swaying flower bed | Marine mossy rest spot,"Withered Wastelands, Bleak Beach, Rocky Ridges, Sparkling Skylands, Palette Town, Cloud Island, Bubbly Basin | Withered Wastelands, Bleak Beach, Rocky Ridges, Sparkling Skylands, Palette Town, Cloud Island, Bubbly Basin",Rare | Common,Morning/Day/Evening/Night | Morning/Day/Evening/Night,Sun/Cloud/Rain | Sun/Cloud/Rain,Marine Mossy Rest Spot (Sea Moss x4) | Swaying Flower Bed (Seabed Flowers x4),All day,All weather,Hype,Bright,"Lots of water, Colorful stuff, Shiny stuff, Glass stuff, Fabric, Sour Flavors",Underwater capable,Wing Fish Pokémon,Expansion Pass (Bubbly Basin DLC) required; befriend by building habitat: Swaying flower bed (Rare); Marine mossy rest spot (Common),https://www.serebii.net/pokemonpokopia/pokedex/finneon.shtml | https://bulbapedia.bulbagarden.net/wiki/List_of_Pok%C3%A9mon_by_Pok%C3%A9dex_(Basin)_number_in_Pok%C3%A9mon_Pokopia
Basin #027,Basin,27,457,Lumineon,Lumineon,,Lumineon,Water,,Withered Wastelands; Bleak Beach; Rocky Ridges; Sparkling Skylands; Palette Town; Cloud Island; Bubbly Basin,Swaying flower bed and seaweed | Marine mossy rest spot,"Withered Wastelands, Bleak Beach, Rocky Ridges, Sparkling Skylands, Palette Town, Cloud Island, Bubbly Basin | Withered Wastelands, Bleak Beach, Rocky Ridges, Sparkling Skylands, Palette Town, Cloud Island, Bubbly Basin",Rare | Rare,Morning/Day/Evening/Night | Morning/Day/Evening/Night,Sun/Cloud/Rain | Sun/Cloud/Rain,"Swaying Flower Bed & Seaweed (Chinmey Rocks x1, Seabed Flowers x4, Lush Seaweed x2) | Marine Mossy Rest Spot (Sea Moss x4)",All day,All weather,"Hype, Water",Dark,"Lots of water, Colorful stuff, Shiny stuff, Glass stuff, Group activities, Dry flavors",Underwater capable,Neon Pokémon,Expansion Pass (Bubbly Basin DLC) required; befriend by building habitat: Swaying flower bed and seaweed (Rare); Marine mossy rest spot (Rare),https://www.serebii.net/pokemonpokopia/pokedex/lumineon.shtml | https://bulbapedia.bulbagarden.net/wiki/List_of_Pok%C3%A9mon_by_Pok%C3%A9dex_(Basin)_number_in_Pok%C3%A9mon_Pokopia
Basin #028,Basin,28,592,Frillish (Male),Frillish,Male,Frillish Male Form,Water,Ghost,Withered Wastelands; Bleak Beach; Rocky Ridges; Sparkling Skylands; Palette Town; Cloud Island; Bubbly Basin,Playing sailor | Ocean treasures,"Withered Wastelands, Bleak Beach, Rocky Ridges, Sparkling Skylands, Palette Town, Cloud Island, Bubbly Basin | Withered Wastelands, Bleak Beach, Rocky Ridges, Sparkling Skylands, Palette Town, Cloud Island, Bubbly Basin",Common | Common,Morning/Day/Evening/Night | Morning/Day/Evening/Night,Sun/Cloud/Rain | Sun/Cloud/Rain,"Ocean Treasures (Marine Chest x1, Bottled Ship x1, Sparkling Jewelry x1) | Playing Sailor (Big Treasure Chest x1, Ship's Wheel x1, Wooden Crate x1, Bottled Ship x1)",All day,All weather,"Search, Burn",Dark,"Lots of water, Spooky stuff, Ocean vibes, Watching stuff, Fabric, Sweet Flavors",Underwater capable,Floating Pokémon,Expansion Pass (Bubbly Basin DLC) required; befriend by building habitat: Playing sailor (Common); Ocean treasures (Common),https://www.serebii.net/pokemonpokopia/pokedex/frillishmaleform.shtml | https://bulbapedia.bulbagarden.net/wiki/List_of_Pok%C3%A9mon_by_Pok%C3%A9dex_(Basin)_number_in_Pok%C3%A9mon_Pokopia
Basin #029,Basin,29,593,Jellicent (Male),Jellicent,Male,Jellicent Male Form,Water,Ghost,Withered Wastelands; Bleak Beach; Rocky Ridges; Sparkling Skylands; Palette Town; Cloud Island; Bubbly Basin,Marine teatime,"Withered Wastelands, Bleak Beach, Rocky Ridges, Sparkling Skylands, Palette Town, Cloud Island, Bubbly Basin",Rare,Morning/Day/Evening/Night,Sun/Cloud/Rain,"Maritime Teatime (Chic Table x1, Chic Chair x2, Push Cart x1, Tea Set (any) x1, Bottle Ship x1)",All day,All weather,"Search, Burn",Dark,"Lots of water, Spooky stuff, Ocean vibes, Rides, Luxury, Sour Flavors",Underwater capable,Floating Pokémon,Expansion Pass (Bubbly Basin DLC) required; befriend by building habitat: Marine teatime (Rare),https://www.serebii.net/pokemonpokopia/pokedex/jellicentmaleform.shtml | https://bulbapedia.bulbagarden.net/wiki/List_of_Pok%C3%A9mon_by_Pok%C3%A9dex_(Basin)_number_in_Pok%C3%A9mon_Pokopia
Basin #030,Basin,30,594,Alomomola,Alomomola,,Alomomola,Water,,Withered Wastelands; Bleak Beach; Rocky Ridges; Sparkling Skylands; Palette Town; Cloud Island; Bubbly Basin,Ocean treasures,"Withered Wastelands, Bleak Beach, Rocky Ridges, Sparkling Skylands, Palette Town, Cloud Island, Bubbly Basin",Rare,Morning/Day/Evening/Night,Sun/Cloud/Rain,"Ocean Treasures (Marine Chest x1, Bottled Ship x1, Sparkling Jewelry x1)",All day,All weather,"Water, Scrub",Warm,"Lots of water, Cute stuff, Healing, Colorful stuff, Cleanliness, Sour Flavors",Underwater capable,Caring Pokémon,Expansion Pass (Bubbly Basin DLC) required; befriend by building habitat: Ocean treasures (Rare),https://www.serebii.net/pokemonpokopia/pokedex/alomomola.shtml | https://bulbapedia.bulbagarden.net/wiki/List_of_Pok%C3%A9mon_by_Pok%C3%A9dex_(Basin)_number_in_Pok%C3%A9mon_Pokopia
Basin #031,Basin,31,618,Stunfisk,Stunfisk,,Stunfisk,Ground,Electric,Withered Wastelands; Bleak Beach; Rocky Ridges; Sparkling Skylands; Palette Town; Cloud Island; Bubbly Basin,Swaying flower bed | Seaweed and netting,"Withered Wastelands, Bleak Beach, Rocky Ridges, Sparkling Skylands, Palette Town, Cloud Island, Bubbly Basin | Withered Wastelands, Bleak Beach, Rocky Ridges, Sparkling Skylands, Palette Town, Cloud Island, Bubbly Basin",Common | Rare,Morning/Day/Evening/Night | Morning/Day/Evening/Night,Sun/Cloud/Rain | Sun/Cloud/Rain,"Swaying Flower Bed (Seabed Flowers x4) | Seaweed & Netting (Netting x4, Lush Seaweed x2)",All day,All weather,"Generate, Bulldoze",Humid,"Lots of dirt, Electronics, Blocky stuff, Soft stuff, Watching stuff, Dry flavors",Underwater capable,Trap Pokémon,Expansion Pass (Bubbly Basin DLC) required; befriend by building habitat: Swaying flower bed (Common); Seaweed and netting (Rare),https://www.serebii.net/pokemonpokopia/pokedex/stunfisk.shtml | https://bulbapedia.bulbagarden.net/wiki/List_of_Pok%C3%A9mon_by_Pok%C3%A9dex_(Basin)_number_in_Pok%C3%A9mon_Pokopia
Basin #032,Basin,32,686,Inkay,Inkay,,Inkay,Dark,Psychic,Withered Wastelands; Bleak Beach; Rocky Ridges; Sparkling Skylands; Palette Town; Cloud Island; Bubbly Basin,Muddy playtime,"Withered Wastelands, Bleak Beach, Rocky Ridges, Sparkling Skylands, Palette Town, Cloud Island, Bubbly Basin",Rare,Morning/Day/Evening/Night,Sun/Cloud/Rain,"Muddy Playtime (Windup Inkay x1, Towel Rack x1, Floating Logs x1, Muddy Water x2)",All day,All weather,"Gather, Teleport",Dark,"Complicated stuff, Strange stuff, Colorful stuff, Spinning stuff, Noisy stuff, Sweet Flavors",Underwater capable,Revolving Pokémon,Expansion Pass (Bubbly Basin DLC) required; befriend by building habitat: Muddy playtime (Rare),https://www.serebii.net/pokemonpokopia/pokedex/inkay.shtml | https://bulbapedia.bulbagarden.net/wiki/List_of_Pok%C3%A9mon_by_Pok%C3%A9dex_(Basin)_number_in_Pok%C3%A9mon_Pokopia
Basin #033,Basin,33,687,Malamar,Malamar,,Malamar,Dark,Psychic,Withered Wastelands; Bleak Beach; Rocky Ridges; Sparkling Skylands; Palette Town; Cloud Island; Bubbly Basin,Topsy-turvy,"Withered Wastelands, Bleak Beach, Rocky Ridges, Sparkling Skylands, Palette Town, Cloud Island, Bubbly Basin",Rare,Morning/Day/Evening/Night,Sun/Cloud/Rain,Topsy-Turvy (Lampion x3),All day,All weather,"Gather, Teleport",Bright,"Complicated stuff, Strange stuff, Colorful stuff, Spooky stuff, Letters and words, Sour Flavors",Underwater capable,Overturning Pokémon,Expansion Pass (Bubbly Basin DLC) required; befriend by building habitat: Topsy-turvy (Rare),https://www.serebii.net/pokemonpokopia/pokedex/malamar.shtml | https://bulbapedia.bulbagarden.net/wiki/List_of_Pok%C3%A9mon_by_Pok%C3%A9dex_(Basin)_number_in_Pok%C3%A9mon_Pokopia
Basin #034,Basin,34,728,Popplio,Popplio,,Popplio,Water,,Withered Wastelands; Bleak Beach; Rocky Ridges; Sparkling Skylands; Palette Town; Cloud Island; Bubbly Basin,Swaying flower bed | Bubbly stage,"Withered Wastelands, Bleak Beach, Rocky Ridges, Sparkling Skylands, Palette Town, Cloud Island, Bubbly Basin | Withered Wastelands, Bleak Beach, Rocky Ridges, Sparkling Skylands, Palette Town, Cloud Island, Bubbly Basin",Common | Common,Morning/Day/Evening/Night | Morning/Day/Evening/Night,Sun/Cloud/Rain | Sun/Cloud/Rain,"Bubbly Stage (Small Stage (lit) x1, Bubble Machine (lit) x2) | Swaying Flower Bed (Seabed Flowers x4)",All day,All weather,"Hype, Water",Bright,"Lots of water, Play spaces, Cute stuff, Round stuff, Shiny stuff, Sweet Flavors",Underwater capable,Sea Lion Pokémon,Expansion Pass (Bubbly Basin DLC) required; befriend by building habitat: Swaying flower bed (Common); Bubbly stage (Common),https://www.serebii.net/pokemonpokopia/pokedex/popplio.shtml | https://bulbapedia.bulbagarden.net/wiki/List_of_Pok%C3%A9mon_by_Pok%C3%A9dex_(Basin)_number_in_Pok%C3%A9mon_Pokopia
Basin #035,Basin,35,729,Brionne,Brionne,,Brionne,Water,,Withered Wastelands; Bleak Beach; Rocky Ridges; Sparkling Skylands; Palette Town; Cloud Island; Bubbly Basin,Bubbly stage,"Withered Wastelands, Bleak Beach, Rocky Ridges, Sparkling Skylands, Palette Town, Cloud Island, Bubbly Basin",Rare,Morning/Day/Evening/Night,Sun/Cloud/Rain,"Bubbly Stage (Small Stage (lit) x1, Bubble Machine (lit) x2)",All day,All weather,"Hype, Trade",Bright,"Lots of water, Play spaces, Group activities, Noisy stuff, Cleanliness, Sweet Flavors",Underwater capable,Pop Star Pokémon,Expansion Pass (Bubbly Basin DLC) required; befriend by building habitat: Bubbly stage (Rare),https://www.serebii.net/pokemonpokopia/pokedex/brionne.shtml | https://bulbapedia.bulbagarden.net/wiki/List_of_Pok%C3%A9mon_by_Pok%C3%A9dex_(Basin)_number_in_Pok%C3%A9mon_Pokopia
Basin #036,Basin,36,730,Primarina,Primarina,,Primarina,Water,Fairy,Withered Wastelands; Bleak Beach; Rocky Ridges; Sparkling Skylands; Palette Town; Cloud Island; Bubbly Basin,Elegant concert,"Withered Wastelands, Bleak Beach, Rocky Ridges, Sparkling Skylands, Palette Town, Cloud Island, Bubbly Basin",Rare,Morning/Day/Evening/Night,Sun/Cloud/Rain,"Elegant Concert (Harp x1, Marine Chair x1, Shell Lamp (lit) x2)",All day,All weather,"Hype, Scrub",Bright,"Lots of water, Play spaces, Cute stuff, Noisy stuff, Cleanliness, Sour Flavors",Underwater capable,Soloist Pokémon,Expansion Pass (Bubbly Basin DLC) required; befriend by building habitat: Elegant concert (Rare),https://www.serebii.net/pokemonpokopia/pokedex/primarina.shtml | https://bulbapedia.bulbagarden.net/wiki/List_of_Pok%C3%A9mon_by_Pok%C3%A9dex_(Basin)_number_in_Pok%C3%A9mon_Pokopia
Basin #037,Basin,37,747,Mareanie,Mareanie,,Mareanie,Poison,Water,Withered Wastelands; Bleak Beach; Rocky Ridges; Sparkling Skylands; Palette Town; Cloud Island; Bubbly Basin,Swaying flower bed and coral,"Withered Wastelands, Bleak Beach, Rocky Ridges, Sparkling Skylands, Palette Town, Cloud Island, Bubbly Basin",Common,Morning/Day/Evening/Night,Sun/Cloud/Rain,"Swaying Flower Bed & Coral (Colorful Corals x1, Seabed Flowers x4)",All day,All weather,Recycle,Warm,"Garbage, Lots of water, Sharp stuff, Colorful stuff, Shiny stuff, Bitter flavors",Underwater capable,Brutal Star Pokémon,Expansion Pass (Bubbly Basin DLC) required; befriend by building habitat: Swaying flower bed and coral (Common),https://www.serebii.net/pokemonpokopia/pokedex/mareanie.shtml | https://bulbapedia.bulbagarden.net/wiki/List_of_Pok%C3%A9mon_by_Pok%C3%A9dex_(Basin)_number_in_Pok%C3%A9mon_Pokopia
Basin #038,Basin,38,748,Toxapex,Toxapex,,Toxapex,Poison,Water,Withered Wastelands; Bleak Beach; Rocky Ridges; Sparkling Skylands; Palette Town; Cloud Island; Bubbly Basin,Treasure chest and sparkling jewels,"Withered Wastelands, Bleak Beach, Rocky Ridges, Sparkling Skylands, Palette Town, Cloud Island, Bubbly Basin",Rare,Morning/Day/Evening/Night,Sun/Cloud/Rain,"Treasure Chest & Sparkling Jewels (Big Treasure Chest x1, Sparkling Jewelry x1, Lantern (lit) x1)",All day,All weather,"Recycle, Build",Warm,"Garbage, Lots of water, Sharp stuff, Colorful stuff, Containers, Dry flavors",Underwater capable,Brutal Star Pokémon,Expansion Pass (Bubbly Basin DLC) required; befriend by building habitat: Treasure chest and sparkling jewels (Rare),https://www.serebii.net/pokemonpokopia/pokedex/toxapex.shtml | https://bulbapedia.bulbagarden.net/wiki/List_of_Pok%C3%A9mon_by_Pok%C3%A9dex_(Basin)_number_in_Pok%C3%A9mon_Pokopia
Basin #039,Basin,39,767,Wimpod,Wimpod,,Wimpod,Bug,Water,Withered Wastelands; Bleak Beach; Rocky Ridges; Sparkling Skylands; Palette Town; Cloud Island; Bubbly Basin,Discarded treasure,"Withered Wastelands, Bleak Beach, Rocky Ridges, Sparkling Skylands, Palette Town, Cloud Island, Bubbly Basin",Common,Morning/Day/Evening/Night,Sun/Cloud/Rain,"Discarded Treasure (Big Treasure Chest x1, Waste Bin (any), Garbage Bags x1)",All day,All weather,Recycle,Dark,"Lots of nature, Lots of water, Group activities, Garbage, Ocean vibes, Bitter flavors",Underwater capable,Turn Tail Pokémon,Expansion Pass (Bubbly Basin DLC) required; befriend by building habitat: Discarded treasure (Common),https://www.serebii.net/pokemonpokopia/pokedex/wimpod.shtml | https://bulbapedia.bulbagarden.net/wiki/List_of_Pok%C3%A9mon_by_Pok%C3%A9dex_(Basin)_number_in_Pok%C3%A9mon_Pokopia
Basin #040,Basin,40,768,Golisopod,Golisopod,,Golisopod,Bug,Water,Withered Wastelands; Bleak Beach; Rocky Ridges; Sparkling Skylands; Palette Town; Cloud Island; Bubbly Basin,Swaying flower bed and coral | Discarded treasure,"Withered Wastelands, Bleak Beach, Rocky Ridges, Sparkling Skylands, Palette Town, Cloud Island, Bubbly Basin | Withered Wastelands, Bleak Beach, Rocky Ridges, Sparkling Skylands, Palette Town, Cloud Island, Bubbly Basin",Very Rare | Rare,Morning/Day/Evening/Night | Morning/Day/Evening/Night,Sun/Cloud/Rain | Sun/Cloud/Rain,"Discarded Treasure (Big Treasure Chest x1, Waste Bin (any), Garbage Bags x1) | Swaying Flower Bed & Coral (Colorful Corals x1, Seabed Flowers x4)",All day,All weather,"Recycle, Chop",Dark,"Lots of nature, Lots of water, Healing, Exercise, Luxury, Dry flavors",Underwater capable,Hard Scale Pokémon,Expansion Pass (Bubbly Basin DLC) required; befriend by building habitat: Swaying flower bed and coral (Very Rare); Discarded treasure (Rare),https://www.serebii.net/pokemonpokopia/pokedex/golisopod.shtml | https://bulbapedia.bulbagarden.net/wiki/List_of_Pok%C3%A9mon_by_Pok%C3%A9dex_(Basin)_number_in_Pok%C3%A9mon_Pokopia
Basin #041,Basin,41,779,Bruxish,Bruxish,,Bruxish,Water,Psychic,Withered Wastelands; Bleak Beach; Rocky Ridges; Sparkling Skylands; Palette Town; Cloud Island; Bubbly Basin,Molten mossy rest spot,"Withered Wastelands, Bleak Beach, Rocky Ridges, Sparkling Skylands, Palette Town, Cloud Island, Bubbly Basin",Common,Morning/Day/Evening/Night,Sun/Cloud/Rain,"Molten Mossy Rest Spot (Molten Rock x1, Sea Moss x4)",All day,All weather,"Gather, Teleport",Warm,"Lots of water, Strange stuff, Colorful stuff, Hard stuff, Watching stuff, Sour Flavors",Underwater capable,Gnash Teeth Pokémon,Expansion Pass (Bubbly Basin DLC) required; befriend by building habitat: Molten mossy rest spot (Common),https://www.serebii.net/pokemonpokopia/pokedex/bruxish.shtml | https://bulbapedia.bulbagarden.net/wiki/List_of_Pok%C3%A9mon_by_Pok%C3%A9dex_(Basin)_number_in_Pok%C3%A9mon_Pokopia
Basin #042,Basin,42,781,Dhelmise,Dhelmise,,Dhelmise,Ghost,Grass,Withered Wastelands; Bleak Beach; Rocky Ridges; Sparkling Skylands; Palette Town; Cloud Island; Bubbly Basin,Playing sailor,"Withered Wastelands, Bleak Beach, Rocky Ridges, Sparkling Skylands, Palette Town, Cloud Island, Bubbly Basin",Rare,Morning/Day/Evening/Night,Sun/Cloud/Rain,"Playing Sailor (Big Treasure Chest x1, Ship's Wheel x1, Wooden Crate x1, Bottled Ship x1)",All day,All weather,"Grow, Litter",Dark,"Spooky stuff, Lots of nature, Wobbly stuff, Symbols, Ocean vibes, Bitter flavors",Underwater capable,Sea Creeper Pokémon,Expansion Pass (Bubbly Basin DLC) required; befriend by building habitat: Playing sailor (Rare),https://www.serebii.net/pokemonpokopia/pokedex/dhelmise.shtml | https://bulbapedia.bulbagarden.net/wiki/List_of_Pok%C3%A9mon_by_Pok%C3%A9dex_(Basin)_number_in_Pok%C3%A9mon_Pokopia
Basin #043,Basin,43,833,Chewtle,Chewtle,,Chewtle,Water,,Withered Wastelands; Bleak Beach; Rocky Ridges; Sparkling Skylands; Palette Town; Cloud Island; Bubbly Basin,Smoothie-making spot,"Withered Wastelands, Bleak Beach, Rocky Ridges, Sparkling Skylands, Palette Town, Cloud Island, Bubbly Basin",Common,Morning/Day/Evening,Sun/Cloud/Rain,"Smoothie-Making Spot (Blender x1, Plated Food x1, Table (any) x1)","Morning, Daytime, Evening",,Chop,Bright,"Lots of water, Hard stuff, Round stuff, Lots of nature, Fabric, Sweet Flavors",Underwater capable,Snapping Pokémon,Expansion Pass (Bubbly Basin DLC) required; befriend by building habitat: Smoothie-making spot (Common). Restrictions: Smoothie-making spot [time: Morning/Day/Evening],https://www.serebii.net/pokemonpokopia/pokedex/chewtle.shtml | https://bulbapedia.bulbagarden.net/wiki/List_of_Pok%C3%A9mon_by_Pok%C3%A9dex_(Basin)_number_in_Pok%C3%A9mon_Pokopia
Basin #044,Basin,44,834,Drednaw,Drednaw,,Drednaw,Water,Rock,Withered Wastelands; Bleak Beach; Rocky Ridges; Sparkling Skylands; Palette Town; Cloud Island; Bubbly Basin,Canoe dock,"Withered Wastelands, Bleak Beach, Rocky Ridges, Sparkling Skylands, Palette Town, Cloud Island, Bubbly Basin",Common,Morning/Day/Evening,Sun/Cloud/Rain,"Canoe Dock (Canoe x1, Floating Logs x2, Water x2)","Morning, Daytime, Evening",,"Chop, Bulldoze",Bright,"Lots of water, Hard stuff, Round stuff, Stone stuff, Exercise, Sour Flavors",Underwater capable,Bite Pokémon,Expansion Pass (Bubbly Basin DLC) required; befriend by building habitat: Canoe dock (Common). Restrictions: Canoe dock [time: Morning/Day/Evening],https://www.serebii.net/pokemonpokopia/pokedex/drednaw.shtml | https://bulbapedia.bulbagarden.net/wiki/List_of_Pok%C3%A9mon_by_Pok%C3%A9dex_(Basin)_number_in_Pok%C3%A9mon_Pokopia
Basin #045,Basin,45,871,Pincurchin,Pincurchin,,Pincurchin,Electric,,Withered Wastelands; Bleak Beach; Rocky Ridges; Sparkling Skylands; Palette Town; Cloud Island; Bubbly Basin,Creepy chimney rocks,"Withered Wastelands, Bleak Beach, Rocky Ridges, Sparkling Skylands, Palette Town, Cloud Island, Bubbly Basin",Common,Morning/Day/Evening/Night,Sun/Cloud/Rain,"Creepy Chimney Rocks (Chimney Rocks x1, Sea Moss x4, Barrel x1, Lantern (lit) x1)",All day,All weather,Generate,Humid,"Electronics, Round stuff, Sharp stuff, Watching stuff, Ocean vibes, Bitter flavors",Underwater capable,Sea Urchin Pokémon,Expansion Pass (Bubbly Basin DLC) required; befriend by building habitat: Creepy chimney rocks (Common),https://www.serebii.net/pokemonpokopia/pokedex/pincurchin.shtml | https://bulbapedia.bulbagarden.net/wiki/List_of_Pok%C3%A9mon_by_Pok%C3%A9dex_(Basin)_number_in_Pok%C3%A9mon_Pokopia
Basin #046,Basin,46,960,Wiglett,Wiglett,,Wiglett,Water,,Withered Wastelands; Bleak Beach; Rocky Ridges; Sparkling Skylands; Palette Town; Cloud Island; Bubbly Basin,Sandy speech,"Withered Wastelands, Bleak Beach, Rocky Ridges, Sparkling Skylands, Palette Town, Cloud Island, Bubbly Basin",Common,Morning/Day/Evening/Night,Sun/Cloud/Rain,"Sandy Speech (Sandpile x1, Table (any) x1, Tabletop Mic x1)",All day,All weather,Bulldoze,Humid,"Lots of water, Gatherings, Slender objects, Group activities, Lots of dirt, Dry flavors",Underwater capable,Garden Eel Pokémon,Expansion Pass (Bubbly Basin DLC) required; befriend by building habitat: Sandy speech (Common),https://www.serebii.net/pokemonpokopia/pokedex/wiglett.shtml | https://bulbapedia.bulbagarden.net/wiki/List_of_Pok%C3%A9mon_by_Pok%C3%A9dex_(Basin)_number_in_Pok%C3%A9mon_Pokopia
Basin #047,Basin,47,961,Wugtrio,Wugtrio,,Wugtrio,Water,,Withered Wastelands; Bleak Beach; Rocky Ridges; Sparkling Skylands; Palette Town; Cloud Island; Bubbly Basin,Glowing stage for three,"Withered Wastelands, Bleak Beach, Rocky Ridges, Sparkling Skylands, Palette Town, Cloud Island, Bubbly Basin",Rare,Morning/Day/Evening/Night,Sun/Cloud/Rain,"Glowing Stage For Three (Standing Mic x3, Wireless Power-Transmitter Post (lit) x3)",All day,All weather,"Bulldoze, Search",Humid,"Lots of water, Gatherings, Slender objects, Group activities, Stone stuff, Sweet Flavors",Underwater capable,Garden Eel Pokémon,Expansion Pass (Bubbly Basin DLC) required; befriend by building habitat: Glowing stage for three (Rare),https://www.serebii.net/pokemonpokopia/pokedex/wugtrio.shtml | https://bulbapedia.bulbagarden.net/wiki/List_of_Pok%C3%A9mon_by_Pok%C3%A9dex_(Basin)_number_in_Pok%C3%A9mon_Pokopia
Basin #048,Basin,48,976,Veluza,Veluza,,Veluza,Water,Psychic,Withered Wastelands; Bleak Beach; Rocky Ridges; Sparkling Skylands; Palette Town; Cloud Island; Bubbly Basin,Marine mossy rest spot,"Withered Wastelands, Bleak Beach, Rocky Ridges, Sparkling Skylands, Palette Town, Cloud Island, Bubbly Basin",Common,Morning/Day/Evening,Sun/Cloud/Rain,Marine Mossy Rest Spot (Sea Moss x4),"Morning, Daytime, Evening",,"Gather, Teleport",Cool,"Lots of water, Soft stuff, Sharp stuff, Exercise, Rides, Sweet Flavors",Underwater capable,Jettison Pokémon,Expansion Pass (Bubbly Basin DLC) required; befriend by building habitat: Marine mossy rest spot (Common). Restrictions: Marine mossy rest spot [time: Morning/Day/Evening],https://www.serebii.net/pokemonpokopia/pokedex/veluza.shtml | https://bulbapedia.bulbagarden.net/wiki/List_of_Pok%C3%A9mon_by_Pok%C3%A9dex_(Basin)_number_in_Pok%C3%A9mon_Pokopia
Basin #049,Basin,49,489,Phione,Phione,,Phione,Water,,Dream Islands,,,,,,N/A (found via Starmie Doll),N/A,N/A,Trade,Warm,"Lots of water, Cute stuff, Ocean vibes, Soft stuff, Round stuff, Sour Flavors",Underwater capable,Sea Drifter Pokémon,Expansion Pass (Bubbly Basin DLC) required. Mythical: encountered randomly on a Dream Island unlocked with a Starmie Doll (Game8; Nintendo Life: found via Starmie Doll).,https://www.serebii.net/pokemonpokopia/pokedex/phione.shtml | https://game8.co/games/Pokemon-Pokopia/archives/585161 | https://www.nintendolife.com/guides/pokemon-pokopia-bubbly-basin-pokedex-habitats-new-pokemon
Basin #050,Basin,50,490,Manaphy,Manaphy,,Manaphy,Water,,Bleak Beach; Bubbly Basin,,,,,,N/A (progress story),N/A,N/A,"Trade, Hype",Cool,"Lots of water, Cute stuff, Ocean vibes, Healing, Noisy stuff, Bitter flavors",Underwater capable,Seafaring Pokémon,Expansion Pass (Bubbly Basin DLC) required. Mythical: met after completing the Bleak Beach storyline (teaches Dive); met again after building the Ocean Temple in Bubbly Basin (Game8; Nintendo Life: progress story).,https://www.serebii.net/pokemonpokopia/pokedex/manaphy.shtml | https://game8.co/games/Pokemon-Pokopia/archives/585161 | https://www.nintendolife.com/guides/pokemon-pokopia-bubbly-basin-pokedex-habitats-new-pokemon
Event #001,Event,1,187,Hoppip,Hoppip,,Hoppip,Grass,Flying,Withered Wastelands; Bleak Beach; Rocky Ridges; Sparkling Skylands; Palette Town; Cloud Island,Yellow carpet,"Withered Wastelands, Bleak Beach, Rocky Ridges, Sparkling Skylands, Palette Town, Cloud Island",Common,Morning/Day/Evening/Night,Sun/Cloud/Rain,Yellow carpet - Dandy Flowers x4,All day,All weather,Grow,Bright,"Soft stuff, Lots of nature, Nice breezes, Pretty flowers, Wobbly stuff, Sweet flavors",No,Cottonweed Pokémon,"Event-only (More Spores for Hoppip, March 10-25, 2026); befriend by building habitat: Yellow carpet (Common)",https://www.serebii.net/pokemonpokopia/pokedex/hoppip.shtml | https://bulbapedia.bulbagarden.net/wiki/List_of_Pok%C3%A9mon_by_Pok%C3%A9dex_(Event)_number_in_Pok%C3%A9mon_Pokopia
Event #002,Event,2,188,Skiploom,Skiploom,,Skiploom,Grass,Flying,Withered Wastelands; Bleak Beach; Rocky Ridges; Sparkling Skylands; Palette Town; Cloud Island,Yellow carpet | Field-trip friends,"Withered Wastelands, Bleak Beach, Rocky Ridges, Sparkling Skylands, Palette Town, Cloud Island | Withered Wastelands, Bleak Beach, Rocky Ridges, Sparkling Skylands, Palette Town, Cloud Island",Rare | Common,Morning/Day/Evening/Night | Morning/Day/Evening/Night,Sun/Cloud/Rain | Sun/Cloud/Rain,"Yellow carpet - Dandy Flowers x4

Friend-trip Friends - Flower backpack x1, Lunch box x1, Hoppip Water Bottle x1 (Event only)",All day,All weather,Grow,Bright,"Soft stuff, Lots of nature, Nice breezes, Pretty flowers, Spinning stuff, Dry flavors",No,Cottonweed Pokémon,"Event-only (More Spores for Hoppip, March 10-25, 2026); befriend by building habitat: Yellow carpet (Rare); Field-trip friends (Common)",https://www.serebii.net/pokemonpokopia/pokedex/skiploom.shtml | https://bulbapedia.bulbagarden.net/wiki/List_of_Pok%C3%A9mon_by_Pok%C3%A9dex_(Event)_number_in_Pok%C3%A9mon_Pokopia
Event #003,Event,3,189,Jumpluff,Jumpluff,,Jumpluff,Grass,Flying,Withered Wastelands; Bleak Beach; Rocky Ridges; Sparkling Skylands; Palette Town; Cloud Island,Yellow carpet | Dandelion lunchtime,"Withered Wastelands, Bleak Beach, Rocky Ridges, Sparkling Skylands, Palette Town, Cloud Island | Withered Wastelands, Bleak Beach, Rocky Ridges, Sparkling Skylands, Palette Town, Cloud Island",Very Rare | Rare,Morning/Day/Evening/Night | Morning/Day/Evening/Night,Sun/Cloud/Rain | Sun/Cloud/Rain,"Yellow carpet - Dandy Flowers x4

Dandelion lunchtime - Dandy flowers x1, Lunch box x1, Flower cushion x1, Flowery table setting x1 (Event only)",All day,All weather,"Grow, Litter",Bright,"Soft stuff, Lots of nature, Nice breezes, Pretty flowers, Round stuff, Sour flavors",No,Cottonweed Pokémon,"Event-only (More Spores for Hoppip, March 10-25, 2026); befriend by building habitat: Yellow carpet (Very Rare); Dandelion lunchtime (Rare)",https://www.serebii.net/pokemonpokopia/pokedex/jumpluff.shtml | https://bulbapedia.bulbagarden.net/wiki/List_of_Pok%C3%A9mon_by_Pok%C3%A9dex_(Event)_number_in_Pok%C3%A9mon_Pokopia
Event #004,Event,4,302,Sableye,Sableye,,Sableye,Dark,Ghost,Withered Wastelands; Bleak Beach; Rocky Ridges; Sparkling Skylands; Palette Town; Cloud Island,Treasure-hunting set,"Withered Wastelands, Bleak Beach, Rocky Ridges, Sparkling Skylands, Palette Town, Cloud Island",Common,Morning/Day/Evening/Night,Sun/Cloud/Rain,"Treasure-hunting set - Adventure kit x1, Map and compass x1, Treasure x1 (Event only)",All day,All weather,Search,Dark,"Spooky stuff, Shiny stuff, Luxury, Looks like food, Watching stuff, Sour flavors",No,Darkness Pokémon,"Event-only (Sableye's Gem Hunt, April 29-May 14, 2026); befriend by building habitat: Treasure-hunting set (Common)",https://www.serebii.net/pokemonpokopia/pokedex/sableye.shtml | https://bulbapedia.bulbagarden.net/wiki/List_of_Pok%C3%A9mon_by_Pok%C3%A9dex_(Event)_number_in_Pok%C3%A9mon_Pokopia
Event #005,Event,5,385,Jirachi,Jirachi,,Jirachi,Steel,Psychic,Withered Wastelands; Bleak Beach; Rocky Ridges; Sparkling Skylands; Palette Town; Cloud Island,Surrounded by stars,"Withered Wastelands, Bleak Beach, Rocky Ridges, Sparkling Skylands, Palette Town, Cloud Island",Common,Morning/Day/Evening/Night,Sun/Cloud/Rain,"Surrounded by stars - Star closet x1, Cloud table x1, Starry-sky bed x1, Jirachi lamp x1 (Event only)",All day,All weather,Litter,Bright,"Metal stuff, Strange stuff, Shiny stuff, Watching stuff, Wobbly stuff, Sweet flavors",No,Wish Pokémon,"Event-only (Wish Upon a Jirachi, June 23-July 8, 2026); befriend by building habitat: Surrounded by stars (Common)",https://www.serebii.net/pokemonpokopia/pokedex/jirachi.shtml | https://bulbapedia.bulbagarden.net/wiki/List_of_Pok%C3%A9mon_by_Pok%C3%A9dex_(Event)_number_in_Pok%C3%A9mon_Pokopia
Event #006,Event,6,349,Feebas,Feebas,,Feebas,Water,,Withered Wastelands; Bleak Beach; Rocky Ridges; Sparkling Skylands; Palette Town; Cloud Island; Bubbly Basin,Exciting beach,"Withered Wastelands, Bleak Beach, Rocky Ridges, Sparkling Skylands, Palette Town, Cloud Island, Bubbly Basin",Common,Morning/Day/Evening/Night,Sun/Cloud/Rain,"Exciting Beach - Big Swim Ring x1, Sand Bed x1",All day,All weather,Water,Humid,"Lots of water, Shiny stuff, Glass stuff, Lots of nature, Group activities, Sweet Flavors",Underwater capable,Fish Pokémon,"Event-only (Fetching Scales for Feebas, August 13-28, 2026); befriend by building habitat: Exciting beach (Common)",https://www.serebii.net/pokemonpokopia/pokedex/feebas.shtml | https://bulbapedia.bulbagarden.net/wiki/List_of_Pok%C3%A9mon_by_Pok%C3%A9dex_(Event)_number_in_Pok%C3%A9mon_Pokopia
Event #007,Event,7,350,Milotic,Milotic,,Milotic,Water,,Withered Wastelands; Bleak Beach; Rocky Ridges; Sparkling Skylands; Palette Town; Cloud Island; Bubbly Basin,Marine leisure activities,"Withered Wastelands, Bleak Beach, Rocky Ridges, Sparkling Skylands, Palette Town, Cloud Island, Bubbly Basin",Common,Morning/Day/Evening/Night,Sun/Cloud/Rain,Marine Leisure Activities - Beach Volleyball Set x1 Cooler x1 Swim Ring x1,All day,All weather,"Water, Hype",Humid,"Lots of water, Shiny stuff, Glass stuff, Luxury, Cleanliness, Sour Flavors",Underwater capable,Tender Pokémon,"Event-only (Fetching Scales for Feebas, August 13-28, 2026); befriend by building habitat: Marine leisure activities (Common)",https://www.serebii.net/pokemonpokopia/pokedex/milotic.shtml | https://bulbapedia.bulbagarden.net/wiki/List_of_Pok%C3%A9mon_by_Pok%C3%A9dex_(Event)_number_in_Pok%C3%A9mon_Pokopia
Main #041 (form),Main,41,465,Professor Tangrowth,Tangrowth,Professor Tangrowth,Professor Tangrowth,Grass,,Withered Wastelands; Bleak Beach; Rocky Ridges; Sparkling Skylands; Palette Town; Cloud Island,Professor's treasure trove,"Withered Wastelands, Bleak Beach, Rocky Ridges, Sparkling Skylands, Palette Town, Cloud Island",Common,Morning/Day/Evening/Night,Sun/Cloud/Rain,,,,Appraise,Humid,"Lots of nature, Complicated stuff, Letters and words, Strange stuff, Group Activities, Dry flavors",No,Vine Pokémon,Alternate entry (story NPC variant) sharing Pokédex Main #041 with Tangrowth; befriend by building habitat: Professor's treasure trove (Common),https://www.serebii.net/pokemonpokopia/pokedex/professortangrowth.shtml | https://bulbapedia.bulbagarden.net/wiki/List_of_Pok%C3%A9mon_by_Pok%C3%A9dex_number_in_Pok%C3%A9mon_Pokopia
Main #059 (form),Main,59,422,Shellos East Sea,Shellos,Shellos East Sea,Shellos East Sea,Water,,Withered Wastelands; Bleak Beach; Rocky Ridges; Sparkling Skylands; Palette Town; Cloud Island,Road Sign,"Withered Wastelands, Bleak Beach, Rocky Ridges, Sparkling Skylands, Palette Town, Cloud Island",Common,Morning/Day/Evening/Night,Sun/Cloud/Rain,,,,Water,Humid,"Lots of water, Ocean vibes, Cleanliness, Colorful stuff, Containers, Dry flavors",Underwater capable,Sea Slug Pokémon,Alternate entry (alternate form) sharing Pokédex Main #059 with Shellos; befriend by building habitat: Road Sign (Common),https://www.serebii.net/pokemonpokopia/pokedex/shelloseastsea.shtml | https://bulbapedia.bulbagarden.net/wiki/List_of_Pok%C3%A9mon_by_Pok%C3%A9dex_number_in_Pok%C3%A9mon_Pokopia
Main #060 (form),Main,60,423,Gastrodon East Sea,Gastrodon,Gastrodon East Sea,Gastrodon East Sea,Water,Ground,Withered Wastelands; Bleak Beach; Rocky Ridges; Sparkling Skylands; Palette Town; Cloud Island,Ocean fishing spot,"Withered Wastelands, Bleak Beach, Rocky Ridges, Sparkling Skylands, Palette Town, Cloud Island",Rare,Morning/Day/Evening/Night,Sun/Cloud/Rain,,,,"Water, Trade",Humid,"Lots of water, Lots of dirt, Ocean vibes, Cleanliness, Containers, Dry flavors",Underwater capable,Sea Slug Pokémon,Alternate entry (alternate form) sharing Pokédex Main #060 with Gastrodon; befriend by building habitat: Ocean fishing spot (Rare),https://www.serebii.net/pokemonpokopia/pokedex/gastrodoneastsea.shtml | https://bulbapedia.bulbagarden.net/wiki/List_of_Pok%C3%A9mon_by_Pok%C3%A9dex_number_in_Pok%C3%A9mon_Pokopia
Main #079 (form),Main,79,25,Peakychu,Pikachu,Peakychu,Peakychu,Electric,,Withered Wastelands; Bleak Beach; Rocky Ridges; Sparkling Skylands; Palette Town; Cloud Island,Full recovery,"Withered Wastelands, Bleak Beach, Rocky Ridges, Sparkling Skylands, Palette Town, Cloud Island",Rare,Morning/Day/Evening/Night,Sun/Cloud/Rain,,,,Illuminate,Bright,"Electronics, Glass stuff, Cute stuff, Healing, Letters and words, Sweet flavors",No,Mouse Pokémon,Alternate entry (story NPC variant) sharing Pokédex Main #079 with Pikachu; befriend by building habitat: Full recovery (Rare),https://www.serebii.net/pokemonpokopia/pokedex/peakychu.shtml | https://bulbapedia.bulbagarden.net/wiki/List_of_Pok%C3%A9mon_by_Pok%C3%A9dex_number_in_Pok%C3%A9mon_Pokopia
Main #108 (form),Main,108,143,Mosslax,Snorlax,Mosslax,Mosslax,Normal,,Withered Wastelands; Bleak Beach; Rocky Ridges; Sparkling Skylands; Palette Town; Cloud Island,Gourmet's altar,"Withered Wastelands, Bleak Beach, Rocky Ridges, Sparkling Skylands, Palette Town, Cloud Island",Common,Morning/Day/Evening/Night,Sun/Cloud/Rain,,,,Eat,Bright,"Soft stuff, Fabric, Looks like food, Watching stuff, Strange stuff, Spicy flavors",No,Sleeping Pokémon,Alternate entry (story NPC variant) sharing Pokédex Main #108 with Snorlax; befriend by building habitat: Gourmet's altar (Common),https://www.serebii.net/pokemonpokopia/pokedex/mosslax.shtml | https://bulbapedia.bulbagarden.net/wiki/List_of_Pok%C3%A9mon_by_Pok%C3%A9dex_number_in_Pok%C3%A9mon_Pokopia
Main #145 (form),Main,145,978,Tatsugiri Droopy Form,Tatsugiri,Tatsugiri Droopy Form,Tatsugiri Droopy Form,Dragon,Water,Withered Wastelands; Bleak Beach; Rocky Ridges; Sparkling Skylands; Palette Town; Cloud Island,Beach Set,"Withered Wastelands, Bleak Beach, Rocky Ridges, Sparkling Skylands, Palette Town, Cloud Island",Rare,Morning/Day/Evening/Night,Sun/Cloud/Rain,,,,Trade,Humid,"Lots of water, Ocean vibes, Group Activities, Spinning stuff, Blocky stuff, Sweet flavors",Underwater capable,Mimicry Pokémon,Alternate entry (alternate form) sharing Pokédex Main #145 with Tatsugiri; befriend by building habitat: Beach Set (Rare),https://www.serebii.net/pokemonpokopia/pokedex/tatsugiridroopyform.shtml | https://bulbapedia.bulbagarden.net/wiki/List_of_Pok%C3%A9mon_by_Pok%C3%A9dex_number_in_Pok%C3%A9mon_Pokopia
Main #145 (form),Main,145,978,Tatsugiri Stretchy Form,Tatsugiri,Tatsugiri Stretchy Form,Tatsugiri Stretchy Form,Dragon,Water,Withered Wastelands; Bleak Beach; Rocky Ridges; Sparkling Skylands; Palette Town; Cloud Island,Beach Set,"Withered Wastelands, Bleak Beach, Rocky Ridges, Sparkling Skylands, Palette Town, Cloud Island",Rare,Morning/Day/Evening/Night,Sun/Cloud/Rain,,,,Trade,Humid,"Lots of water, Ocean vibes, Group Activities, Letters and words, Containers, Spicy flavors",Underwater capable,Mimicry Pokémon,Alternate entry (alternate form) sharing Pokédex Main #145 with Tatsugiri; befriend by building habitat: Beach Set (Rare),https://www.serebii.net/pokemonpokopia/pokedex/tatsugiristretchyform.shtml | https://bulbapedia.bulbagarden.net/wiki/List_of_Pok%C3%A9mon_by_Pok%C3%A9dex_number_in_Pok%C3%A9mon_Pokopia
Main #197 (form),Main,197,849,Toxtricity Low Key Form,Toxtricity,Toxtricity Low Key Form,Toxtricity Low Key Form,Electric,Poison,Withered Wastelands; Bleak Beach; Rocky Ridges; Sparkling Skylands; Palette Town; Cloud Island,Low-key rock stage,"Withered Wastelands, Bleak Beach, Rocky Ridges, Sparkling Skylands, Palette Town, Cloud Island",Rare,Morning/Day/Evening/Night,Sun/Cloud/Rain,,,,"Generate, Hype",Humid,"Electronics, Play spaces, Noisy stuff, Slender objects, Sharp stuff, Bitter flavors",No,Punk Pokémon,Alternate entry (alternate form) sharing Pokédex Main #197 with Toxtricity; befriend by building habitat: Low-key rock stage (Rare),https://www.serebii.net/pokemonpokopia/pokedex/toxtricitylowkeyform.shtml | https://bulbapedia.bulbagarden.net/wiki/List_of_Pok%C3%A9mon_by_Pok%C3%A9dex_number_in_Pok%C3%A9mon_Pokopia
Basin #028 (form),Basin,28,592,Frillish Female Form,Frillish,Frillish Female Form,Frillish Female Form,Water,Ghost,Withered Wastelands; Bleak Beach; Rocky Ridges; Sparkling Skylands; Palette Town; Cloud Island; Bubbly Basin,Playing sailor | Ocean treasures,"Withered Wastelands, Bleak Beach, Rocky Ridges, Sparkling Skylands, Palette Town, Cloud Island, Bubbly Basin | Withered Wastelands, Bleak Beach, Rocky Ridges, Sparkling Skylands, Palette Town, Cloud Island, Bubbly Basin",Common | Common,Morning/Day/Evening/Night | Morning/Day/Evening/Night,Sun/Cloud/Rain | Sun/Cloud/Rain,,,,"Search, Burn",Dark,"Lots of water, Spooky stuff, Ocean vibes, Watching stuff, Fabric, Sour Flavors",Underwater capable,Floating Pokémon,Expansion Pass (Bubbly Basin DLC) required. Alternate entry (alternate form) sharing Pokédex Basin #028 with Frillish; befriend by building habitat: Playing sailor (Common); Ocean treasures (Common),https://www.serebii.net/pokemonpokopia/pokedex/frillishfemaleform.shtml | https://bulbapedia.bulbagarden.net/wiki/List_of_Pok%C3%A9mon_by_Pok%C3%A9dex_(Basin)_number_in_Pok%C3%A9mon_Pokopia
Basin #029 (form),Basin,29,593,Jellicent Female Form,Jellicent,Jellicent Female Form,Jellicent Female Form,Water,Ghost,Withered Wastelands; Bleak Beach; Rocky Ridges; Sparkling Skylands; Palette Town; Cloud Island; Bubbly Basin,Marine teatime,"Withered Wastelands, Bleak Beach, Rocky Ridges, Sparkling Skylands, Palette Town, Cloud Island, Bubbly Basin",Rare,Morning/Day/Evening/Night,Sun/Cloud/Rain,,,,"Search, Burn",Dark,"Lots of water, Spooky stuff, Ocean vibes, Rides, Luxury, Spicy flavors",Underwater capable,Floating Pokémon,Expansion Pass (Bubbly Basin DLC) required. Alternate entry (alternate form) sharing Pokédex Basin #029 with Jellicent; befriend by building habitat: Marine teatime (Rare),https://www.serebii.net/pokemonpokopia/pokedex/jellicentfemaleform.shtml | https://bulbapedia.bulbagarden.net/wiki/List_of_Pok%C3%A9mon_by_Pok%C3%A9dex_(Basin)_number_in_Pok%C3%A9mon_Pokopia
